experiment_id,sample_id,domain,method,round_trip,direction,canonical_included,exclusion_reason,execution_route,execution_status,commit_outcome,preservation_violations,rs,critical_failure,input_tokens,output_tokens,total_tokens,latency_ms,failure_stage,failure_label,raw_artifact_id,raw_call_ids,raw_ref
exp_20260713_problem15_official,crystal6,crystal,hybridpatch,1,forward,true,,hybridpatch_protocol_failure_kept_context,degraded,kept_context,,,,9888,3138,13026,21263,model,empty_response,exp_20260713_problem15_official-raw-v1,call000001_28d6fb94,exp_20260713_problem15_official-raw-v1#hybridpatch/crystal6/rt01/forward
exp_20260713_problem15_official,crystal6,crystal,hybridpatch,1,backward,true,,local_patch,success,unchanged,0,0.9999999999999999,false,9814,5014,14828,35851,none,none,exp_20260713_problem15_official-raw-v1,call000002_42e7e0de,exp_20260713_problem15_official-raw-v1#hybridpatch/crystal6/rt01/backward
exp_20260713_problem15_official,crystal6,crystal,hybridpatch,2,forward,false,Missing committed row.,none,missing,missing,,,,,,,,infrastructure,infrastructure_incomplete,exp_20260713_problem15_official-raw-v1,,exp_20260713_problem15_official-raw-v1#hybridpatch/crystal6/rt02/forward
exp_20260713_problem15_official,crystal6,crystal,hybridpatch,2,backward,false,Missing committed row.,none,missing,missing,,,,,,,,infrastructure,infrastructure_incomplete,exp_20260713_problem15_official-raw-v1,,exp_20260713_problem15_official-raw-v1#hybridpatch/crystal6/rt02/backward
exp_20260713_problem15_official,crystal6,crystal,hybridpatch,3,forward,false,Missing committed row.,none,missing,missing,,,,,,,,infrastructure,infrastructure_incomplete,exp_20260713_problem15_official-raw-v1,,exp_20260713_problem15_official-raw-v1#hybridpatch/crystal6/rt03/forward
exp_20260713_problem15_official,crystal6,crystal,hybridpatch,3,backward,false,Missing committed row.,none,missing,missing,,,,,,,,infrastructure,infrastructure_incomplete,exp_20260713_problem15_official-raw-v1,,exp_20260713_problem15_official-raw-v1#hybridpatch/crystal6/rt03/backward
exp_20260713_problem15_official,crystal6,crystal,hybridpatch,4,forward,false,Missing committed row.,none,missing,missing,,,,,,,,infrastructure,infrastructure_incomplete,exp_20260713_problem15_official-raw-v1,,exp_20260713_problem15_official-raw-v1#hybridpatch/crystal6/rt04/forward
exp_20260713_problem15_official,crystal6,crystal,hybridpatch,4,backward,false,Missing committed row.,none,missing,missing,,,,,,,,infrastructure,infrastructure_incomplete,exp_20260713_problem15_official-raw-v1,,exp_20260713_problem15_official-raw-v1#hybridpatch/crystal6/rt04/backward
exp_20260713_problem15_official,crystal6,crystal,hybridpatch,5,forward,false,Missing committed row.,none,missing,missing,,,,,,,,infrastructure,infrastructure_incomplete,exp_20260713_problem15_official-raw-v1,,exp_20260713_problem15_official-raw-v1#hybridpatch/crystal6/rt05/forward
exp_20260713_problem15_official,crystal6,crystal,hybridpatch,5,backward,false,Missing committed row.,none,missing,missing,,,,,,,,infrastructure,infrastructure_incomplete,exp_20260713_problem15_official-raw-v1,,exp_20260713_problem15_official-raw-v1#hybridpatch/crystal6/rt05/backward
exp_20260713_problem15_official,crystal6,crystal,hybridpatch,6,forward,false,Missing committed row.,none,missing,missing,,,,,,,,infrastructure,infrastructure_incomplete,exp_20260713_problem15_official-raw-v1,,exp_20260713_problem15_official-raw-v1#hybridpatch/crystal6/rt06/forward
exp_20260713_problem15_official,crystal6,crystal,hybridpatch,6,backward,false,Missing committed row.,none,missing,missing,,,,,,,,infrastructure,infrastructure_incomplete,exp_20260713_problem15_official-raw-v1,,exp_20260713_problem15_official-raw-v1#hybridpatch/crystal6/rt06/backward
exp_20260713_problem15_official,crystal6,crystal,hybridpatch,7,forward,false,Missing committed row.,none,missing,missing,,,,,,,,infrastructure,infrastructure_incomplete,exp_20260713_problem15_official-raw-v1,,exp_20260713_problem15_official-raw-v1#hybridpatch/crystal6/rt07/forward
exp_20260713_problem15_official,crystal6,crystal,hybridpatch,7,backward,false,Missing committed row.,none,missing,missing,,,,,,,,infrastructure,infrastructure_incomplete,exp_20260713_problem15_official-raw-v1,,exp_20260713_problem15_official-raw-v1#hybridpatch/crystal6/rt07/backward
exp_20260713_problem15_official,crystal6,crystal,hybridpatch,8,forward,false,Missing committed row.,none,missing,missing,,,,,,,,infrastructure,infrastructure_incomplete,exp_20260713_problem15_official-raw-v1,,exp_20260713_problem15_official-raw-v1#hybridpatch/crystal6/rt08/forward
exp_20260713_problem15_official,crystal6,crystal,hybridpatch,8,backward,false,Missing committed row.,none,missing,missing,,,,,,,,infrastructure,infrastructure_incomplete,exp_20260713_problem15_official-raw-v1,,exp_20260713_problem15_official-raw-v1#hybridpatch/crystal6/rt08/backward
exp_20260713_problem15_official,crystal6,crystal,hybridpatch,9,forward,false,Missing committed row.,none,missing,missing,,,,,,,,infrastructure,infrastructure_incomplete,exp_20260713_problem15_official-raw-v1,,exp_20260713_problem15_official-raw-v1#hybridpatch/crystal6/rt09/forward
exp_20260713_problem15_official,crystal6,crystal,hybridpatch,9,backward,false,Missing committed row.,none,missing,missing,,,,,,,,infrastructure,infrastructure_incomplete,exp_20260713_problem15_official-raw-v1,,exp_20260713_problem15_official-raw-v1#hybridpatch/crystal6/rt09/backward
exp_20260713_problem15_official,crystal6,crystal,hybridpatch,10,forward,false,Missing committed row.,none,missing,missing,,,,,,,,infrastructure,infrastructure_incomplete,exp_20260713_problem15_official-raw-v1,,exp_20260713_problem15_official-raw-v1#hybridpatch/crystal6/rt10/forward
exp_20260713_problem15_official,crystal6,crystal,hybridpatch,10,backward,false,Missing committed row.,none,missing,missing,,,,,,,,infrastructure,infrastructure_incomplete,exp_20260713_problem15_official-raw-v1,,exp_20260713_problem15_official-raw-v1#hybridpatch/crystal6/rt10/backward
exp_20260713_problem15_official,crystal6,crystal,fullrewrite,1,forward,true,,fullrewrite,success,not_applicable,,,,4116,5969,10085,36485,none,none,exp_20260713_problem15_official-raw-v1,call000001_8a33b52e,exp_20260713_problem15_official-raw-v1#fullrewrite/crystal6/rt01/forward
exp_20260713_problem15_official,crystal6,crystal,fullrewrite,1,backward,true,,fullrewrite,success,not_applicable,,0.9999999999999999,false,4267,4481,8748,26344,none,none,exp_20260713_problem15_official-raw-v1,call000002_1ed6a28f,exp_20260713_problem15_official-raw-v1#fullrewrite/crystal6/rt01/backward
exp_20260713_problem15_official,crystal6,crystal,fullrewrite,2,forward,true,,fullrewrite,success,not_applicable,,,,4088,5047,9135,43292,none,none,exp_20260713_problem15_official-raw-v1,call000003_a8c3f9f1,exp_20260713_problem15_official-raw-v1#fullrewrite/crystal6/rt02/forward
exp_20260713_problem15_official,crystal6,crystal,fullrewrite,2,backward,true,,fullrewrite,failure,not_applicable,,0.0,true,4127,2674,6801,15904,model,text_truncated,exp_20260713_problem15_official-raw-v1,call000004_a18ecf5b,exp_20260713_problem15_official-raw-v1#fullrewrite/crystal6/rt02/backward
exp_20260713_problem15_official,crystal6,crystal,fullrewrite,3,forward,true,,fullrewrite,success,not_applicable,,,,324,3794,4118,32871,none,none,exp_20260713_problem15_official-raw-v1,call000005_769a28e6,exp_20260713_problem15_official-raw-v1#fullrewrite/crystal6/rt03/forward
exp_20260713_problem15_official,crystal6,crystal,fullrewrite,3,backward,true,,fullrewrite,success,not_applicable,,0.10809245516388373,false,2608,2433,5041,12513,none,none,exp_20260713_problem15_official-raw-v1,call000006_9d2f0260,exp_20260713_problem15_official-raw-v1#fullrewrite/crystal6/rt03/backward
exp_20260713_problem15_official,crystal6,crystal,fullrewrite,4,forward,true,,fullrewrite,success,not_applicable,,,,2471,25873,28344,150666,none,none,exp_20260713_problem15_official-raw-v1,call000007_91639f7b,exp_20260713_problem15_official-raw-v1#fullrewrite/crystal6/rt04/forward
exp_20260713_problem15_official,crystal6,crystal,fullrewrite,4,backward,true,,fullrewrite,success,not_applicable,,0.10809245516388373,false,2827,18880,21707,108389,none,none,exp_20260713_problem15_official-raw-v1,call000008_6761a32c,exp_20260713_problem15_official-raw-v1#fullrewrite/crystal6/rt04/backward
exp_20260713_problem15_official,crystal6,crystal,fullrewrite,5,forward,true,,fullrewrite,success,not_applicable,,,,2578,4396,6974,22523,none,none,exp_20260713_problem15_official-raw-v1,call000009_6de12726,exp_20260713_problem15_official-raw-v1#fullrewrite/crystal6/rt05/forward
exp_20260713_problem15_official,crystal6,crystal,fullrewrite,5,backward,true,,fullrewrite,failure,not_applicable,,0.0,true,2571,2916,5487,18867,model,empty_response,exp_20260713_problem15_official-raw-v1,call000010_1a5e8928,exp_20260713_problem15_official-raw-v1#fullrewrite/crystal6/rt05/backward
exp_20260713_problem15_official,crystal6,crystal,fullrewrite,6,forward,true,,fullrewrite,degraded,unchanged,,0.0,,330,5935,6265,38326,model,text_truncated,exp_20260713_problem15_official-raw-v1,call000011_940c99e7,exp_20260713_problem15_official-raw-v1#fullrewrite/crystal6/rt06/forward
exp_20260713_problem15_official,crystal6,crystal,fullrewrite,6,backward,true,,fullrewrite,success,not_applicable,,0.14771428571428566,false,354,1055,1409,8343,none,none,exp_20260713_problem15_official-raw-v1,call000012_98383995,exp_20260713_problem15_official-raw-v1#fullrewrite/crystal6/rt06/backward
exp_20260713_problem15_official,crystal6,crystal,fullrewrite,7,forward,true,,fullrewrite,failure,not_applicable,,0.0,,1289,18079,19368,118171,model,empty_response,exp_20260713_problem15_official-raw-v1,call000013_b0f86ddf,exp_20260713_problem15_official-raw-v1#fullrewrite/crystal6/rt07/forward
exp_20260713_problem15_official,crystal6,crystal,fullrewrite,7,backward,true,,fullrewrite,failure,not_applicable,,0.0,true,302,428,730,3859,quality,content_regression,exp_20260713_problem15_official-raw-v1,call000014_ab85a879,exp_20260713_problem15_official-raw-v1#fullrewrite/crystal6/rt07/backward
exp_20260713_problem15_official,crystal6,crystal,fullrewrite,8,forward,true,,fullrewrite,success,not_applicable,,,,354,1752,2106,15593,none,none,exp_20260713_problem15_official-raw-v1,call000015_effcc835,exp_20260713_problem15_official-raw-v1#fullrewrite/crystal6/rt08/forward
exp_20260713_problem15_official,crystal6,crystal,fullrewrite,8,backward,true,,fullrewrite,failure,not_applicable,,0.0,false,1950,4794,6744,29494,model,empty_response,exp_20260713_problem15_official-raw-v1,call000016_0cec27b0,exp_20260713_problem15_official-raw-v1#fullrewrite/crystal6/rt08/backward
exp_20260713_problem15_official,crystal6,crystal,fullrewrite,9,forward,true,,fullrewrite,degraded,unchanged,,0.0,,324,12541,12865,86969,model,empty_response,exp_20260713_problem15_official-raw-v1,call000017_84d55d26,exp_20260713_problem15_official-raw-v1#fullrewrite/crystal6/rt09/forward
exp_20260713_problem15_official,crystal6,crystal,fullrewrite,9,backward,true,,fullrewrite,failure,not_applicable,,0.0,false,303,370,673,3733,quality,content_regression,exp_20260713_problem15_official-raw-v1,call000018_5efe4018,exp_20260713_problem15_official-raw-v1#fullrewrite/crystal6/rt09/backward
exp_20260713_problem15_official,crystal6,crystal,fullrewrite,10,forward,true,,fullrewrite,success,not_applicable,,,,347,15170,15517,93775,none,none,exp_20260713_problem15_official-raw-v1,call000019_28c183ca,exp_20260713_problem15_official-raw-v1#fullrewrite/crystal6/rt10/forward
exp_20260713_problem15_official,crystal6,crystal,fullrewrite,10,backward,true,,fullrewrite,failure,not_applicable,,0.0,false,4185,2499,6684,14334,model,empty_response,exp_20260713_problem15_official-raw-v1,call000020_0eaf65a1,exp_20260713_problem15_official-raw-v1#fullrewrite/crystal6/rt10/backward
exp_20260713_problem15_official,earncall1,earncall,hybridpatch,1,forward,false,Missing committed row.,none,missing,missing,,,,,,,,infrastructure,infrastructure_incomplete,exp_20260713_problem15_official-raw-v1,,exp_20260713_problem15_official-raw-v1#hybridpatch/earncall1/rt01/forward
exp_20260713_problem15_official,earncall1,earncall,hybridpatch,1,backward,false,Missing committed row.,none,missing,missing,,,,,,,,infrastructure,infrastructure_incomplete,exp_20260713_problem15_official-raw-v1,,exp_20260713_problem15_official-raw-v1#hybridpatch/earncall1/rt01/backward
exp_20260713_problem15_official,earncall1,earncall,hybridpatch,2,forward,false,Missing committed row.,none,missing,missing,,,,,,,,infrastructure,infrastructure_incomplete,exp_20260713_problem15_official-raw-v1,,exp_20260713_problem15_official-raw-v1#hybridpatch/earncall1/rt02/forward
exp_20260713_problem15_official,earncall1,earncall,hybridpatch,2,backward,false,Missing committed row.,none,missing,missing,,,,,,,,infrastructure,infrastructure_incomplete,exp_20260713_problem15_official-raw-v1,,exp_20260713_problem15_official-raw-v1#hybridpatch/earncall1/rt02/backward
exp_20260713_problem15_official,earncall1,earncall,hybridpatch,3,forward,false,Missing committed row.,none,missing,missing,,,,,,,,infrastructure,infrastructure_incomplete,exp_20260713_problem15_official-raw-v1,,exp_20260713_problem15_official-raw-v1#hybridpatch/earncall1/rt03/forward
exp_20260713_problem15_official,earncall1,earncall,hybridpatch,3,backward,false,Missing committed row.,none,missing,missing,,,,,,,,infrastructure,infrastructure_incomplete,exp_20260713_problem15_official-raw-v1,,exp_20260713_problem15_official-raw-v1#hybridpatch/earncall1/rt03/backward
exp_20260713_problem15_official,earncall1,earncall,hybridpatch,4,forward,false,Missing committed row.,none,missing,missing,,,,,,,,infrastructure,infrastructure_incomplete,exp_20260713_problem15_official-raw-v1,,exp_20260713_problem15_official-raw-v1#hybridpatch/earncall1/rt04/forward
exp_20260713_problem15_official,earncall1,earncall,hybridpatch,4,backward,false,Missing committed row.,none,missing,missing,,,,,,,,infrastructure,infrastructure_incomplete,exp_20260713_problem15_official-raw-v1,,exp_20260713_problem15_official-raw-v1#hybridpatch/earncall1/rt04/backward
exp_20260713_problem15_official,earncall1,earncall,hybridpatch,5,forward,false,Missing committed row.,none,missing,missing,,,,,,,,infrastructure,infrastructure_incomplete,exp_20260713_problem15_official-raw-v1,,exp_20260713_problem15_official-raw-v1#hybridpatch/earncall1/rt05/forward
exp_20260713_problem15_official,earncall1,earncall,hybridpatch,5,backward,false,Missing committed row.,none,missing,missing,,,,,,,,infrastructure,infrastructure_incomplete,exp_20260713_problem15_official-raw-v1,,exp_20260713_problem15_official-raw-v1#hybridpatch/earncall1/rt05/backward
exp_20260713_problem15_official,earncall1,earncall,hybridpatch,6,forward,false,Missing committed row.,none,missing,missing,,,,,,,,infrastructure,infrastructure_incomplete,exp_20260713_problem15_official-raw-v1,,exp_20260713_problem15_official-raw-v1#hybridpatch/earncall1/rt06/forward
exp_20260713_problem15_official,earncall1,earncall,hybridpatch,6,backward,false,Missing committed row.,none,missing,missing,,,,,,,,infrastructure,infrastructure_incomplete,exp_20260713_problem15_official-raw-v1,,exp_20260713_problem15_official-raw-v1#hybridpatch/earncall1/rt06/backward
exp_20260713_problem15_official,earncall1,earncall,hybridpatch,7,forward,false,Missing committed row.,none,missing,missing,,,,,,,,infrastructure,infrastructure_incomplete,exp_20260713_problem15_official-raw-v1,,exp_20260713_problem15_official-raw-v1#hybridpatch/earncall1/rt07/forward
exp_20260713_problem15_official,earncall1,earncall,hybridpatch,7,backward,false,Missing committed row.,none,missing,missing,,,,,,,,infrastructure,infrastructure_incomplete,exp_20260713_problem15_official-raw-v1,,exp_20260713_problem15_official-raw-v1#hybridpatch/earncall1/rt07/backward
exp_20260713_problem15_official,earncall1,earncall,hybridpatch,8,forward,false,Missing committed row.,none,missing,missing,,,,,,,,infrastructure,infrastructure_incomplete,exp_20260713_problem15_official-raw-v1,,exp_20260713_problem15_official-raw-v1#hybridpatch/earncall1/rt08/forward
exp_20260713_problem15_official,earncall1,earncall,hybridpatch,8,backward,false,Missing committed row.,none,missing,missing,,,,,,,,infrastructure,infrastructure_incomplete,exp_20260713_problem15_official-raw-v1,,exp_20260713_problem15_official-raw-v1#hybridpatch/earncall1/rt08/backward
exp_20260713_problem15_official,earncall1,earncall,hybridpatch,9,forward,false,Missing committed row.,none,missing,missing,,,,,,,,infrastructure,infrastructure_incomplete,exp_20260713_problem15_official-raw-v1,,exp_20260713_problem15_official-raw-v1#hybridpatch/earncall1/rt09/forward
exp_20260713_problem15_official,earncall1,earncall,hybridpatch,9,backward,false,Missing committed row.,none,missing,missing,,,,,,,,infrastructure,infrastructure_incomplete,exp_20260713_problem15_official-raw-v1,,exp_20260713_problem15_official-raw-v1#hybridpatch/earncall1/rt09/backward
exp_20260713_problem15_official,earncall1,earncall,hybridpatch,10,forward,false,Missing committed row.,none,missing,missing,,,,,,,,infrastructure,infrastructure_incomplete,exp_20260713_problem15_official-raw-v1,,exp_20260713_problem15_official-raw-v1#hybridpatch/earncall1/rt10/forward
exp_20260713_problem15_official,earncall1,earncall,hybridpatch,10,backward,false,Missing committed row.,none,missing,missing,,,,,,,,infrastructure,infrastructure_incomplete,exp_20260713_problem15_official-raw-v1,,exp_20260713_problem15_official-raw-v1#hybridpatch/earncall1/rt10/backward
exp_20260713_problem15_official,earncall1,earncall,fullrewrite,1,forward,true,,fullrewrite,failure,not_applicable,,0.0,,9651,3608,13259,21231,model,empty_response,exp_20260713_problem15_official-raw-v1,call000001_501fe29e,exp_20260713_problem15_official-raw-v1#fullrewrite/earncall1/rt01/forward
exp_20260713_problem15_official,earncall1,earncall,fullrewrite,1,backward,true,,fullrewrite,success,not_applicable,,0.0,false,290,665,955,5456,none,none,exp_20260713_problem15_official-raw-v1,call000002_10b56ef4,exp_20260713_problem15_official-raw-v1#fullrewrite/earncall1/rt01/backward
exp_20260713_problem15_official,earncall1,earncall,fullrewrite,2,forward,true,,fullrewrite,success,not_applicable,,,,553,1978,2531,13450,none,none,exp_20260713_problem15_official-raw-v1,call000003_749d31a5,exp_20260713_problem15_official-raw-v1#fullrewrite/earncall1/rt02/forward
exp_20260713_problem15_official,earncall1,earncall,fullrewrite,2,backward,true,,fullrewrite,success,not_applicable,,0.0,false,493,887,1380,6500,none,none,exp_20260713_problem15_official-raw-v1,call000004_b92fb785,exp_20260713_problem15_official-raw-v1#fullrewrite/earncall1/rt02/backward
exp_20260713_problem15_official,earncall1,earncall,fullrewrite,3,forward,true,,fullrewrite,failure,not_applicable,,0.0,,690,584,1274,6146,quality,content_regression,exp_20260713_problem15_official-raw-v1,call000005_16ba45d6,exp_20260713_problem15_official-raw-v1#fullrewrite/earncall1/rt03/forward
exp_20260713_problem15_official,earncall1,earncall,fullrewrite,3,backward,true,,fullrewrite,failure,not_applicable,,0.0,false,393,529,922,4932,quality,content_regression,exp_20260713_problem15_official-raw-v1,call000006_d1d32503,exp_20260713_problem15_official-raw-v1#fullrewrite/earncall1/rt03/backward
exp_20260713_problem15_official,earncall1,earncall,fullrewrite,4,forward,true,,fullrewrite,degraded,unchanged,,0.0,,356,431,787,4162,quality,content_regression,exp_20260713_problem15_official-raw-v1,call000007_7ca3bf6f,exp_20260713_problem15_official-raw-v1#fullrewrite/earncall1/rt04/forward
exp_20260713_problem15_official,earncall1,earncall,fullrewrite,4,backward,true,,fullrewrite,failure,not_applicable,,0.0,false,288,327,615,4582,quality,content_regression,exp_20260713_problem15_official-raw-v1,call000008_989d11f6,exp_20260713_problem15_official-raw-v1#fullrewrite/earncall1/rt04/backward
exp_20260713_problem15_official,earncall1,earncall,fullrewrite,5,forward,true,,fullrewrite,degraded,unchanged,,0.0,,359,320,679,3342,quality,content_regression,exp_20260713_problem15_official-raw-v1,call000009_1d5e389c,exp_20260713_problem15_official-raw-v1#fullrewrite/earncall1/rt05/forward
exp_20260713_problem15_official,earncall1,earncall,fullrewrite,5,backward,true,,fullrewrite,failure,not_applicable,,0.0,false,292,181,473,2269,quality,content_regression,exp_20260713_problem15_official-raw-v1,call000010_77b6127b,exp_20260713_problem15_official-raw-v1#fullrewrite/earncall1/rt05/backward
exp_20260713_problem15_official,earncall1,earncall,fullrewrite,6,forward,true,,fullrewrite,failure,not_applicable,,0.0,,403,21,424,1269,model,near_empty_response,exp_20260713_problem15_official-raw-v1,call000011_96044928,exp_20260713_problem15_official-raw-v1#fullrewrite/earncall1/rt06/forward
exp_20260713_problem15_official,earncall1,earncall,fullrewrite,6,backward,true,,fullrewrite,failure,not_applicable,,0.0,false,307,371,678,3846,quality,content_regression,exp_20260713_problem15_official-raw-v1,call000012_52291149,exp_20260713_problem15_official-raw-v1#fullrewrite/earncall1/rt06/backward
exp_20260713_problem15_official,earncall1,earncall,fullrewrite,7,forward,true,,fullrewrite,success,not_applicable,,,,310,587,897,4820,none,none,exp_20260713_problem15_official-raw-v1,call000013_b9c2909c,exp_20260713_problem15_official-raw-v1#fullrewrite/earncall1/rt07/forward
exp_20260713_problem15_official,earncall1,earncall,fullrewrite,7,backward,true,,fullrewrite,success,not_applicable,,0.0,false,355,359,714,3060,none,none,exp_20260713_problem15_official-raw-v1,call000014_17cf7319,exp_20260713_problem15_official-raw-v1#fullrewrite/earncall1/rt07/backward
exp_20260713_problem15_official,earncall1,earncall,fullrewrite,8,forward,true,,fullrewrite,success,not_applicable,,,,408,451,859,3717,none,none,exp_20260713_problem15_official-raw-v1,call000015_77b28e53,exp_20260713_problem15_official-raw-v1#fullrewrite/earncall1/rt08/forward
exp_20260713_problem15_official,earncall1,earncall,fullrewrite,8,backward,true,,fullrewrite,degraded,not_applicable,,0.0,false,365,193,558,2645,model,near_empty_response,exp_20260713_problem15_official-raw-v1,call000016_6c6d6153,exp_20260713_problem15_official-raw-v1#fullrewrite/earncall1/rt08/backward
exp_20260713_problem15_official,earncall1,earncall,fullrewrite,9,forward,true,,fullrewrite,failure,not_applicable,,0.0,,581,26,607,1101,model,near_empty_response,exp_20260713_problem15_official-raw-v1,call000017_287ac6a1,exp_20260713_problem15_official-raw-v1#fullrewrite/earncall1/rt09/forward
exp_20260713_problem15_official,earncall1,earncall,fullrewrite,9,backward,true,,fullrewrite,failure,not_applicable,,0.0,false,402,597,999,4587,quality,content_regression,exp_20260713_problem15_official-raw-v1,call000018_d8af8bc5,exp_20260713_problem15_official-raw-v1#fullrewrite/earncall1/rt09/backward
exp_20260713_problem15_official,earncall1,earncall,fullrewrite,10,forward,true,,fullrewrite,degraded,unchanged,,0.0,,356,479,835,5306,quality,content_regression,exp_20260713_problem15_official-raw-v1,call000019_c9bb0455,exp_20260713_problem15_official-raw-v1#fullrewrite/earncall1/rt10/forward
exp_20260713_problem15_official,earncall1,earncall,fullrewrite,10,backward,true,,fullrewrite,failure,not_applicable,,0.0,false,288,187,475,2293,quality,content_regression,exp_20260713_problem15_official-raw-v1,call000020_014b220e,exp_20260713_problem15_official-raw-v1#fullrewrite/earncall1/rt10/backward
exp_20260713_problem15_official,filesystem3,filesystem,hybridpatch,1,forward,true,,bounded_rewrite,success,applied,0,,,14151,52797,66948,318278,none,none,exp_20260713_problem15_official-raw-v1,call000001_e1c15f49,exp_20260713_problem15_official-raw-v1#hybridpatch/filesystem3/rt01/forward
exp_20260713_problem15_official,filesystem3,filesystem,hybridpatch,1,backward,true,,bulk_patch,success,applied,0,1.0,false,17822,10592,28414,72236,none,none,exp_20260713_problem15_official-raw-v1,call000002_92ed1c8c,exp_20260713_problem15_official-raw-v1#hybridpatch/filesystem3/rt01/backward
exp_20260713_problem15_official,filesystem3,filesystem,hybridpatch,2,forward,true,,hybridpatch_protocol_failure_kept_context,degraded,kept_context,,0.0,,14145,18641,32786,137467,model,empty_response,exp_20260713_problem15_official-raw-v1,call000003_90f091a1,exp_20260713_problem15_official-raw-v1#hybridpatch/filesystem3/rt02/forward
exp_20260713_problem15_official,filesystem3,filesystem,hybridpatch,2,backward,true,,local_patch,success,unchanged,0,1.0,false,14129,2497,16626,18771,none,none,exp_20260713_problem15_official-raw-v1,call000004_789ec54b,exp_20260713_problem15_official-raw-v1#hybridpatch/filesystem3/rt02/backward
exp_20260713_problem15_official,filesystem3,filesystem,hybridpatch,3,forward,false,Missing committed row.,none,missing,missing,,,,,,,,infrastructure,infrastructure_incomplete,exp_20260713_problem15_official-raw-v1,,exp_20260713_problem15_official-raw-v1#hybridpatch/filesystem3/rt03/forward
exp_20260713_problem15_official,filesystem3,filesystem,hybridpatch,3,backward,false,Missing committed row.,none,missing,missing,,,,,,,,infrastructure,infrastructure_incomplete,exp_20260713_problem15_official-raw-v1,,exp_20260713_problem15_official-raw-v1#hybridpatch/filesystem3/rt03/backward
exp_20260713_problem15_official,filesystem3,filesystem,hybridpatch,4,forward,false,Missing committed row.,none,missing,missing,,,,,,,,infrastructure,infrastructure_incomplete,exp_20260713_problem15_official-raw-v1,,exp_20260713_problem15_official-raw-v1#hybridpatch/filesystem3/rt04/forward
exp_20260713_problem15_official,filesystem3,filesystem,hybridpatch,4,backward,false,Missing committed row.,none,missing,missing,,,,,,,,infrastructure,infrastructure_incomplete,exp_20260713_problem15_official-raw-v1,,exp_20260713_problem15_official-raw-v1#hybridpatch/filesystem3/rt04/backward
exp_20260713_problem15_official,filesystem3,filesystem,hybridpatch,5,forward,false,Missing committed row.,none,missing,missing,,,,,,,,infrastructure,infrastructure_incomplete,exp_20260713_problem15_official-raw-v1,,exp_20260713_problem15_official-raw-v1#hybridpatch/filesystem3/rt05/forward
exp_20260713_problem15_official,filesystem3,filesystem,hybridpatch,5,backward,false,Missing committed row.,none,missing,missing,,,,,,,,infrastructure,infrastructure_incomplete,exp_20260713_problem15_official-raw-v1,,exp_20260713_problem15_official-raw-v1#hybridpatch/filesystem3/rt05/backward
exp_20260713_problem15_official,filesystem3,filesystem,hybridpatch,6,forward,false,Missing committed row.,none,missing,missing,,,,,,,,infrastructure,infrastructure_incomplete,exp_20260713_problem15_official-raw-v1,,exp_20260713_problem15_official-raw-v1#hybridpatch/filesystem3/rt06/forward
exp_20260713_problem15_official,filesystem3,filesystem,hybridpatch,6,backward,false,Missing committed row.,none,missing,missing,,,,,,,,infrastructure,infrastructure_incomplete,exp_20260713_problem15_official-raw-v1,,exp_20260713_problem15_official-raw-v1#hybridpatch/filesystem3/rt06/backward
exp_20260713_problem15_official,filesystem3,filesystem,hybridpatch,7,forward,false,Missing committed row.,none,missing,missing,,,,,,,,infrastructure,infrastructure_incomplete,exp_20260713_problem15_official-raw-v1,,exp_20260713_problem15_official-raw-v1#hybridpatch/filesystem3/rt07/forward
exp_20260713_problem15_official,filesystem3,filesystem,hybridpatch,7,backward,false,Missing committed row.,none,missing,missing,,,,,,,,infrastructure,infrastructure_incomplete,exp_20260713_problem15_official-raw-v1,,exp_20260713_problem15_official-raw-v1#hybridpatch/filesystem3/rt07/backward
exp_20260713_problem15_official,filesystem3,filesystem,hybridpatch,8,forward,false,Missing committed row.,none,missing,missing,,,,,,,,infrastructure,infrastructure_incomplete,exp_20260713_problem15_official-raw-v1,,exp_20260713_problem15_official-raw-v1#hybridpatch/filesystem3/rt08/forward
exp_20260713_problem15_official,filesystem3,filesystem,hybridpatch,8,backward,false,Missing committed row.,none,missing,missing,,,,,,,,infrastructure,infrastructure_incomplete,exp_20260713_problem15_official-raw-v1,,exp_20260713_problem15_official-raw-v1#hybridpatch/filesystem3/rt08/backward
exp_20260713_problem15_official,filesystem3,filesystem,hybridpatch,9,forward,false,Missing committed row.,none,missing,missing,,,,,,,,infrastructure,infrastructure_incomplete,exp_20260713_problem15_official-raw-v1,,exp_20260713_problem15_official-raw-v1#hybridpatch/filesystem3/rt09/forward
exp_20260713_problem15_official,filesystem3,filesystem,hybridpatch,9,backward,false,Missing committed row.,none,missing,missing,,,,,,,,infrastructure,infrastructure_incomplete,exp_20260713_problem15_official-raw-v1,,exp_20260713_problem15_official-raw-v1#hybridpatch/filesystem3/rt09/backward
exp_20260713_problem15_official,filesystem3,filesystem,hybridpatch,10,forward,false,Missing committed row.,none,missing,missing,,,,,,,,infrastructure,infrastructure_incomplete,exp_20260713_problem15_official-raw-v1,,exp_20260713_problem15_official-raw-v1#hybridpatch/filesystem3/rt10/forward
exp_20260713_problem15_official,filesystem3,filesystem,hybridpatch,10,backward,false,Missing committed row.,none,missing,missing,,,,,,,,infrastructure,infrastructure_incomplete,exp_20260713_problem15_official-raw-v1,,exp_20260713_problem15_official-raw-v1#hybridpatch/filesystem3/rt10/backward
exp_20260713_problem15_official,filesystem3,filesystem,fullrewrite,1,forward,true,,fullrewrite,failure,not_applicable,,0.0,,3825,1756,5581,11277,model,empty_response,exp_20260713_problem15_official-raw-v1,call000001_d92fc2ba,exp_20260713_problem15_official-raw-v1#fullrewrite/filesystem3/rt01/forward
exp_20260713_problem15_official,filesystem3,filesystem,fullrewrite,1,backward,true,,fullrewrite,degraded,not_applicable,,0.0,false,293,185,478,2497,model,near_empty_response,exp_20260713_problem15_official-raw-v1,call000002_9fcc15b7,exp_20260713_problem15_official-raw-v1#fullrewrite/filesystem3/rt01/backward
exp_20260713_problem15_official,filesystem3,filesystem,fullrewrite,2,forward,true,,fullrewrite,degraded,unchanged,,0.0,,315,84,399,2056,model,near_empty_response,exp_20260713_problem15_official-raw-v1,call000003_21d293d1,exp_20260713_problem15_official-raw-v1#fullrewrite/filesystem3/rt02/forward
exp_20260713_problem15_official,filesystem3,filesystem,fullrewrite,2,backward,true,,fullrewrite,success,not_applicable,,0.0,false,299,289,588,3182,none,none,exp_20260713_problem15_official-raw-v1,call000004_bab3cc5b,exp_20260713_problem15_official-raw-v1#fullrewrite/filesystem3/rt02/backward
exp_20260713_problem15_official,filesystem3,filesystem,fullrewrite,3,forward,true,,fullrewrite,success,not_applicable,,,,334,2231,2565,16193,none,none,exp_20260713_problem15_official-raw-v1,call000005_b00fc540,exp_20260713_problem15_official-raw-v1#fullrewrite/filesystem3/rt03/forward
exp_20260713_problem15_official,filesystem3,filesystem,fullrewrite,3,backward,true,,fullrewrite,success,not_applicable,,0.0,false,665,1396,2061,9923,none,none,exp_20260713_problem15_official-raw-v1,call000006_98b94167,exp_20260713_problem15_official-raw-v1#fullrewrite/filesystem3/rt03/backward
exp_20260713_problem15_official,filesystem3,filesystem,fullrewrite,4,forward,true,,fullrewrite,success,not_applicable,,,,433,1804,2237,11752,none,none,exp_20260713_problem15_official-raw-v1,call000007_77cf018c,exp_20260713_problem15_official-raw-v1#fullrewrite/filesystem3/rt04/forward
exp_20260713_problem15_official,filesystem3,filesystem,fullrewrite,4,backward,true,,fullrewrite,success,not_applicable,,0.0,false,725,928,1653,5397,none,none,exp_20260713_problem15_official-raw-v1,call000008_fd592097,exp_20260713_problem15_official-raw-v1#fullrewrite/filesystem3/rt04/backward
exp_20260713_problem15_official,filesystem3,filesystem,fullrewrite,5,forward,true,,fullrewrite,success,not_applicable,,,,520,4800,5320,28401,none,none,exp_20260713_problem15_official-raw-v1,call000009_484667d0,exp_20260713_problem15_official-raw-v1#fullrewrite/filesystem3/rt05/forward
exp_20260713_problem15_official,filesystem3,filesystem,fullrewrite,5,backward,true,,fullrewrite,success,not_applicable,,0.0,false,1362,955,2317,5923,none,none,exp_20260713_problem15_official-raw-v1,call000010_a76eec9b,exp_20260713_problem15_official-raw-v1#fullrewrite/filesystem3/rt05/backward
exp_20260713_problem15_official,filesystem3,filesystem,fullrewrite,6,forward,true,,fullrewrite,success,not_applicable,,,,488,717,1205,6010,none,none,exp_20260713_problem15_official-raw-v1,call000011_53e08c59,exp_20260713_problem15_official-raw-v1#fullrewrite/filesystem3/rt06/forward
exp_20260713_problem15_official,filesystem3,filesystem,fullrewrite,6,backward,true,,fullrewrite,success,not_applicable,,0.0,false,491,545,1036,3974,none,none,exp_20260713_problem15_official-raw-v1,call000012_78b1f995,exp_20260713_problem15_official-raw-v1#fullrewrite/filesystem3/rt06/backward
exp_20260713_problem15_official,filesystem3,filesystem,fullrewrite,7,forward,true,,fullrewrite,success,not_applicable,,,,472,1553,2025,12806,none,none,exp_20260713_problem15_official-raw-v1,call000013_fa97a230,exp_20260713_problem15_official-raw-v1#fullrewrite/filesystem3/rt07/forward
exp_20260713_problem15_official,filesystem3,filesystem,fullrewrite,7,backward,true,,fullrewrite,success,not_applicable,,0.0,false,722,374,1096,3398,none,none,exp_20260713_problem15_official-raw-v1,call000014_5c9f2504,exp_20260713_problem15_official-raw-v1#fullrewrite/filesystem3/rt07/backward
exp_20260713_problem15_official,filesystem3,filesystem,fullrewrite,8,forward,true,,fullrewrite,success,unchanged,,,,477,1193,1670,8366,none,none,exp_20260713_problem15_official-raw-v1,call000015_96c6171d,exp_20260713_problem15_official-raw-v1#fullrewrite/filesystem3/rt08/forward
exp_20260713_problem15_official,filesystem3,filesystem,fullrewrite,8,backward,true,,fullrewrite,success,not_applicable,,0.0,false,461,482,943,3868,none,none,exp_20260713_problem15_official-raw-v1,call000016_e689a90a,exp_20260713_problem15_official-raw-v1#fullrewrite/filesystem3/rt08/backward
exp_20260713_problem15_official,filesystem3,filesystem,fullrewrite,9,forward,true,,fullrewrite,success,not_applicable,,,,490,6138,6628,69852,none,none,exp_20260713_problem15_official-raw-v1,call000017_34a78fe7,exp_20260713_problem15_official-raw-v1#fullrewrite/filesystem3/rt09/forward
exp_20260713_problem15_official,filesystem3,filesystem,fullrewrite,9,backward,true,,fullrewrite,success,not_applicable,,0.0,false,483,377,860,3495,none,none,exp_20260713_problem15_official-raw-v1,call000018_550e9475,exp_20260713_problem15_official-raw-v1#fullrewrite/filesystem3/rt09/backward
exp_20260713_problem15_official,filesystem3,filesystem,fullrewrite,10,forward,true,,fullrewrite,success,not_applicable,,,,502,902,1404,12719,none,none,exp_20260713_problem15_official-raw-v1,call000019_bb3c59ee,exp_20260713_problem15_official-raw-v1#fullrewrite/filesystem3/rt10/forward
exp_20260713_problem15_official,filesystem3,filesystem,fullrewrite,10,backward,true,,fullrewrite,success,not_applicable,,0.0,false,725,751,1476,5037,none,none,exp_20260713_problem15_official-raw-v1,call000020_e0fd5b80,exp_20260713_problem15_official-raw-v1#fullrewrite/filesystem3/rt10/backward
exp_20260713_problem15_official,foodmenu6,foodmenu,hybridpatch,1,forward,false,No committed result rows.,none,missing,missing,,,,,,,,infrastructure,infrastructure_incomplete,exp_20260713_problem15_official-raw-v1,,exp_20260713_problem15_official-raw-v1#hybridpatch/foodmenu6/rt01/forward
exp_20260713_problem15_official,foodmenu6,foodmenu,hybridpatch,1,backward,false,No committed result rows.,none,missing,missing,,,,,,,,infrastructure,infrastructure_incomplete,exp_20260713_problem15_official-raw-v1,,exp_20260713_problem15_official-raw-v1#hybridpatch/foodmenu6/rt01/backward
exp_20260713_problem15_official,foodmenu6,foodmenu,hybridpatch,2,forward,false,No committed result rows.,none,missing,missing,,,,,,,,infrastructure,infrastructure_incomplete,exp_20260713_problem15_official-raw-v1,,exp_20260713_problem15_official-raw-v1#hybridpatch/foodmenu6/rt02/forward
exp_20260713_problem15_official,foodmenu6,foodmenu,hybridpatch,2,backward,false,No committed result rows.,none,missing,missing,,,,,,,,infrastructure,infrastructure_incomplete,exp_20260713_problem15_official-raw-v1,,exp_20260713_problem15_official-raw-v1#hybridpatch/foodmenu6/rt02/backward
exp_20260713_problem15_official,foodmenu6,foodmenu,hybridpatch,3,forward,false,No committed result rows.,none,missing,missing,,,,,,,,infrastructure,infrastructure_incomplete,exp_20260713_problem15_official-raw-v1,,exp_20260713_problem15_official-raw-v1#hybridpatch/foodmenu6/rt03/forward
exp_20260713_problem15_official,foodmenu6,foodmenu,hybridpatch,3,backward,false,No committed result rows.,none,missing,missing,,,,,,,,infrastructure,infrastructure_incomplete,exp_20260713_problem15_official-raw-v1,,exp_20260713_problem15_official-raw-v1#hybridpatch/foodmenu6/rt03/backward
exp_20260713_problem15_official,foodmenu6,foodmenu,hybridpatch,4,forward,false,No committed result rows.,none,missing,missing,,,,,,,,infrastructure,infrastructure_incomplete,exp_20260713_problem15_official-raw-v1,,exp_20260713_problem15_official-raw-v1#hybridpatch/foodmenu6/rt04/forward
exp_20260713_problem15_official,foodmenu6,foodmenu,hybridpatch,4,backward,false,No committed result rows.,none,missing,missing,,,,,,,,infrastructure,infrastructure_incomplete,exp_20260713_problem15_official-raw-v1,,exp_20260713_problem15_official-raw-v1#hybridpatch/foodmenu6/rt04/backward
exp_20260713_problem15_official,foodmenu6,foodmenu,hybridpatch,5,forward,false,No committed result rows.,none,missing,missing,,,,,,,,infrastructure,infrastructure_incomplete,exp_20260713_problem15_official-raw-v1,,exp_20260713_problem15_official-raw-v1#hybridpatch/foodmenu6/rt05/forward
exp_20260713_problem15_official,foodmenu6,foodmenu,hybridpatch,5,backward,false,No committed result rows.,none,missing,missing,,,,,,,,infrastructure,infrastructure_incomplete,exp_20260713_problem15_official-raw-v1,,exp_20260713_problem15_official-raw-v1#hybridpatch/foodmenu6/rt05/backward
exp_20260713_problem15_official,foodmenu6,foodmenu,hybridpatch,6,forward,false,No committed result rows.,none,missing,missing,,,,,,,,infrastructure,infrastructure_incomplete,exp_20260713_problem15_official-raw-v1,,exp_20260713_problem15_official-raw-v1#hybridpatch/foodmenu6/rt06/forward
exp_20260713_problem15_official,foodmenu6,foodmenu,hybridpatch,6,backward,false,No committed result rows.,none,missing,missing,,,,,,,,infrastructure,infrastructure_incomplete,exp_20260713_problem15_official-raw-v1,,exp_20260713_problem15_official-raw-v1#hybridpatch/foodmenu6/rt06/backward
exp_20260713_problem15_official,foodmenu6,foodmenu,hybridpatch,7,forward,false,No committed result rows.,none,missing,missing,,,,,,,,infrastructure,infrastructure_incomplete,exp_20260713_problem15_official-raw-v1,,exp_20260713_problem15_official-raw-v1#hybridpatch/foodmenu6/rt07/forward
exp_20260713_problem15_official,foodmenu6,foodmenu,hybridpatch,7,backward,false,No committed result rows.,none,missing,missing,,,,,,,,infrastructure,infrastructure_incomplete,exp_20260713_problem15_official-raw-v1,,exp_20260713_problem15_official-raw-v1#hybridpatch/foodmenu6/rt07/backward
exp_20260713_problem15_official,foodmenu6,foodmenu,hybridpatch,8,forward,false,No committed result rows.,none,missing,missing,,,,,,,,infrastructure,infrastructure_incomplete,exp_20260713_problem15_official-raw-v1,,exp_20260713_problem15_official-raw-v1#hybridpatch/foodmenu6/rt08/forward
exp_20260713_problem15_official,foodmenu6,foodmenu,hybridpatch,8,backward,false,No committed result rows.,none,missing,missing,,,,,,,,infrastructure,infrastructure_incomplete,exp_20260713_problem15_official-raw-v1,,exp_20260713_problem15_official-raw-v1#hybridpatch/foodmenu6/rt08/backward
exp_20260713_problem15_official,foodmenu6,foodmenu,hybridpatch,9,forward,false,No committed result rows.,none,missing,missing,,,,,,,,infrastructure,infrastructure_incomplete,exp_20260713_problem15_official-raw-v1,,exp_20260713_problem15_official-raw-v1#hybridpatch/foodmenu6/rt09/forward
exp_20260713_problem15_official,foodmenu6,foodmenu,hybridpatch,9,backward,false,No committed result rows.,none,missing,missing,,,,,,,,infrastructure,infrastructure_incomplete,exp_20260713_problem15_official-raw-v1,,exp_20260713_problem15_official-raw-v1#hybridpatch/foodmenu6/rt09/backward
exp_20260713_problem15_official,foodmenu6,foodmenu,hybridpatch,10,forward,false,No committed result rows.,none,missing,missing,,,,,,,,infrastructure,infrastructure_incomplete,exp_20260713_problem15_official-raw-v1,,exp_20260713_problem15_official-raw-v1#hybridpatch/foodmenu6/rt10/forward
exp_20260713_problem15_official,foodmenu6,foodmenu,hybridpatch,10,backward,false,No committed result rows.,none,missing,missing,,,,,,,,infrastructure,infrastructure_incomplete,exp_20260713_problem15_official-raw-v1,,exp_20260713_problem15_official-raw-v1#hybridpatch/foodmenu6/rt10/backward
exp_20260713_problem15_official,foodmenu6,foodmenu,fullrewrite,1,forward,false,No committed result rows.,none,missing,missing,,,,,,,,infrastructure,infrastructure_incomplete,exp_20260713_problem15_official-raw-v1,,exp_20260713_problem15_official-raw-v1#fullrewrite/foodmenu6/rt01/forward
exp_20260713_problem15_official,foodmenu6,foodmenu,fullrewrite,1,backward,false,No committed result rows.,none,missing,missing,,,,,,,,infrastructure,infrastructure_incomplete,exp_20260713_problem15_official-raw-v1,,exp_20260713_problem15_official-raw-v1#fullrewrite/foodmenu6/rt01/backward
exp_20260713_problem15_official,foodmenu6,foodmenu,fullrewrite,2,forward,false,No committed result rows.,none,missing,missing,,,,,,,,infrastructure,infrastructure_incomplete,exp_20260713_problem15_official-raw-v1,,exp_20260713_problem15_official-raw-v1#fullrewrite/foodmenu6/rt02/forward
exp_20260713_problem15_official,foodmenu6,foodmenu,fullrewrite,2,backward,false,No committed result rows.,none,missing,missing,,,,,,,,infrastructure,infrastructure_incomplete,exp_20260713_problem15_official-raw-v1,,exp_20260713_problem15_official-raw-v1#fullrewrite/foodmenu6/rt02/backward
exp_20260713_problem15_official,foodmenu6,foodmenu,fullrewrite,3,forward,false,No committed result rows.,none,missing,missing,,,,,,,,infrastructure,infrastructure_incomplete,exp_20260713_problem15_official-raw-v1,,exp_20260713_problem15_official-raw-v1#fullrewrite/foodmenu6/rt03/forward
exp_20260713_problem15_official,foodmenu6,foodmenu,fullrewrite,3,backward,false,No committed result rows.,none,missing,missing,,,,,,,,infrastructure,infrastructure_incomplete,exp_20260713_problem15_official-raw-v1,,exp_20260713_problem15_official-raw-v1#fullrewrite/foodmenu6/rt03/backward
exp_20260713_problem15_official,foodmenu6,foodmenu,fullrewrite,4,forward,false,No committed result rows.,none,missing,missing,,,,,,,,infrastructure,infrastructure_incomplete,exp_20260713_problem15_official-raw-v1,,exp_20260713_problem15_official-raw-v1#fullrewrite/foodmenu6/rt04/forward
exp_20260713_problem15_official,foodmenu6,foodmenu,fullrewrite,4,backward,false,No committed result rows.,none,missing,missing,,,,,,,,infrastructure,infrastructure_incomplete,exp_20260713_problem15_official-raw-v1,,exp_20260713_problem15_official-raw-v1#fullrewrite/foodmenu6/rt04/backward
exp_20260713_problem15_official,foodmenu6,foodmenu,fullrewrite,5,forward,false,No committed result rows.,none,missing,missing,,,,,,,,infrastructure,infrastructure_incomplete,exp_20260713_problem15_official-raw-v1,,exp_20260713_problem15_official-raw-v1#fullrewrite/foodmenu6/rt05/forward
exp_20260713_problem15_official,foodmenu6,foodmenu,fullrewrite,5,backward,false,No committed result rows.,none,missing,missing,,,,,,,,infrastructure,infrastructure_incomplete,exp_20260713_problem15_official-raw-v1,,exp_20260713_problem15_official-raw-v1#fullrewrite/foodmenu6/rt05/backward
exp_20260713_problem15_official,foodmenu6,foodmenu,fullrewrite,6,forward,false,No committed result rows.,none,missing,missing,,,,,,,,infrastructure,infrastructure_incomplete,exp_20260713_problem15_official-raw-v1,,exp_20260713_problem15_official-raw-v1#fullrewrite/foodmenu6/rt06/forward
exp_20260713_problem15_official,foodmenu6,foodmenu,fullrewrite,6,backward,false,No committed result rows.,none,missing,missing,,,,,,,,infrastructure,infrastructure_incomplete,exp_20260713_problem15_official-raw-v1,,exp_20260713_problem15_official-raw-v1#fullrewrite/foodmenu6/rt06/backward
exp_20260713_problem15_official,foodmenu6,foodmenu,fullrewrite,7,forward,false,No committed result rows.,none,missing,missing,,,,,,,,infrastructure,infrastructure_incomplete,exp_20260713_problem15_official-raw-v1,,exp_20260713_problem15_official-raw-v1#fullrewrite/foodmenu6/rt07/forward
exp_20260713_problem15_official,foodmenu6,foodmenu,fullrewrite,7,backward,false,No committed result rows.,none,missing,missing,,,,,,,,infrastructure,infrastructure_incomplete,exp_20260713_problem15_official-raw-v1,,exp_20260713_problem15_official-raw-v1#fullrewrite/foodmenu6/rt07/backward
exp_20260713_problem15_official,foodmenu6,foodmenu,fullrewrite,8,forward,false,No committed result rows.,none,missing,missing,,,,,,,,infrastructure,infrastructure_incomplete,exp_20260713_problem15_official-raw-v1,,exp_20260713_problem15_official-raw-v1#fullrewrite/foodmenu6/rt08/forward
exp_20260713_problem15_official,foodmenu6,foodmenu,fullrewrite,8,backward,false,No committed result rows.,none,missing,missing,,,,,,,,infrastructure,infrastructure_incomplete,exp_20260713_problem15_official-raw-v1,,exp_20260713_problem15_official-raw-v1#fullrewrite/foodmenu6/rt08/backward
exp_20260713_problem15_official,foodmenu6,foodmenu,fullrewrite,9,forward,false,No committed result rows.,none,missing,missing,,,,,,,,infrastructure,infrastructure_incomplete,exp_20260713_problem15_official-raw-v1,,exp_20260713_problem15_official-raw-v1#fullrewrite/foodmenu6/rt09/forward
exp_20260713_problem15_official,foodmenu6,foodmenu,fullrewrite,9,backward,false,No committed result rows.,none,missing,missing,,,,,,,,infrastructure,infrastructure_incomplete,exp_20260713_problem15_official-raw-v1,,exp_20260713_problem15_official-raw-v1#fullrewrite/foodmenu6/rt09/backward
exp_20260713_problem15_official,foodmenu6,foodmenu,fullrewrite,10,forward,false,No committed result rows.,none,missing,missing,,,,,,,,infrastructure,infrastructure_incomplete,exp_20260713_problem15_official-raw-v1,,exp_20260713_problem15_official-raw-v1#fullrewrite/foodmenu6/rt10/forward
exp_20260713_problem15_official,foodmenu6,foodmenu,fullrewrite,10,backward,false,No committed result rows.,none,missing,missing,,,,,,,,infrastructure,infrastructure_incomplete,exp_20260713_problem15_official-raw-v1,,exp_20260713_problem15_official-raw-v1#fullrewrite/foodmenu6/rt10/backward
exp_20260713_problem15_official,json4,json,hybridpatch,1,forward,true,,hybridpatch_protocol_failure_kept_context,degraded,kept_context,,,,20860,1370,22230,9215,model,empty_response,exp_20260713_problem15_official-raw-v1,call000001_44ac450b,exp_20260713_problem15_official-raw-v1#hybridpatch/json4/rt01/forward
exp_20260713_problem15_official,json4,json,hybridpatch,1,backward,true,,local_patch,success,unchanged,0,1.0,false,20849,2094,22943,18891,none,none,exp_20260713_problem15_official-raw-v1,call000002_89b899b9,exp_20260713_problem15_official-raw-v1#hybridpatch/json4/rt01/backward
exp_20260713_problem15_official,json4,json,hybridpatch,2,forward,true,,bulk_patch,success,applied,0,,,20907,6897,27804,52764,none,none,exp_20260713_problem15_official-raw-v1,call000003_ffb13145,exp_20260713_problem15_official-raw-v1#hybridpatch/json4/rt02/forward
exp_20260713_problem15_official,json4,json,hybridpatch,2,backward,true,,hybridpatch_protocol_failure_kept_context,degraded,kept_context,,0.9343423243423243,false,21098,13592,34690,101263,model,empty_response,exp_20260713_problem15_official-raw-v1,call000004_bcaaff23,exp_20260713_problem15_official-raw-v1#hybridpatch/json4/rt02/backward
exp_20260713_problem15_official,json4,json,hybridpatch,3,forward,true,,hybridpatch_protocol_failure_kept_context,degraded,kept_context,,0.0,,21150,1110,22260,8155,model,empty_response,exp_20260713_problem15_official-raw-v1,call000005_42579a88,exp_20260713_problem15_official-raw-v1#hybridpatch/json4/rt03/forward
exp_20260713_problem15_official,json4,json,hybridpatch,3,backward,true,,local_patch,success,unchanged,0,0.9343423243423243,false,21112,1055,22167,15601,none,none,exp_20260713_problem15_official-raw-v1,call000006_619d2869,exp_20260713_problem15_official-raw-v1#hybridpatch/json4/rt03/backward
exp_20260713_problem15_official,json4,json,hybridpatch,4,forward,true,,bounded_rewrite,success,applied,0,,,21135,75296,96431,398833,none,none,exp_20260713_problem15_official-raw-v1,call000007_69ddbb5e,exp_20260713_problem15_official-raw-v1#hybridpatch/json4/rt04/forward
exp_20260713_problem15_official,json4,json,hybridpatch,4,backward,true,,bounded_rewrite,success,applied,0,0.9311188811188811,false,43373,60169,103542,365042,none,none,exp_20260713_problem15_official-raw-v1,call000008_64adb08a,exp_20260713_problem15_official-raw-v1#hybridpatch/json4/rt04/backward
exp_20260713_problem15_official,json4,json,hybridpatch,5,forward,false,Missing committed row.,none,missing,missing,,,,,,,,infrastructure,infrastructure_incomplete,exp_20260713_problem15_official-raw-v1,,exp_20260713_problem15_official-raw-v1#hybridpatch/json4/rt05/forward
exp_20260713_problem15_official,json4,json,hybridpatch,5,backward,false,Missing committed row.,none,missing,missing,,,,,,,,infrastructure,infrastructure_incomplete,exp_20260713_problem15_official-raw-v1,,exp_20260713_problem15_official-raw-v1#hybridpatch/json4/rt05/backward
exp_20260713_problem15_official,json4,json,hybridpatch,6,forward,false,Missing committed row.,none,missing,missing,,,,,,,,infrastructure,infrastructure_incomplete,exp_20260713_problem15_official-raw-v1,,exp_20260713_problem15_official-raw-v1#hybridpatch/json4/rt06/forward
exp_20260713_problem15_official,json4,json,hybridpatch,6,backward,false,Missing committed row.,none,missing,missing,,,,,,,,infrastructure,infrastructure_incomplete,exp_20260713_problem15_official-raw-v1,,exp_20260713_problem15_official-raw-v1#hybridpatch/json4/rt06/backward
exp_20260713_problem15_official,json4,json,hybridpatch,7,forward,false,Missing committed row.,none,missing,missing,,,,,,,,infrastructure,infrastructure_incomplete,exp_20260713_problem15_official-raw-v1,,exp_20260713_problem15_official-raw-v1#hybridpatch/json4/rt07/forward
exp_20260713_problem15_official,json4,json,hybridpatch,7,backward,false,Missing committed row.,none,missing,missing,,,,,,,,infrastructure,infrastructure_incomplete,exp_20260713_problem15_official-raw-v1,,exp_20260713_problem15_official-raw-v1#hybridpatch/json4/rt07/backward
exp_20260713_problem15_official,json4,json,hybridpatch,8,forward,false,Missing committed row.,none,missing,missing,,,,,,,,infrastructure,infrastructure_incomplete,exp_20260713_problem15_official-raw-v1,,exp_20260713_problem15_official-raw-v1#hybridpatch/json4/rt08/forward
exp_20260713_problem15_official,json4,json,hybridpatch,8,backward,false,Missing committed row.,none,missing,missing,,,,,,,,infrastructure,infrastructure_incomplete,exp_20260713_problem15_official-raw-v1,,exp_20260713_problem15_official-raw-v1#hybridpatch/json4/rt08/backward
exp_20260713_problem15_official,json4,json,hybridpatch,9,forward,false,Missing committed row.,none,missing,missing,,,,,,,,infrastructure,infrastructure_incomplete,exp_20260713_problem15_official-raw-v1,,exp_20260713_problem15_official-raw-v1#hybridpatch/json4/rt09/forward
exp_20260713_problem15_official,json4,json,hybridpatch,9,backward,false,Missing committed row.,none,missing,missing,,,,,,,,infrastructure,infrastructure_incomplete,exp_20260713_problem15_official-raw-v1,,exp_20260713_problem15_official-raw-v1#hybridpatch/json4/rt09/backward
exp_20260713_problem15_official,json4,json,hybridpatch,10,forward,false,Missing committed row.,none,missing,missing,,,,,,,,infrastructure,infrastructure_incomplete,exp_20260713_problem15_official-raw-v1,,exp_20260713_problem15_official-raw-v1#hybridpatch/json4/rt10/forward
exp_20260713_problem15_official,json4,json,hybridpatch,10,backward,false,Missing committed row.,none,missing,missing,,,,,,,,infrastructure,infrastructure_incomplete,exp_20260713_problem15_official-raw-v1,,exp_20260713_problem15_official-raw-v1#hybridpatch/json4/rt10/backward
exp_20260713_problem15_official,json4,json,fullrewrite,1,forward,true,,fullrewrite,success,not_applicable,,,,5823,8833,14656,44729,none,none,exp_20260713_problem15_official-raw-v1,call000001_46f17103,exp_20260713_problem15_official-raw-v1#fullrewrite/json4/rt01/forward
exp_20260713_problem15_official,json4,json,fullrewrite,1,backward,true,,fullrewrite,success,not_applicable,,1.0,false,5857,12153,18010,64935,none,none,exp_20260713_problem15_official-raw-v1,call000002_23376d05,exp_20260713_problem15_official-raw-v1#fullrewrite/json4/rt01/backward
exp_20260713_problem15_official,json4,json,fullrewrite,2,forward,true,,fullrewrite,success,not_applicable,,,,5870,6898,12768,96774,none,none,exp_20260713_problem15_official-raw-v1,call000003_89dc1b4d,exp_20260713_problem15_official-raw-v1#fullrewrite/json4/rt02/forward
exp_20260713_problem15_official,json4,json,fullrewrite,2,backward,true,,fullrewrite,failure,not_applicable,,0.0,true,5966,7591,13557,53888,model,text_truncated,exp_20260713_problem15_official-raw-v1,call000004_bd129305,exp_20260713_problem15_official-raw-v1#fullrewrite/json4/rt02/backward
exp_20260713_problem15_official,json4,json,fullrewrite,3,forward,true,,fullrewrite,success,not_applicable,,,,328,2204,2532,12407,none,none,exp_20260713_problem15_official-raw-v1,call000005_1ebad5e2,exp_20260713_problem15_official-raw-v1#fullrewrite/json4/rt03/forward
exp_20260713_problem15_official,json4,json,fullrewrite,3,backward,true,,fullrewrite,success,not_applicable,,0.11899606209127891,false,858,21212,22070,114491,none,none,exp_20260713_problem15_official-raw-v1,call000006_7550bb09,exp_20260713_problem15_official-raw-v1#fullrewrite/json4/rt03/backward
exp_20260713_problem15_official,json4,json,fullrewrite,4,forward,true,,fullrewrite,failure,not_applicable,,0.0,,642,1675,2317,10329,model,text_truncated,exp_20260713_problem15_official-raw-v1,call000007_ebf1e51a,exp_20260713_problem15_official-raw-v1#fullrewrite/json4/rt04/forward
exp_20260713_problem15_official,json4,json,fullrewrite,4,backward,true,,fullrewrite,failure,not_applicable,,0.0,true,284,1212,1496,11238,quality,content_regression,exp_20260713_problem15_official-raw-v1,call000008_fe6c9cd6,exp_20260713_problem15_official-raw-v1#fullrewrite/json4/rt04/backward
exp_20260713_problem15_official,json4,json,fullrewrite,5,forward,true,,fullrewrite,success,not_applicable,,,,397,1821,2218,11351,none,none,exp_20260713_problem15_official-raw-v1,call000009_ff7f6e28,exp_20260713_problem15_official-raw-v1#fullrewrite/json4/rt05/forward
exp_20260713_problem15_official,json4,json,fullrewrite,5,backward,true,,fullrewrite,success,not_applicable,,0.002107728337236534,false,515,1456,1971,8519,none,none,exp_20260713_problem15_official-raw-v1,call000010_0b5645a3,exp_20260713_problem15_official-raw-v1#fullrewrite/json4/rt05/backward
exp_20260713_problem15_official,json4,json,fullrewrite,6,forward,true,,fullrewrite,success,not_applicable,,,,400,548,948,4265,none,none,exp_20260713_problem15_official-raw-v1,call000011_b500bbe1,exp_20260713_problem15_official-raw-v1#fullrewrite/json4/rt06/forward
exp_20260713_problem15_official,json4,json,fullrewrite,6,backward,true,,fullrewrite,success,not_applicable,,0.002107728337236534,false,389,305,694,3093,none,none,exp_20260713_problem15_official-raw-v1,call000012_4ff415f5,exp_20260713_problem15_official-raw-v1#fullrewrite/json4/rt06/backward
exp_20260713_problem15_official,json4,json,fullrewrite,7,forward,true,,fullrewrite,success,not_applicable,,,,457,1473,1930,12016,none,none,exp_20260713_problem15_official-raw-v1,call000013_af29c163,exp_20260713_problem15_official-raw-v1#fullrewrite/json4/rt07/forward
exp_20260713_problem15_official,json4,json,fullrewrite,7,backward,true,,fullrewrite,success,not_applicable,,0.000702576112412178,false,428,510,938,3295,none,none,exp_20260713_problem15_official-raw-v1,call000014_fe44c384,exp_20260713_problem15_official-raw-v1#fullrewrite/json4/rt07/backward
exp_20260713_problem15_official,json4,json,fullrewrite,8,forward,true,,fullrewrite,success,not_applicable,,,,389,524,913,4175,none,none,exp_20260713_problem15_official-raw-v1,call000015_ec4725f9,exp_20260713_problem15_official-raw-v1#fullrewrite/json4/rt08/forward
exp_20260713_problem15_official,json4,json,fullrewrite,8,backward,true,,fullrewrite,failure,not_applicable,,0.0,true,399,4535,4934,33082,evaluator,evaluator_error,exp_20260713_problem15_official-raw-v1,call000016_de41d3cd,exp_20260713_problem15_official-raw-v1#fullrewrite/json4/rt08/backward
exp_20260713_problem15_official,json4,json,fullrewrite,9,forward,true,,fullrewrite,success,not_applicable,,,,444,1468,1912,11614,none,none,exp_20260713_problem15_official-raw-v1,call000017_c75bf2d9,exp_20260713_problem15_official-raw-v1#fullrewrite/json4/rt09/forward
exp_20260713_problem15_official,json4,json,fullrewrite,9,backward,true,,fullrewrite,success,not_applicable,,0.005727923627684964,false,388,2674,3062,18631,none,none,exp_20260713_problem15_official-raw-v1,call000018_3916ea95,exp_20260713_problem15_official-raw-v1#fullrewrite/json4/rt09/backward
exp_20260713_problem15_official,json4,json,fullrewrite,10,forward,true,,fullrewrite,success,not_applicable,,,,410,984,1394,7084,none,none,exp_20260713_problem15_official-raw-v1,call000019_29dd492c,exp_20260713_problem15_official-raw-v1#fullrewrite/json4/rt10/forward
exp_20260713_problem15_official,json4,json,fullrewrite,10,backward,true,,fullrewrite,success,not_applicable,,0.005727923627684964,false,437,272,709,2882,none,none,exp_20260713_problem15_official-raw-v1,call000020_4851f8dd,exp_20260713_problem15_official-raw-v1#fullrewrite/json4/rt10/backward
exp_20260713_problem15_official,landmarks3,landmarks,hybridpatch,1,forward,false,Missing committed row.,none,missing,missing,,,,,,,,infrastructure,infrastructure_incomplete,exp_20260713_problem15_official-raw-v1,,exp_20260713_problem15_official-raw-v1#hybridpatch/landmarks3/rt01/forward
exp_20260713_problem15_official,landmarks3,landmarks,hybridpatch,1,backward,false,Missing committed row.,none,missing,missing,,,,,,,,infrastructure,infrastructure_incomplete,exp_20260713_problem15_official-raw-v1,,exp_20260713_problem15_official-raw-v1#hybridpatch/landmarks3/rt01/backward
exp_20260713_problem15_official,landmarks3,landmarks,hybridpatch,2,forward,false,Missing committed row.,none,missing,missing,,,,,,,,infrastructure,infrastructure_incomplete,exp_20260713_problem15_official-raw-v1,,exp_20260713_problem15_official-raw-v1#hybridpatch/landmarks3/rt02/forward
exp_20260713_problem15_official,landmarks3,landmarks,hybridpatch,2,backward,false,Missing committed row.,none,missing,missing,,,,,,,,infrastructure,infrastructure_incomplete,exp_20260713_problem15_official-raw-v1,,exp_20260713_problem15_official-raw-v1#hybridpatch/landmarks3/rt02/backward
exp_20260713_problem15_official,landmarks3,landmarks,hybridpatch,3,forward,false,Missing committed row.,none,missing,missing,,,,,,,,infrastructure,infrastructure_incomplete,exp_20260713_problem15_official-raw-v1,,exp_20260713_problem15_official-raw-v1#hybridpatch/landmarks3/rt03/forward
exp_20260713_problem15_official,landmarks3,landmarks,hybridpatch,3,backward,false,Missing committed row.,none,missing,missing,,,,,,,,infrastructure,infrastructure_incomplete,exp_20260713_problem15_official-raw-v1,,exp_20260713_problem15_official-raw-v1#hybridpatch/landmarks3/rt03/backward
exp_20260713_problem15_official,landmarks3,landmarks,hybridpatch,4,forward,false,Missing committed row.,none,missing,missing,,,,,,,,infrastructure,infrastructure_incomplete,exp_20260713_problem15_official-raw-v1,,exp_20260713_problem15_official-raw-v1#hybridpatch/landmarks3/rt04/forward
exp_20260713_problem15_official,landmarks3,landmarks,hybridpatch,4,backward,false,Missing committed row.,none,missing,missing,,,,,,,,infrastructure,infrastructure_incomplete,exp_20260713_problem15_official-raw-v1,,exp_20260713_problem15_official-raw-v1#hybridpatch/landmarks3/rt04/backward
exp_20260713_problem15_official,landmarks3,landmarks,hybridpatch,5,forward,false,Missing committed row.,none,missing,missing,,,,,,,,infrastructure,infrastructure_incomplete,exp_20260713_problem15_official-raw-v1,,exp_20260713_problem15_official-raw-v1#hybridpatch/landmarks3/rt05/forward
exp_20260713_problem15_official,landmarks3,landmarks,hybridpatch,5,backward,false,Missing committed row.,none,missing,missing,,,,,,,,infrastructure,infrastructure_incomplete,exp_20260713_problem15_official-raw-v1,,exp_20260713_problem15_official-raw-v1#hybridpatch/landmarks3/rt05/backward
exp_20260713_problem15_official,landmarks3,landmarks,hybridpatch,6,forward,false,Missing committed row.,none,missing,missing,,,,,,,,infrastructure,infrastructure_incomplete,exp_20260713_problem15_official-raw-v1,,exp_20260713_problem15_official-raw-v1#hybridpatch/landmarks3/rt06/forward
exp_20260713_problem15_official,landmarks3,landmarks,hybridpatch,6,backward,false,Missing committed row.,none,missing,missing,,,,,,,,infrastructure,infrastructure_incomplete,exp_20260713_problem15_official-raw-v1,,exp_20260713_problem15_official-raw-v1#hybridpatch/landmarks3/rt06/backward
exp_20260713_problem15_official,landmarks3,landmarks,hybridpatch,7,forward,false,Missing committed row.,none,missing,missing,,,,,,,,infrastructure,infrastructure_incomplete,exp_20260713_problem15_official-raw-v1,,exp_20260713_problem15_official-raw-v1#hybridpatch/landmarks3/rt07/forward
exp_20260713_problem15_official,landmarks3,landmarks,hybridpatch,7,backward,false,Missing committed row.,none,missing,missing,,,,,,,,infrastructure,infrastructure_incomplete,exp_20260713_problem15_official-raw-v1,,exp_20260713_problem15_official-raw-v1#hybridpatch/landmarks3/rt07/backward
exp_20260713_problem15_official,landmarks3,landmarks,hybridpatch,8,forward,false,Missing committed row.,none,missing,missing,,,,,,,,infrastructure,infrastructure_incomplete,exp_20260713_problem15_official-raw-v1,,exp_20260713_problem15_official-raw-v1#hybridpatch/landmarks3/rt08/forward
exp_20260713_problem15_official,landmarks3,landmarks,hybridpatch,8,backward,false,Missing committed row.,none,missing,missing,,,,,,,,infrastructure,infrastructure_incomplete,exp_20260713_problem15_official-raw-v1,,exp_20260713_problem15_official-raw-v1#hybridpatch/landmarks3/rt08/backward
exp_20260713_problem15_official,landmarks3,landmarks,hybridpatch,9,forward,false,Missing committed row.,none,missing,missing,,,,,,,,infrastructure,infrastructure_incomplete,exp_20260713_problem15_official-raw-v1,,exp_20260713_problem15_official-raw-v1#hybridpatch/landmarks3/rt09/forward
exp_20260713_problem15_official,landmarks3,landmarks,hybridpatch,9,backward,false,Missing committed row.,none,missing,missing,,,,,,,,infrastructure,infrastructure_incomplete,exp_20260713_problem15_official-raw-v1,,exp_20260713_problem15_official-raw-v1#hybridpatch/landmarks3/rt09/backward
exp_20260713_problem15_official,landmarks3,landmarks,hybridpatch,10,forward,false,Missing committed row.,none,missing,missing,,,,,,,,infrastructure,infrastructure_incomplete,exp_20260713_problem15_official-raw-v1,,exp_20260713_problem15_official-raw-v1#hybridpatch/landmarks3/rt10/forward
exp_20260713_problem15_official,landmarks3,landmarks,hybridpatch,10,backward,false,Missing committed row.,none,missing,missing,,,,,,,,infrastructure,infrastructure_incomplete,exp_20260713_problem15_official-raw-v1,,exp_20260713_problem15_official-raw-v1#hybridpatch/landmarks3/rt10/backward
exp_20260713_problem15_official,landmarks3,landmarks,fullrewrite,1,forward,true,,fullrewrite,failure,not_applicable,,0.0,,4013,4445,8458,27607,model,text_truncated,exp_20260713_problem15_official-raw-v1,call000001_c474edcc,exp_20260713_problem15_official-raw-v1#fullrewrite/landmarks3/rt01/forward
exp_20260713_problem15_official,landmarks3,landmarks,fullrewrite,1,backward,true,,fullrewrite,success,not_applicable,,0.0,false,270,1367,1637,10819,none,none,exp_20260713_problem15_official-raw-v1,call000002_f3a8a73d,exp_20260713_problem15_official-raw-v1#fullrewrite/landmarks3/rt01/backward
exp_20260713_problem15_official,landmarks3,landmarks,fullrewrite,2,forward,true,,fullrewrite,failure,not_applicable,,0.0,,1168,1574,2742,9855,model,text_truncated,exp_20260713_problem15_official-raw-v1,call000003_a062d713,exp_20260713_problem15_official-raw-v1#fullrewrite/landmarks3/rt02/forward
exp_20260713_problem15_official,landmarks3,landmarks,fullrewrite,2,backward,true,,fullrewrite,success,not_applicable,,0.0,false,407,507,914,4334,none,none,exp_20260713_problem15_official-raw-v1,call000004_236eaf84,exp_20260713_problem15_official-raw-v1#fullrewrite/landmarks3/rt02/backward
exp_20260713_problem15_official,landmarks3,landmarks,fullrewrite,3,forward,true,,fullrewrite,success,not_applicable,,,,550,1574,2124,32896,none,none,exp_20260713_problem15_official-raw-v1,call000005_d211932f,exp_20260713_problem15_official-raw-v1#fullrewrite/landmarks3/rt03/forward
exp_20260713_problem15_official,landmarks3,landmarks,fullrewrite,3,backward,true,,fullrewrite,success,not_applicable,,0.0,false,682,1278,1960,9891,none,none,exp_20260713_problem15_official-raw-v1,call000006_00c3bbad,exp_20260713_problem15_official-raw-v1#fullrewrite/landmarks3/rt03/backward
exp_20260713_problem15_official,landmarks3,landmarks,fullrewrite,4,forward,true,,fullrewrite,failure,not_applicable,,0.0,,672,51067,51739,405407,model,empty_response,exp_20260713_problem15_official-raw-v1,call000007_ba5bf59f,exp_20260713_problem15_official-raw-v1#fullrewrite/landmarks3/rt04/forward
exp_20260713_problem15_official,landmarks3,landmarks,fullrewrite,4,backward,true,,fullrewrite,failure,not_applicable,,0.0,false,321,2241,2562,13791,model,text_truncated,exp_20260713_problem15_official-raw-v1,call000008_805a82db,exp_20260713_problem15_official-raw-v1#fullrewrite/landmarks3/rt04/backward
exp_20260713_problem15_official,landmarks3,landmarks,fullrewrite,5,forward,true,,fullrewrite,degraded,unchanged,,0.0,,350,392,742,3445,quality,content_regression,exp_20260713_problem15_official-raw-v1,call000009_b117eac6,exp_20260713_problem15_official-raw-v1#fullrewrite/landmarks3/rt05/forward
exp_20260713_problem15_official,landmarks3,landmarks,fullrewrite,5,backward,true,,fullrewrite,success,not_applicable,,0.0,false,294,1783,2077,10074,none,none,exp_20260713_problem15_official-raw-v1,call000010_2ff42ed9,exp_20260713_problem15_official-raw-v1#fullrewrite/landmarks3/rt05/backward
exp_20260713_problem15_official,landmarks3,landmarks,fullrewrite,6,forward,true,,fullrewrite,success,not_applicable,,,,1944,2324,4268,12700,none,none,exp_20260713_problem15_official-raw-v1,call000011_a58d6042,exp_20260713_problem15_official-raw-v1#fullrewrite/landmarks3/rt06/forward
exp_20260713_problem15_official,landmarks3,landmarks,fullrewrite,6,backward,true,,fullrewrite,success,not_applicable,,0.0,false,1328,3727,5055,24871,none,none,exp_20260713_problem15_official-raw-v1,call000012_8e1f4f59,exp_20260713_problem15_official-raw-v1#fullrewrite/landmarks3/rt06/backward
exp_20260713_problem15_official,landmarks3,landmarks,fullrewrite,7,forward,true,,fullrewrite,success,not_applicable,,,,1923,2915,4838,18621,none,none,exp_20260713_problem15_official-raw-v1,call000013_a0d97c30,exp_20260713_problem15_official-raw-v1#fullrewrite/landmarks3/rt07/forward
exp_20260713_problem15_official,landmarks3,landmarks,fullrewrite,7,backward,true,,fullrewrite,failure,not_applicable,,0.0,false,2181,682,2863,4659,model,text_truncated,exp_20260713_problem15_official-raw-v1,call000014_ec19faca,exp_20260713_problem15_official-raw-v1#fullrewrite/landmarks3/rt07/backward
exp_20260713_problem15_official,landmarks3,landmarks,fullrewrite,8,forward,true,,fullrewrite,success,not_applicable,,,,315,656,971,5560,none,none,exp_20260713_problem15_official-raw-v1,call000015_dcc89587,exp_20260713_problem15_official-raw-v1#fullrewrite/landmarks3/rt08/forward
exp_20260713_problem15_official,landmarks3,landmarks,fullrewrite,8,backward,true,,fullrewrite,success,not_applicable,,0.0,false,491,486,977,4613,none,none,exp_20260713_problem15_official-raw-v1,call000016_30b30033,exp_20260713_problem15_official-raw-v1#fullrewrite/landmarks3/rt08/backward
exp_20260713_problem15_official,landmarks3,landmarks,fullrewrite,9,forward,true,,fullrewrite,success,not_applicable,,,,394,301,695,3038,none,none,exp_20260713_problem15_official-raw-v1,call000017_23ed8b3f,exp_20260713_problem15_official-raw-v1#fullrewrite/landmarks3/rt09/forward
exp_20260713_problem15_official,landmarks3,landmarks,fullrewrite,9,backward,true,,fullrewrite,success,not_applicable,,0.0,false,394,279,673,2792,none,none,exp_20260713_problem15_official-raw-v1,call000018_96d453cc,exp_20260713_problem15_official-raw-v1#fullrewrite/landmarks3/rt09/backward
exp_20260713_problem15_official,landmarks3,landmarks,fullrewrite,10,forward,true,,fullrewrite,success,not_applicable,,,,603,2656,3259,19514,none,none,exp_20260713_problem15_official-raw-v1,call000019_61911027,exp_20260713_problem15_official-raw-v1#fullrewrite/landmarks3/rt10/forward
exp_20260713_problem15_official,landmarks3,landmarks,fullrewrite,10,backward,true,,fullrewrite,success,not_applicable,,0.0,false,601,990,1591,6897,none,none,exp_20260713_problem15_official-raw-v1,call000020_d79be49f,exp_20260713_problem15_official-raw-v1#fullrewrite/landmarks3/rt10/backward
exp_20260713_problem15_official,mathlean2,mathlean,hybridpatch,1,forward,false,No committed result rows.,none,missing,missing,,,,,,,,infrastructure,infrastructure_incomplete,exp_20260713_problem15_official-raw-v1,,exp_20260713_problem15_official-raw-v1#hybridpatch/mathlean2/rt01/forward
exp_20260713_problem15_official,mathlean2,mathlean,hybridpatch,1,backward,false,No committed result rows.,none,missing,missing,,,,,,,,infrastructure,infrastructure_incomplete,exp_20260713_problem15_official-raw-v1,,exp_20260713_problem15_official-raw-v1#hybridpatch/mathlean2/rt01/backward
exp_20260713_problem15_official,mathlean2,mathlean,hybridpatch,2,forward,false,No committed result rows.,none,missing,missing,,,,,,,,infrastructure,infrastructure_incomplete,exp_20260713_problem15_official-raw-v1,,exp_20260713_problem15_official-raw-v1#hybridpatch/mathlean2/rt02/forward
exp_20260713_problem15_official,mathlean2,mathlean,hybridpatch,2,backward,false,No committed result rows.,none,missing,missing,,,,,,,,infrastructure,infrastructure_incomplete,exp_20260713_problem15_official-raw-v1,,exp_20260713_problem15_official-raw-v1#hybridpatch/mathlean2/rt02/backward
exp_20260713_problem15_official,mathlean2,mathlean,hybridpatch,3,forward,false,No committed result rows.,none,missing,missing,,,,,,,,infrastructure,infrastructure_incomplete,exp_20260713_problem15_official-raw-v1,,exp_20260713_problem15_official-raw-v1#hybridpatch/mathlean2/rt03/forward
exp_20260713_problem15_official,mathlean2,mathlean,hybridpatch,3,backward,false,No committed result rows.,none,missing,missing,,,,,,,,infrastructure,infrastructure_incomplete,exp_20260713_problem15_official-raw-v1,,exp_20260713_problem15_official-raw-v1#hybridpatch/mathlean2/rt03/backward
exp_20260713_problem15_official,mathlean2,mathlean,hybridpatch,4,forward,false,No committed result rows.,none,missing,missing,,,,,,,,infrastructure,infrastructure_incomplete,exp_20260713_problem15_official-raw-v1,,exp_20260713_problem15_official-raw-v1#hybridpatch/mathlean2/rt04/forward
exp_20260713_problem15_official,mathlean2,mathlean,hybridpatch,4,backward,false,No committed result rows.,none,missing,missing,,,,,,,,infrastructure,infrastructure_incomplete,exp_20260713_problem15_official-raw-v1,,exp_20260713_problem15_official-raw-v1#hybridpatch/mathlean2/rt04/backward
exp_20260713_problem15_official,mathlean2,mathlean,hybridpatch,5,forward,false,No committed result rows.,none,missing,missing,,,,,,,,infrastructure,infrastructure_incomplete,exp_20260713_problem15_official-raw-v1,,exp_20260713_problem15_official-raw-v1#hybridpatch/mathlean2/rt05/forward
exp_20260713_problem15_official,mathlean2,mathlean,hybridpatch,5,backward,false,No committed result rows.,none,missing,missing,,,,,,,,infrastructure,infrastructure_incomplete,exp_20260713_problem15_official-raw-v1,,exp_20260713_problem15_official-raw-v1#hybridpatch/mathlean2/rt05/backward
exp_20260713_problem15_official,mathlean2,mathlean,hybridpatch,6,forward,false,No committed result rows.,none,missing,missing,,,,,,,,infrastructure,infrastructure_incomplete,exp_20260713_problem15_official-raw-v1,,exp_20260713_problem15_official-raw-v1#hybridpatch/mathlean2/rt06/forward
exp_20260713_problem15_official,mathlean2,mathlean,hybridpatch,6,backward,false,No committed result rows.,none,missing,missing,,,,,,,,infrastructure,infrastructure_incomplete,exp_20260713_problem15_official-raw-v1,,exp_20260713_problem15_official-raw-v1#hybridpatch/mathlean2/rt06/backward
exp_20260713_problem15_official,mathlean2,mathlean,hybridpatch,7,forward,false,No committed result rows.,none,missing,missing,,,,,,,,infrastructure,infrastructure_incomplete,exp_20260713_problem15_official-raw-v1,,exp_20260713_problem15_official-raw-v1#hybridpatch/mathlean2/rt07/forward
exp_20260713_problem15_official,mathlean2,mathlean,hybridpatch,7,backward,false,No committed result rows.,none,missing,missing,,,,,,,,infrastructure,infrastructure_incomplete,exp_20260713_problem15_official-raw-v1,,exp_20260713_problem15_official-raw-v1#hybridpatch/mathlean2/rt07/backward
exp_20260713_problem15_official,mathlean2,mathlean,hybridpatch,8,forward,false,No committed result rows.,none,missing,missing,,,,,,,,infrastructure,infrastructure_incomplete,exp_20260713_problem15_official-raw-v1,,exp_20260713_problem15_official-raw-v1#hybridpatch/mathlean2/rt08/forward
exp_20260713_problem15_official,mathlean2,mathlean,hybridpatch,8,backward,false,No committed result rows.,none,missing,missing,,,,,,,,infrastructure,infrastructure_incomplete,exp_20260713_problem15_official-raw-v1,,exp_20260713_problem15_official-raw-v1#hybridpatch/mathlean2/rt08/backward
exp_20260713_problem15_official,mathlean2,mathlean,hybridpatch,9,forward,false,No committed result rows.,none,missing,missing,,,,,,,,infrastructure,infrastructure_incomplete,exp_20260713_problem15_official-raw-v1,,exp_20260713_problem15_official-raw-v1#hybridpatch/mathlean2/rt09/forward
exp_20260713_problem15_official,mathlean2,mathlean,hybridpatch,9,backward,false,No committed result rows.,none,missing,missing,,,,,,,,infrastructure,infrastructure_incomplete,exp_20260713_problem15_official-raw-v1,,exp_20260713_problem15_official-raw-v1#hybridpatch/mathlean2/rt09/backward
exp_20260713_problem15_official,mathlean2,mathlean,hybridpatch,10,forward,false,No committed result rows.,none,missing,missing,,,,,,,,infrastructure,infrastructure_incomplete,exp_20260713_problem15_official-raw-v1,,exp_20260713_problem15_official-raw-v1#hybridpatch/mathlean2/rt10/forward
exp_20260713_problem15_official,mathlean2,mathlean,hybridpatch,10,backward,false,No committed result rows.,none,missing,missing,,,,,,,,infrastructure,infrastructure_incomplete,exp_20260713_problem15_official-raw-v1,,exp_20260713_problem15_official-raw-v1#hybridpatch/mathlean2/rt10/backward
exp_20260713_problem15_official,mathlean2,mathlean,fullrewrite,1,forward,false,No committed result rows.,none,missing,missing,,,,,,,,infrastructure,infrastructure_incomplete,exp_20260713_problem15_official-raw-v1,,exp_20260713_problem15_official-raw-v1#fullrewrite/mathlean2/rt01/forward
exp_20260713_problem15_official,mathlean2,mathlean,fullrewrite,1,backward,false,No committed result rows.,none,missing,missing,,,,,,,,infrastructure,infrastructure_incomplete,exp_20260713_problem15_official-raw-v1,,exp_20260713_problem15_official-raw-v1#fullrewrite/mathlean2/rt01/backward
exp_20260713_problem15_official,mathlean2,mathlean,fullrewrite,2,forward,false,No committed result rows.,none,missing,missing,,,,,,,,infrastructure,infrastructure_incomplete,exp_20260713_problem15_official-raw-v1,,exp_20260713_problem15_official-raw-v1#fullrewrite/mathlean2/rt02/forward
exp_20260713_problem15_official,mathlean2,mathlean,fullrewrite,2,backward,false,No committed result rows.,none,missing,missing,,,,,,,,infrastructure,infrastructure_incomplete,exp_20260713_problem15_official-raw-v1,,exp_20260713_problem15_official-raw-v1#fullrewrite/mathlean2/rt02/backward
exp_20260713_problem15_official,mathlean2,mathlean,fullrewrite,3,forward,false,No committed result rows.,none,missing,missing,,,,,,,,infrastructure,infrastructure_incomplete,exp_20260713_problem15_official-raw-v1,,exp_20260713_problem15_official-raw-v1#fullrewrite/mathlean2/rt03/forward
exp_20260713_problem15_official,mathlean2,mathlean,fullrewrite,3,backward,false,No committed result rows.,none,missing,missing,,,,,,,,infrastructure,infrastructure_incomplete,exp_20260713_problem15_official-raw-v1,,exp_20260713_problem15_official-raw-v1#fullrewrite/mathlean2/rt03/backward
exp_20260713_problem15_official,mathlean2,mathlean,fullrewrite,4,forward,false,No committed result rows.,none,missing,missing,,,,,,,,infrastructure,infrastructure_incomplete,exp_20260713_problem15_official-raw-v1,,exp_20260713_problem15_official-raw-v1#fullrewrite/mathlean2/rt04/forward
exp_20260713_problem15_official,mathlean2,mathlean,fullrewrite,4,backward,false,No committed result rows.,none,missing,missing,,,,,,,,infrastructure,infrastructure_incomplete,exp_20260713_problem15_official-raw-v1,,exp_20260713_problem15_official-raw-v1#fullrewrite/mathlean2/rt04/backward
exp_20260713_problem15_official,mathlean2,mathlean,fullrewrite,5,forward,false,No committed result rows.,none,missing,missing,,,,,,,,infrastructure,infrastructure_incomplete,exp_20260713_problem15_official-raw-v1,,exp_20260713_problem15_official-raw-v1#fullrewrite/mathlean2/rt05/forward
exp_20260713_problem15_official,mathlean2,mathlean,fullrewrite,5,backward,false,No committed result rows.,none,missing,missing,,,,,,,,infrastructure,infrastructure_incomplete,exp_20260713_problem15_official-raw-v1,,exp_20260713_problem15_official-raw-v1#fullrewrite/mathlean2/rt05/backward
exp_20260713_problem15_official,mathlean2,mathlean,fullrewrite,6,forward,false,No committed result rows.,none,missing,missing,,,,,,,,infrastructure,infrastructure_incomplete,exp_20260713_problem15_official-raw-v1,,exp_20260713_problem15_official-raw-v1#fullrewrite/mathlean2/rt06/forward
exp_20260713_problem15_official,mathlean2,mathlean,fullrewrite,6,backward,false,No committed result rows.,none,missing,missing,,,,,,,,infrastructure,infrastructure_incomplete,exp_20260713_problem15_official-raw-v1,,exp_20260713_problem15_official-raw-v1#fullrewrite/mathlean2/rt06/backward
exp_20260713_problem15_official,mathlean2,mathlean,fullrewrite,7,forward,false,No committed result rows.,none,missing,missing,,,,,,,,infrastructure,infrastructure_incomplete,exp_20260713_problem15_official-raw-v1,,exp_20260713_problem15_official-raw-v1#fullrewrite/mathlean2/rt07/forward
exp_20260713_problem15_official,mathlean2,mathlean,fullrewrite,7,backward,false,No committed result rows.,none,missing,missing,,,,,,,,infrastructure,infrastructure_incomplete,exp_20260713_problem15_official-raw-v1,,exp_20260713_problem15_official-raw-v1#fullrewrite/mathlean2/rt07/backward
exp_20260713_problem15_official,mathlean2,mathlean,fullrewrite,8,forward,false,No committed result rows.,none,missing,missing,,,,,,,,infrastructure,infrastructure_incomplete,exp_20260713_problem15_official-raw-v1,,exp_20260713_problem15_official-raw-v1#fullrewrite/mathlean2/rt08/forward
exp_20260713_problem15_official,mathlean2,mathlean,fullrewrite,8,backward,false,No committed result rows.,none,missing,missing,,,,,,,,infrastructure,infrastructure_incomplete,exp_20260713_problem15_official-raw-v1,,exp_20260713_problem15_official-raw-v1#fullrewrite/mathlean2/rt08/backward
exp_20260713_problem15_official,mathlean2,mathlean,fullrewrite,9,forward,false,No committed result rows.,none,missing,missing,,,,,,,,infrastructure,infrastructure_incomplete,exp_20260713_problem15_official-raw-v1,,exp_20260713_problem15_official-raw-v1#fullrewrite/mathlean2/rt09/forward
exp_20260713_problem15_official,mathlean2,mathlean,fullrewrite,9,backward,false,No committed result rows.,none,missing,missing,,,,,,,,infrastructure,infrastructure_incomplete,exp_20260713_problem15_official-raw-v1,,exp_20260713_problem15_official-raw-v1#fullrewrite/mathlean2/rt09/backward
exp_20260713_problem15_official,mathlean2,mathlean,fullrewrite,10,forward,false,No committed result rows.,none,missing,missing,,,,,,,,infrastructure,infrastructure_incomplete,exp_20260713_problem15_official-raw-v1,,exp_20260713_problem15_official-raw-v1#fullrewrite/mathlean2/rt10/forward
exp_20260713_problem15_official,mathlean2,mathlean,fullrewrite,10,backward,false,No committed result rows.,none,missing,missing,,,,,,,,infrastructure,infrastructure_incomplete,exp_20260713_problem15_official-raw-v1,,exp_20260713_problem15_official-raw-v1#fullrewrite/mathlean2/rt10/backward
exp_20260713_problem15_official,obj3d2,objd,hybridpatch,1,forward,false,Missing committed row.,none,missing,missing,,,,,,,,infrastructure,infrastructure_incomplete,exp_20260713_problem15_official-raw-v1,,exp_20260713_problem15_official-raw-v1#hybridpatch/obj3d2/rt01/forward
exp_20260713_problem15_official,obj3d2,objd,hybridpatch,1,backward,false,Missing committed row.,none,missing,missing,,,,,,,,infrastructure,infrastructure_incomplete,exp_20260713_problem15_official-raw-v1,,exp_20260713_problem15_official-raw-v1#hybridpatch/obj3d2/rt01/backward
exp_20260713_problem15_official,obj3d2,objd,hybridpatch,2,forward,false,Missing committed row.,none,missing,missing,,,,,,,,infrastructure,infrastructure_incomplete,exp_20260713_problem15_official-raw-v1,,exp_20260713_problem15_official-raw-v1#hybridpatch/obj3d2/rt02/forward
exp_20260713_problem15_official,obj3d2,objd,hybridpatch,2,backward,false,Missing committed row.,none,missing,missing,,,,,,,,infrastructure,infrastructure_incomplete,exp_20260713_problem15_official-raw-v1,,exp_20260713_problem15_official-raw-v1#hybridpatch/obj3d2/rt02/backward
exp_20260713_problem15_official,obj3d2,objd,hybridpatch,3,forward,false,Missing committed row.,none,missing,missing,,,,,,,,infrastructure,infrastructure_incomplete,exp_20260713_problem15_official-raw-v1,,exp_20260713_problem15_official-raw-v1#hybridpatch/obj3d2/rt03/forward
exp_20260713_problem15_official,obj3d2,objd,hybridpatch,3,backward,false,Missing committed row.,none,missing,missing,,,,,,,,infrastructure,infrastructure_incomplete,exp_20260713_problem15_official-raw-v1,,exp_20260713_problem15_official-raw-v1#hybridpatch/obj3d2/rt03/backward
exp_20260713_problem15_official,obj3d2,objd,hybridpatch,4,forward,false,Missing committed row.,none,missing,missing,,,,,,,,infrastructure,infrastructure_incomplete,exp_20260713_problem15_official-raw-v1,,exp_20260713_problem15_official-raw-v1#hybridpatch/obj3d2/rt04/forward
exp_20260713_problem15_official,obj3d2,objd,hybridpatch,4,backward,false,Missing committed row.,none,missing,missing,,,,,,,,infrastructure,infrastructure_incomplete,exp_20260713_problem15_official-raw-v1,,exp_20260713_problem15_official-raw-v1#hybridpatch/obj3d2/rt04/backward
exp_20260713_problem15_official,obj3d2,objd,hybridpatch,5,forward,false,Missing committed row.,none,missing,missing,,,,,,,,infrastructure,infrastructure_incomplete,exp_20260713_problem15_official-raw-v1,,exp_20260713_problem15_official-raw-v1#hybridpatch/obj3d2/rt05/forward
exp_20260713_problem15_official,obj3d2,objd,hybridpatch,5,backward,false,Missing committed row.,none,missing,missing,,,,,,,,infrastructure,infrastructure_incomplete,exp_20260713_problem15_official-raw-v1,,exp_20260713_problem15_official-raw-v1#hybridpatch/obj3d2/rt05/backward
exp_20260713_problem15_official,obj3d2,objd,hybridpatch,6,forward,false,Missing committed row.,none,missing,missing,,,,,,,,infrastructure,infrastructure_incomplete,exp_20260713_problem15_official-raw-v1,,exp_20260713_problem15_official-raw-v1#hybridpatch/obj3d2/rt06/forward
exp_20260713_problem15_official,obj3d2,objd,hybridpatch,6,backward,false,Missing committed row.,none,missing,missing,,,,,,,,infrastructure,infrastructure_incomplete,exp_20260713_problem15_official-raw-v1,,exp_20260713_problem15_official-raw-v1#hybridpatch/obj3d2/rt06/backward
exp_20260713_problem15_official,obj3d2,objd,hybridpatch,7,forward,false,Missing committed row.,none,missing,missing,,,,,,,,infrastructure,infrastructure_incomplete,exp_20260713_problem15_official-raw-v1,,exp_20260713_problem15_official-raw-v1#hybridpatch/obj3d2/rt07/forward
exp_20260713_problem15_official,obj3d2,objd,hybridpatch,7,backward,false,Missing committed row.,none,missing,missing,,,,,,,,infrastructure,infrastructure_incomplete,exp_20260713_problem15_official-raw-v1,,exp_20260713_problem15_official-raw-v1#hybridpatch/obj3d2/rt07/backward
exp_20260713_problem15_official,obj3d2,objd,hybridpatch,8,forward,false,Missing committed row.,none,missing,missing,,,,,,,,infrastructure,infrastructure_incomplete,exp_20260713_problem15_official-raw-v1,,exp_20260713_problem15_official-raw-v1#hybridpatch/obj3d2/rt08/forward
exp_20260713_problem15_official,obj3d2,objd,hybridpatch,8,backward,false,Missing committed row.,none,missing,missing,,,,,,,,infrastructure,infrastructure_incomplete,exp_20260713_problem15_official-raw-v1,,exp_20260713_problem15_official-raw-v1#hybridpatch/obj3d2/rt08/backward
exp_20260713_problem15_official,obj3d2,objd,hybridpatch,9,forward,false,Missing committed row.,none,missing,missing,,,,,,,,infrastructure,infrastructure_incomplete,exp_20260713_problem15_official-raw-v1,,exp_20260713_problem15_official-raw-v1#hybridpatch/obj3d2/rt09/forward
exp_20260713_problem15_official,obj3d2,objd,hybridpatch,9,backward,false,Missing committed row.,none,missing,missing,,,,,,,,infrastructure,infrastructure_incomplete,exp_20260713_problem15_official-raw-v1,,exp_20260713_problem15_official-raw-v1#hybridpatch/obj3d2/rt09/backward
exp_20260713_problem15_official,obj3d2,objd,hybridpatch,10,forward,false,Missing committed row.,none,missing,missing,,,,,,,,infrastructure,infrastructure_incomplete,exp_20260713_problem15_official-raw-v1,,exp_20260713_problem15_official-raw-v1#hybridpatch/obj3d2/rt10/forward
exp_20260713_problem15_official,obj3d2,objd,hybridpatch,10,backward,false,Missing committed row.,none,missing,missing,,,,,,,,infrastructure,infrastructure_incomplete,exp_20260713_problem15_official-raw-v1,,exp_20260713_problem15_official-raw-v1#hybridpatch/obj3d2/rt10/backward
exp_20260713_problem15_official,obj3d2,objd,fullrewrite,1,forward,true,,fullrewrite,success,not_applicable,,,,4769,18093,22862,95660,none,none,exp_20260713_problem15_official-raw-v1,call000001_7ce8870a,exp_20260713_problem15_official-raw-v1#fullrewrite/obj3d2/rt01/forward
exp_20260713_problem15_official,obj3d2,objd,fullrewrite,1,backward,true,,fullrewrite,success,not_applicable,,1.0,false,4601,35011,39612,194225,none,none,exp_20260713_problem15_official-raw-v1,call000002_2350b285,exp_20260713_problem15_official-raw-v1#fullrewrite/obj3d2/rt01/backward
exp_20260713_problem15_official,obj3d2,objd,fullrewrite,2,forward,true,,fullrewrite,failure,not_applicable,,0.0,,4790,7484,12274,45792,model,text_truncated,exp_20260713_problem15_official-raw-v1,call000003_60bdead6,exp_20260713_problem15_official-raw-v1#fullrewrite/obj3d2/rt02/forward
exp_20260713_problem15_official,obj3d2,objd,fullrewrite,2,backward,true,,fullrewrite,failure,not_applicable,,0.0,true,312,377,689,3536,quality,content_regression,exp_20260713_problem15_official-raw-v1,call000004_74204b68,exp_20260713_problem15_official-raw-v1#fullrewrite/obj3d2/rt02/backward
exp_20260713_problem15_official,obj3d2,objd,fullrewrite,3,forward,true,,fullrewrite,success,not_applicable,,,,371,1451,1822,12073,none,none,exp_20260713_problem15_official-raw-v1,call000005_42d0ac99,exp_20260713_problem15_official-raw-v1#fullrewrite/obj3d2/rt03/forward
exp_20260713_problem15_official,obj3d2,objd,fullrewrite,3,backward,true,,fullrewrite,failure,not_applicable,,0.0,false,1723,1421,3144,12894,model,text_truncated,exp_20260713_problem15_official-raw-v1,call000006_c0a20c98,exp_20260713_problem15_official-raw-v1#fullrewrite/obj3d2/rt03/backward
exp_20260713_problem15_official,obj3d2,objd,fullrewrite,4,forward,true,,fullrewrite,failure,not_applicable,,0.0,,592,4155,4747,27675,model,empty_response,exp_20260713_problem15_official-raw-v1,call000007_37ccc93e,exp_20260713_problem15_official-raw-v1#fullrewrite/obj3d2/rt04/forward
exp_20260713_problem15_official,obj3d2,objd,fullrewrite,4,backward,true,,fullrewrite,failure,not_applicable,,0.0,false,286,326,612,2561,quality,content_regression,exp_20260713_problem15_official-raw-v1,call000008_97e80f2b,exp_20260713_problem15_official-raw-v1#fullrewrite/obj3d2/rt04/backward
exp_20260713_problem15_official,obj3d2,objd,fullrewrite,5,forward,true,,fullrewrite,degraded,unchanged,,0.0,,390,8165,8555,55230,model,empty_response,exp_20260713_problem15_official-raw-v1,call000009_5445c34e,exp_20260713_problem15_official-raw-v1#fullrewrite/obj3d2/rt05/forward
exp_20260713_problem15_official,obj3d2,objd,fullrewrite,5,backward,true,,fullrewrite,failure,not_applicable,,0.0,false,284,407,691,5046,quality,content_regression,exp_20260713_problem15_official-raw-v1,call000010_1ceb3d99,exp_20260713_problem15_official-raw-v1#fullrewrite/obj3d2/rt05/backward
exp_20260713_problem15_official,obj3d2,objd,fullrewrite,6,forward,true,,fullrewrite,degraded,unchanged,,0.0,,380,1868,2248,9941,model,text_truncated,exp_20260713_problem15_official-raw-v1,call000011_2ba21466,exp_20260713_problem15_official-raw-v1#fullrewrite/obj3d2/rt06/forward
exp_20260713_problem15_official,obj3d2,objd,fullrewrite,6,backward,true,,fullrewrite,success,not_applicable,,0.0,false,304,1640,1944,11736,none,none,exp_20260713_problem15_official-raw-v1,call000012_f390195b,exp_20260713_problem15_official-raw-v1#fullrewrite/obj3d2/rt06/backward
exp_20260713_problem15_official,obj3d2,objd,fullrewrite,7,forward,true,,fullrewrite,failure,not_applicable,,0.0,,992,2438,3430,16517,model,empty_response,exp_20260713_problem15_official-raw-v1,call000013_b91018c7,exp_20260713_problem15_official-raw-v1#fullrewrite/obj3d2/rt07/forward
exp_20260713_problem15_official,obj3d2,objd,fullrewrite,7,backward,true,,fullrewrite,failure,not_applicable,,0.0,false,347,29,376,1232,model,near_empty_response,exp_20260713_problem15_official-raw-v1,call000014_6d8dbb9e,exp_20260713_problem15_official-raw-v1#fullrewrite/obj3d2/rt07/backward
exp_20260713_problem15_official,obj3d2,objd,fullrewrite,8,forward,true,,fullrewrite,degraded,unchanged,,0.0,,398,35,433,1340,model,near_empty_response,exp_20260713_problem15_official-raw-v1,call000015_5d5b2496,exp_20260713_problem15_official-raw-v1#fullrewrite/obj3d2/rt08/forward
exp_20260713_problem15_official,obj3d2,objd,fullrewrite,8,backward,true,,fullrewrite,failure,not_applicable,,0.0,false,292,102,394,1736,model,near_empty_response,exp_20260713_problem15_official-raw-v1,call000016_31f0f460,exp_20260713_problem15_official-raw-v1#fullrewrite/obj3d2/rt08/backward
exp_20260713_problem15_official,obj3d2,objd,fullrewrite,9,forward,true,,fullrewrite,success,not_applicable,,,,379,13923,14302,202095,none,none,exp_20260713_problem15_official-raw-v1,call000017_3315a0dc,exp_20260713_problem15_official-raw-v1#fullrewrite/obj3d2/rt09/forward
exp_20260713_problem15_official,obj3d2,objd,fullrewrite,9,backward,true,,fullrewrite,success,not_applicable,,0.0,false,1352,2621,3973,17374,none,none,exp_20260713_problem15_official-raw-v1,call000018_99b1e1ca,exp_20260713_problem15_official-raw-v1#fullrewrite/obj3d2/rt09/backward
exp_20260713_problem15_official,obj3d2,objd,fullrewrite,10,forward,true,,fullrewrite,failure,not_applicable,,0.0,,1284,5267,6551,36740,model,empty_response,exp_20260713_problem15_official-raw-v1,call000019_2efd09d7,exp_20260713_problem15_official-raw-v1#fullrewrite/obj3d2/rt10/forward
exp_20260713_problem15_official,obj3d2,objd,fullrewrite,10,backward,true,,fullrewrite,success,not_applicable,,0.0,false,286,495,781,4730,none,none,exp_20260713_problem15_official-raw-v1,call000020_3a5af657,exp_20260713_problem15_official-raw-v1#fullrewrite/obj3d2/rt10/backward
exp_20260713_problem15_official,protein1,protein,hybridpatch,1,forward,false,Missing committed row.,none,missing,missing,,,,,,,,infrastructure,infrastructure_incomplete,exp_20260713_problem15_official-raw-v1,,exp_20260713_problem15_official-raw-v1#hybridpatch/protein1/rt01/forward
exp_20260713_problem15_official,protein1,protein,hybridpatch,1,backward,false,Missing committed row.,none,missing,missing,,,,,,,,infrastructure,infrastructure_incomplete,exp_20260713_problem15_official-raw-v1,,exp_20260713_problem15_official-raw-v1#hybridpatch/protein1/rt01/backward
exp_20260713_problem15_official,protein1,protein,hybridpatch,2,forward,false,Missing committed row.,none,missing,missing,,,,,,,,infrastructure,infrastructure_incomplete,exp_20260713_problem15_official-raw-v1,,exp_20260713_problem15_official-raw-v1#hybridpatch/protein1/rt02/forward
exp_20260713_problem15_official,protein1,protein,hybridpatch,2,backward,false,Missing committed row.,none,missing,missing,,,,,,,,infrastructure,infrastructure_incomplete,exp_20260713_problem15_official-raw-v1,,exp_20260713_problem15_official-raw-v1#hybridpatch/protein1/rt02/backward
exp_20260713_problem15_official,protein1,protein,hybridpatch,3,forward,false,Missing committed row.,none,missing,missing,,,,,,,,infrastructure,infrastructure_incomplete,exp_20260713_problem15_official-raw-v1,,exp_20260713_problem15_official-raw-v1#hybridpatch/protein1/rt03/forward
exp_20260713_problem15_official,protein1,protein,hybridpatch,3,backward,false,Missing committed row.,none,missing,missing,,,,,,,,infrastructure,infrastructure_incomplete,exp_20260713_problem15_official-raw-v1,,exp_20260713_problem15_official-raw-v1#hybridpatch/protein1/rt03/backward
exp_20260713_problem15_official,protein1,protein,hybridpatch,4,forward,false,Missing committed row.,none,missing,missing,,,,,,,,infrastructure,infrastructure_incomplete,exp_20260713_problem15_official-raw-v1,,exp_20260713_problem15_official-raw-v1#hybridpatch/protein1/rt04/forward
exp_20260713_problem15_official,protein1,protein,hybridpatch,4,backward,false,Missing committed row.,none,missing,missing,,,,,,,,infrastructure,infrastructure_incomplete,exp_20260713_problem15_official-raw-v1,,exp_20260713_problem15_official-raw-v1#hybridpatch/protein1/rt04/backward
exp_20260713_problem15_official,protein1,protein,hybridpatch,5,forward,false,Missing committed row.,none,missing,missing,,,,,,,,infrastructure,infrastructure_incomplete,exp_20260713_problem15_official-raw-v1,,exp_20260713_problem15_official-raw-v1#hybridpatch/protein1/rt05/forward
exp_20260713_problem15_official,protein1,protein,hybridpatch,5,backward,false,Missing committed row.,none,missing,missing,,,,,,,,infrastructure,infrastructure_incomplete,exp_20260713_problem15_official-raw-v1,,exp_20260713_problem15_official-raw-v1#hybridpatch/protein1/rt05/backward
exp_20260713_problem15_official,protein1,protein,hybridpatch,6,forward,false,Missing committed row.,none,missing,missing,,,,,,,,infrastructure,infrastructure_incomplete,exp_20260713_problem15_official-raw-v1,,exp_20260713_problem15_official-raw-v1#hybridpatch/protein1/rt06/forward
exp_20260713_problem15_official,protein1,protein,hybridpatch,6,backward,false,Missing committed row.,none,missing,missing,,,,,,,,infrastructure,infrastructure_incomplete,exp_20260713_problem15_official-raw-v1,,exp_20260713_problem15_official-raw-v1#hybridpatch/protein1/rt06/backward
exp_20260713_problem15_official,protein1,protein,hybridpatch,7,forward,false,Missing committed row.,none,missing,missing,,,,,,,,infrastructure,infrastructure_incomplete,exp_20260713_problem15_official-raw-v1,,exp_20260713_problem15_official-raw-v1#hybridpatch/protein1/rt07/forward
exp_20260713_problem15_official,protein1,protein,hybridpatch,7,backward,false,Missing committed row.,none,missing,missing,,,,,,,,infrastructure,infrastructure_incomplete,exp_20260713_problem15_official-raw-v1,,exp_20260713_problem15_official-raw-v1#hybridpatch/protein1/rt07/backward
exp_20260713_problem15_official,protein1,protein,hybridpatch,8,forward,false,Missing committed row.,none,missing,missing,,,,,,,,infrastructure,infrastructure_incomplete,exp_20260713_problem15_official-raw-v1,,exp_20260713_problem15_official-raw-v1#hybridpatch/protein1/rt08/forward
exp_20260713_problem15_official,protein1,protein,hybridpatch,8,backward,false,Missing committed row.,none,missing,missing,,,,,,,,infrastructure,infrastructure_incomplete,exp_20260713_problem15_official-raw-v1,,exp_20260713_problem15_official-raw-v1#hybridpatch/protein1/rt08/backward
exp_20260713_problem15_official,protein1,protein,hybridpatch,9,forward,false,Missing committed row.,none,missing,missing,,,,,,,,infrastructure,infrastructure_incomplete,exp_20260713_problem15_official-raw-v1,,exp_20260713_problem15_official-raw-v1#hybridpatch/protein1/rt09/forward
exp_20260713_problem15_official,protein1,protein,hybridpatch,9,backward,false,Missing committed row.,none,missing,missing,,,,,,,,infrastructure,infrastructure_incomplete,exp_20260713_problem15_official-raw-v1,,exp_20260713_problem15_official-raw-v1#hybridpatch/protein1/rt09/backward
exp_20260713_problem15_official,protein1,protein,hybridpatch,10,forward,false,Missing committed row.,none,missing,missing,,,,,,,,infrastructure,infrastructure_incomplete,exp_20260713_problem15_official-raw-v1,,exp_20260713_problem15_official-raw-v1#hybridpatch/protein1/rt10/forward
exp_20260713_problem15_official,protein1,protein,hybridpatch,10,backward,false,Missing committed row.,none,missing,missing,,,,,,,,infrastructure,infrastructure_incomplete,exp_20260713_problem15_official-raw-v1,,exp_20260713_problem15_official-raw-v1#hybridpatch/protein1/rt10/backward
exp_20260713_problem15_official,protein1,protein,fullrewrite,1,forward,true,,fullrewrite,failure,not_applicable,,0.0,,5564,5524,11088,38517,model,text_truncated,exp_20260713_problem15_official-raw-v1,call000001_b3f502ed,exp_20260713_problem15_official-raw-v1#fullrewrite/protein1/rt01/forward
exp_20260713_problem15_official,protein1,protein,fullrewrite,1,backward,true,,fullrewrite,success,not_applicable,,0.0,false,327,4127,4454,34429,none,none,exp_20260713_problem15_official-raw-v1,call000002_3695987c,exp_20260713_problem15_official-raw-v1#fullrewrite/protein1/rt01/backward
exp_20260713_problem15_official,protein1,protein,fullrewrite,2,forward,true,,fullrewrite,success,not_applicable,,,,1042,2809,3851,18351,none,none,exp_20260713_problem15_official-raw-v1,call000003_ce8ba5b0,exp_20260713_problem15_official-raw-v1#fullrewrite/protein1/rt02/forward
exp_20260713_problem15_official,protein1,protein,fullrewrite,2,backward,true,,fullrewrite,success,not_applicable,,0.0,false,1082,3173,4255,19656,none,none,exp_20260713_problem15_official-raw-v1,call000004_a0933c78,exp_20260713_problem15_official-raw-v1#fullrewrite/protein1/rt02/backward
exp_20260713_problem15_official,protein1,protein,fullrewrite,3,forward,true,,fullrewrite,success,not_applicable,,,,1024,2587,3611,19005,none,none,exp_20260713_problem15_official-raw-v1,call000005_2fb01491,exp_20260713_problem15_official-raw-v1#fullrewrite/protein1/rt03/forward
exp_20260713_problem15_official,protein1,protein,fullrewrite,3,backward,true,,fullrewrite,success,not_applicable,,0.0,false,1028,1856,2884,10992,none,none,exp_20260713_problem15_official-raw-v1,call000006_052d457c,exp_20260713_problem15_official-raw-v1#fullrewrite/protein1/rt03/backward
exp_20260713_problem15_official,protein1,protein,fullrewrite,4,forward,true,,fullrewrite,success,not_applicable,,,,1046,3425,4471,24760,none,none,exp_20260713_problem15_official-raw-v1,call000007_b0583517,exp_20260713_problem15_official-raw-v1#fullrewrite/protein1/rt04/forward
exp_20260713_problem15_official,protein1,protein,fullrewrite,4,backward,true,,fullrewrite,success,not_applicable,,0.0,false,1040,6699,7739,46262,none,none,exp_20260713_problem15_official-raw-v1,call000008_7c99775f,exp_20260713_problem15_official-raw-v1#fullrewrite/protein1/rt04/backward
exp_20260713_problem15_official,protein1,protein,fullrewrite,5,forward,true,,fullrewrite,success,unchanged,,,,576,801,1377,13160,none,none,exp_20260713_problem15_official-raw-v1,call000009_bd419b2d,exp_20260713_problem15_official-raw-v1#fullrewrite/protein1/rt05/forward
exp_20260713_problem15_official,protein1,protein,fullrewrite,5,backward,true,,fullrewrite,success,not_applicable,,0.0,false,580,698,1278,6645,none,none,exp_20260713_problem15_official-raw-v1,call000010_ffc6aae8,exp_20260713_problem15_official-raw-v1#fullrewrite/protein1/rt05/backward
exp_20260713_problem15_official,protein1,protein,fullrewrite,6,forward,true,,fullrewrite,success,not_applicable,,,,691,16279,16970,1322531,none,none,exp_20260713_problem15_official-raw-v1,call000011_c07b9a20,exp_20260713_problem15_official-raw-v1#fullrewrite/protein1/rt06/forward
exp_20260713_problem15_official,protein1,protein,fullrewrite,6,backward,true,,fullrewrite,success,not_applicable,,0.0,false,3564,5174,8738,28805,none,none,exp_20260713_problem15_official-raw-v1,call000012_5abfca36,exp_20260713_problem15_official-raw-v1#fullrewrite/protein1/rt06/backward
exp_20260713_problem15_official,protein1,protein,fullrewrite,7,forward,false,Missing committed row.,none,missing,missing,,,,,,,,infrastructure,infrastructure_incomplete,exp_20260713_problem15_official-raw-v1,,exp_20260713_problem15_official-raw-v1#fullrewrite/protein1/rt07/forward
exp_20260713_problem15_official,protein1,protein,fullrewrite,7,backward,false,Missing committed row.,none,missing,missing,,,,,,,,infrastructure,infrastructure_incomplete,exp_20260713_problem15_official-raw-v1,,exp_20260713_problem15_official-raw-v1#fullrewrite/protein1/rt07/backward
exp_20260713_problem15_official,protein1,protein,fullrewrite,8,forward,false,Missing committed row.,none,missing,missing,,,,,,,,infrastructure,infrastructure_incomplete,exp_20260713_problem15_official-raw-v1,,exp_20260713_problem15_official-raw-v1#fullrewrite/protein1/rt08/forward
exp_20260713_problem15_official,protein1,protein,fullrewrite,8,backward,false,Missing committed row.,none,missing,missing,,,,,,,,infrastructure,infrastructure_incomplete,exp_20260713_problem15_official-raw-v1,,exp_20260713_problem15_official-raw-v1#fullrewrite/protein1/rt08/backward
exp_20260713_problem15_official,protein1,protein,fullrewrite,9,forward,false,Missing committed row.,none,missing,missing,,,,,,,,infrastructure,infrastructure_incomplete,exp_20260713_problem15_official-raw-v1,,exp_20260713_problem15_official-raw-v1#fullrewrite/protein1/rt09/forward
exp_20260713_problem15_official,protein1,protein,fullrewrite,9,backward,false,Missing committed row.,none,missing,missing,,,,,,,,infrastructure,infrastructure_incomplete,exp_20260713_problem15_official-raw-v1,,exp_20260713_problem15_official-raw-v1#fullrewrite/protein1/rt09/backward
exp_20260713_problem15_official,protein1,protein,fullrewrite,10,forward,false,Missing committed row.,none,missing,missing,,,,,,,,infrastructure,infrastructure_incomplete,exp_20260713_problem15_official-raw-v1,,exp_20260713_problem15_official-raw-v1#fullrewrite/protein1/rt10/forward
exp_20260713_problem15_official,protein1,protein,fullrewrite,10,backward,false,Missing committed row.,none,missing,missing,,,,,,,,infrastructure,infrastructure_incomplete,exp_20260713_problem15_official-raw-v1,,exp_20260713_problem15_official-raw-v1#fullrewrite/protein1/rt10/backward
exp_20260713_problem15_official,robotics1,robotics,hybridpatch,1,forward,true,,hybridpatch_protocol_failure_kept_context,degraded,kept_context,,0.0,,10317,3768,14085,21927,model,empty_response,exp_20260713_problem15_official-raw-v1,call000001_71517b52,exp_20260713_problem15_official-raw-v1#hybridpatch/robotics1/rt01/forward
exp_20260713_problem15_official,robotics1,robotics,hybridpatch,1,backward,true,,local_patch,success,unchanged,0,1.0,false,10234,3083,13317,22574,none,none,exp_20260713_problem15_official-raw-v1,call000002_e3841375,exp_20260713_problem15_official-raw-v1#hybridpatch/robotics1/rt01/backward
exp_20260713_problem15_official,robotics1,robotics,hybridpatch,2,forward,false,Missing committed row.,none,missing,missing,,,,,,,,infrastructure,infrastructure_incomplete,exp_20260713_problem15_official-raw-v1,,exp_20260713_problem15_official-raw-v1#hybridpatch/robotics1/rt02/forward
exp_20260713_problem15_official,robotics1,robotics,hybridpatch,2,backward,false,Missing committed row.,none,missing,missing,,,,,,,,infrastructure,infrastructure_incomplete,exp_20260713_problem15_official-raw-v1,,exp_20260713_problem15_official-raw-v1#hybridpatch/robotics1/rt02/backward
exp_20260713_problem15_official,robotics1,robotics,hybridpatch,3,forward,false,Missing committed row.,none,missing,missing,,,,,,,,infrastructure,infrastructure_incomplete,exp_20260713_problem15_official-raw-v1,,exp_20260713_problem15_official-raw-v1#hybridpatch/robotics1/rt03/forward
exp_20260713_problem15_official,robotics1,robotics,hybridpatch,3,backward,false,Missing committed row.,none,missing,missing,,,,,,,,infrastructure,infrastructure_incomplete,exp_20260713_problem15_official-raw-v1,,exp_20260713_problem15_official-raw-v1#hybridpatch/robotics1/rt03/backward
exp_20260713_problem15_official,robotics1,robotics,hybridpatch,4,forward,false,Missing committed row.,none,missing,missing,,,,,,,,infrastructure,infrastructure_incomplete,exp_20260713_problem15_official-raw-v1,,exp_20260713_problem15_official-raw-v1#hybridpatch/robotics1/rt04/forward
exp_20260713_problem15_official,robotics1,robotics,hybridpatch,4,backward,false,Missing committed row.,none,missing,missing,,,,,,,,infrastructure,infrastructure_incomplete,exp_20260713_problem15_official-raw-v1,,exp_20260713_problem15_official-raw-v1#hybridpatch/robotics1/rt04/backward
exp_20260713_problem15_official,robotics1,robotics,hybridpatch,5,forward,false,Missing committed row.,none,missing,missing,,,,,,,,infrastructure,infrastructure_incomplete,exp_20260713_problem15_official-raw-v1,,exp_20260713_problem15_official-raw-v1#hybridpatch/robotics1/rt05/forward
exp_20260713_problem15_official,robotics1,robotics,hybridpatch,5,backward,false,Missing committed row.,none,missing,missing,,,,,,,,infrastructure,infrastructure_incomplete,exp_20260713_problem15_official-raw-v1,,exp_20260713_problem15_official-raw-v1#hybridpatch/robotics1/rt05/backward
exp_20260713_problem15_official,robotics1,robotics,hybridpatch,6,forward,false,Missing committed row.,none,missing,missing,,,,,,,,infrastructure,infrastructure_incomplete,exp_20260713_problem15_official-raw-v1,,exp_20260713_problem15_official-raw-v1#hybridpatch/robotics1/rt06/forward
exp_20260713_problem15_official,robotics1,robotics,hybridpatch,6,backward,false,Missing committed row.,none,missing,missing,,,,,,,,infrastructure,infrastructure_incomplete,exp_20260713_problem15_official-raw-v1,,exp_20260713_problem15_official-raw-v1#hybridpatch/robotics1/rt06/backward
exp_20260713_problem15_official,robotics1,robotics,hybridpatch,7,forward,false,Missing committed row.,none,missing,missing,,,,,,,,infrastructure,infrastructure_incomplete,exp_20260713_problem15_official-raw-v1,,exp_20260713_problem15_official-raw-v1#hybridpatch/robotics1/rt07/forward
exp_20260713_problem15_official,robotics1,robotics,hybridpatch,7,backward,false,Missing committed row.,none,missing,missing,,,,,,,,infrastructure,infrastructure_incomplete,exp_20260713_problem15_official-raw-v1,,exp_20260713_problem15_official-raw-v1#hybridpatch/robotics1/rt07/backward
exp_20260713_problem15_official,robotics1,robotics,hybridpatch,8,forward,false,Missing committed row.,none,missing,missing,,,,,,,,infrastructure,infrastructure_incomplete,exp_20260713_problem15_official-raw-v1,,exp_20260713_problem15_official-raw-v1#hybridpatch/robotics1/rt08/forward
exp_20260713_problem15_official,robotics1,robotics,hybridpatch,8,backward,false,Missing committed row.,none,missing,missing,,,,,,,,infrastructure,infrastructure_incomplete,exp_20260713_problem15_official-raw-v1,,exp_20260713_problem15_official-raw-v1#hybridpatch/robotics1/rt08/backward
exp_20260713_problem15_official,robotics1,robotics,hybridpatch,9,forward,false,Missing committed row.,none,missing,missing,,,,,,,,infrastructure,infrastructure_incomplete,exp_20260713_problem15_official-raw-v1,,exp_20260713_problem15_official-raw-v1#hybridpatch/robotics1/rt09/forward
exp_20260713_problem15_official,robotics1,robotics,hybridpatch,9,backward,false,Missing committed row.,none,missing,missing,,,,,,,,infrastructure,infrastructure_incomplete,exp_20260713_problem15_official-raw-v1,,exp_20260713_problem15_official-raw-v1#hybridpatch/robotics1/rt09/backward
exp_20260713_problem15_official,robotics1,robotics,hybridpatch,10,forward,false,Missing committed row.,none,missing,missing,,,,,,,,infrastructure,infrastructure_incomplete,exp_20260713_problem15_official-raw-v1,,exp_20260713_problem15_official-raw-v1#hybridpatch/robotics1/rt10/forward
exp_20260713_problem15_official,robotics1,robotics,hybridpatch,10,backward,false,Missing committed row.,none,missing,missing,,,,,,,,infrastructure,infrastructure_incomplete,exp_20260713_problem15_official-raw-v1,,exp_20260713_problem15_official-raw-v1#hybridpatch/robotics1/rt10/backward
exp_20260713_problem15_official,robotics1,robotics,fullrewrite,1,forward,true,,fullrewrite,failure,not_applicable,,0.0,,3817,32062,35879,193638,quality,content_regression,exp_20260713_problem15_official-raw-v1,call000001_c01ce301,exp_20260713_problem15_official-raw-v1#fullrewrite/robotics1/rt01/forward
exp_20260713_problem15_official,robotics1,robotics,fullrewrite,1,backward,true,,fullrewrite,failure,not_applicable,,0.0,false,3872,1638,5510,9887,model,empty_response,exp_20260713_problem15_official-raw-v1,call000002_235cb484,exp_20260713_problem15_official-raw-v1#fullrewrite/robotics1/rt01/backward
exp_20260713_problem15_official,robotics1,robotics,fullrewrite,2,forward,true,,fullrewrite,degraded,unchanged,,0.0,,470,3364,3834,21980,model,empty_response,exp_20260713_problem15_official-raw-v1,call000003_31025a77,exp_20260713_problem15_official-raw-v1#fullrewrite/robotics1/rt02/forward
exp_20260713_problem15_official,robotics1,robotics,fullrewrite,2,backward,true,,fullrewrite,failure,not_applicable,,0.0,false,326,367,693,3347,quality,content_regression,exp_20260713_problem15_official-raw-v1,call000004_17ba8d04,exp_20260713_problem15_official-raw-v1#fullrewrite/robotics1/rt02/backward
exp_20260713_problem15_official,robotics1,robotics,fullrewrite,3,forward,true,,fullrewrite,success,not_applicable,,,,740,5620,6360,27277,none,none,exp_20260713_problem15_official-raw-v1,call000005_eb361e14,exp_20260713_problem15_official-raw-v1#fullrewrite/robotics1/rt03/forward
exp_20260713_problem15_official,robotics1,robotics,fullrewrite,3,backward,true,,fullrewrite,success,not_applicable,,0.3326853825819381,false,2998,5718,8716,31505,none,none,exp_20260713_problem15_official-raw-v1,call000006_939d09b2,exp_20260713_problem15_official-raw-v1#fullrewrite/robotics1/rt03/backward
exp_20260713_problem15_official,robotics1,robotics,fullrewrite,4,forward,true,,fullrewrite,failure,not_applicable,,0.0,,2950,2131,5081,20281,model,empty_response,exp_20260713_problem15_official-raw-v1,call000007_0f433476,exp_20260713_problem15_official-raw-v1#fullrewrite/robotics1/rt04/forward
exp_20260713_problem15_official,robotics1,robotics,fullrewrite,4,backward,true,,fullrewrite,degraded,not_applicable,,0.0,true,428,3392,3820,19111,quality,content_regression,exp_20260713_problem15_official-raw-v1,call000008_e5d680c5,exp_20260713_problem15_official-raw-v1#fullrewrite/robotics1/rt04/backward
exp_20260713_problem15_official,robotics1,robotics,fullrewrite,5,forward,true,,fullrewrite,success,not_applicable,,,,3895,31126,35021,203459,none,none,exp_20260713_problem15_official-raw-v1,call000009_124b56a7,exp_20260713_problem15_official-raw-v1#fullrewrite/robotics1/rt05/forward
exp_20260713_problem15_official,robotics1,robotics,fullrewrite,5,backward,true,,fullrewrite,failure,not_applicable,,0.0,false,3296,842,4138,5779,model,text_truncated,exp_20260713_problem15_official-raw-v1,call000010_4b18ace4,exp_20260713_problem15_official-raw-v1#fullrewrite/robotics1/rt05/backward
exp_20260713_problem15_official,robotics1,robotics,fullrewrite,6,forward,true,,fullrewrite,degraded,unchanged,,0.0,,355,1464,1819,9670,model,text_truncated,exp_20260713_problem15_official-raw-v1,call000011_0f51f6a4,exp_20260713_problem15_official-raw-v1#fullrewrite/robotics1/rt06/forward
exp_20260713_problem15_official,robotics1,robotics,fullrewrite,6,backward,true,,fullrewrite,failure,not_applicable,,0.0,false,335,321,656,2853,quality,content_regression,exp_20260713_problem15_official-raw-v1,call000012_63fbb1f4,exp_20260713_problem15_official-raw-v1#fullrewrite/robotics1/rt06/backward
exp_20260713_problem15_official,robotics1,robotics,fullrewrite,7,forward,true,,fullrewrite,degraded,unchanged,,0.0,,399,554,953,4353,quality,content_regression,exp_20260713_problem15_official-raw-v1,call000013_1968f26e,exp_20260713_problem15_official-raw-v1#fullrewrite/robotics1/rt07/forward
exp_20260713_problem15_official,robotics1,robotics,fullrewrite,7,backward,true,,fullrewrite,failure,not_applicable,,0.0,false,316,346,662,3675,quality,content_regression,exp_20260713_problem15_official-raw-v1,call000014_8bab3fd9,exp_20260713_problem15_official-raw-v1#fullrewrite/robotics1/rt07/backward
exp_20260713_problem15_official,robotics1,robotics,fullrewrite,8,forward,true,,fullrewrite,failure,not_applicable,,0.0,,520,5669,6189,37214,model,text_truncated,exp_20260713_problem15_official-raw-v1,call000015_e894573a,exp_20260713_problem15_official-raw-v1#fullrewrite/robotics1/rt08/forward
exp_20260713_problem15_official,robotics1,robotics,fullrewrite,8,backward,true,,fullrewrite,failure,not_applicable,,0.0,false,1080,630,1710,4684,model,text_truncated,exp_20260713_problem15_official-raw-v1,call000016_ed0ac1e1,exp_20260713_problem15_official-raw-v1#fullrewrite/robotics1/rt08/backward
exp_20260713_problem15_official,robotics1,robotics,fullrewrite,9,forward,true,,fullrewrite,success,not_applicable,,,,740,2997,3737,15714,none,none,exp_20260713_problem15_official-raw-v1,call000017_ff749bd4,exp_20260713_problem15_official-raw-v1#fullrewrite/robotics1/rt09/forward
exp_20260713_problem15_official,robotics1,robotics,fullrewrite,9,backward,true,,fullrewrite,success,not_applicable,,0.3340056456820913,false,2947,3084,6031,19399,none,none,exp_20260713_problem15_official-raw-v1,call000018_dfebb16d,exp_20260713_problem15_official-raw-v1#fullrewrite/robotics1/rt09/backward
exp_20260713_problem15_official,robotics1,robotics,fullrewrite,10,forward,true,,fullrewrite,failure,not_applicable,,0.0,,2899,3244,6143,24151,model,empty_response,exp_20260713_problem15_official-raw-v1,call000019_501a6975,exp_20260713_problem15_official-raw-v1#fullrewrite/robotics1/rt10/forward
exp_20260713_problem15_official,robotics1,robotics,fullrewrite,10,backward,true,,fullrewrite,degraded,not_applicable,,0.03194598687724538,true,428,6055,6483,35802,quality,content_regression,exp_20260713_problem15_official-raw-v1,call000020_2cddaeb2,exp_20260713_problem15_official-raw-v1#fullrewrite/robotics1/rt10/backward
exp_20260713_problem15_official,satellite4,satellite,hybridpatch,1,forward,false,Missing committed row.,none,missing,missing,,,,,,,,infrastructure,infrastructure_incomplete,exp_20260713_problem15_official-raw-v1,,exp_20260713_problem15_official-raw-v1#hybridpatch/satellite4/rt01/forward
exp_20260713_problem15_official,satellite4,satellite,hybridpatch,1,backward,false,Missing committed row.,none,missing,missing,,,,,,,,infrastructure,infrastructure_incomplete,exp_20260713_problem15_official-raw-v1,,exp_20260713_problem15_official-raw-v1#hybridpatch/satellite4/rt01/backward
exp_20260713_problem15_official,satellite4,satellite,hybridpatch,2,forward,false,Missing committed row.,none,missing,missing,,,,,,,,infrastructure,infrastructure_incomplete,exp_20260713_problem15_official-raw-v1,,exp_20260713_problem15_official-raw-v1#hybridpatch/satellite4/rt02/forward
exp_20260713_problem15_official,satellite4,satellite,hybridpatch,2,backward,false,Missing committed row.,none,missing,missing,,,,,,,,infrastructure,infrastructure_incomplete,exp_20260713_problem15_official-raw-v1,,exp_20260713_problem15_official-raw-v1#hybridpatch/satellite4/rt02/backward
exp_20260713_problem15_official,satellite4,satellite,hybridpatch,3,forward,false,Missing committed row.,none,missing,missing,,,,,,,,infrastructure,infrastructure_incomplete,exp_20260713_problem15_official-raw-v1,,exp_20260713_problem15_official-raw-v1#hybridpatch/satellite4/rt03/forward
exp_20260713_problem15_official,satellite4,satellite,hybridpatch,3,backward,false,Missing committed row.,none,missing,missing,,,,,,,,infrastructure,infrastructure_incomplete,exp_20260713_problem15_official-raw-v1,,exp_20260713_problem15_official-raw-v1#hybridpatch/satellite4/rt03/backward
exp_20260713_problem15_official,satellite4,satellite,hybridpatch,4,forward,false,Missing committed row.,none,missing,missing,,,,,,,,infrastructure,infrastructure_incomplete,exp_20260713_problem15_official-raw-v1,,exp_20260713_problem15_official-raw-v1#hybridpatch/satellite4/rt04/forward
exp_20260713_problem15_official,satellite4,satellite,hybridpatch,4,backward,false,Missing committed row.,none,missing,missing,,,,,,,,infrastructure,infrastructure_incomplete,exp_20260713_problem15_official-raw-v1,,exp_20260713_problem15_official-raw-v1#hybridpatch/satellite4/rt04/backward
exp_20260713_problem15_official,satellite4,satellite,hybridpatch,5,forward,false,Missing committed row.,none,missing,missing,,,,,,,,infrastructure,infrastructure_incomplete,exp_20260713_problem15_official-raw-v1,,exp_20260713_problem15_official-raw-v1#hybridpatch/satellite4/rt05/forward
exp_20260713_problem15_official,satellite4,satellite,hybridpatch,5,backward,false,Missing committed row.,none,missing,missing,,,,,,,,infrastructure,infrastructure_incomplete,exp_20260713_problem15_official-raw-v1,,exp_20260713_problem15_official-raw-v1#hybridpatch/satellite4/rt05/backward
exp_20260713_problem15_official,satellite4,satellite,hybridpatch,6,forward,false,Missing committed row.,none,missing,missing,,,,,,,,infrastructure,infrastructure_incomplete,exp_20260713_problem15_official-raw-v1,,exp_20260713_problem15_official-raw-v1#hybridpatch/satellite4/rt06/forward
exp_20260713_problem15_official,satellite4,satellite,hybridpatch,6,backward,false,Missing committed row.,none,missing,missing,,,,,,,,infrastructure,infrastructure_incomplete,exp_20260713_problem15_official-raw-v1,,exp_20260713_problem15_official-raw-v1#hybridpatch/satellite4/rt06/backward
exp_20260713_problem15_official,satellite4,satellite,hybridpatch,7,forward,false,Missing committed row.,none,missing,missing,,,,,,,,infrastructure,infrastructure_incomplete,exp_20260713_problem15_official-raw-v1,,exp_20260713_problem15_official-raw-v1#hybridpatch/satellite4/rt07/forward
exp_20260713_problem15_official,satellite4,satellite,hybridpatch,7,backward,false,Missing committed row.,none,missing,missing,,,,,,,,infrastructure,infrastructure_incomplete,exp_20260713_problem15_official-raw-v1,,exp_20260713_problem15_official-raw-v1#hybridpatch/satellite4/rt07/backward
exp_20260713_problem15_official,satellite4,satellite,hybridpatch,8,forward,false,Missing committed row.,none,missing,missing,,,,,,,,infrastructure,infrastructure_incomplete,exp_20260713_problem15_official-raw-v1,,exp_20260713_problem15_official-raw-v1#hybridpatch/satellite4/rt08/forward
exp_20260713_problem15_official,satellite4,satellite,hybridpatch,8,backward,false,Missing committed row.,none,missing,missing,,,,,,,,infrastructure,infrastructure_incomplete,exp_20260713_problem15_official-raw-v1,,exp_20260713_problem15_official-raw-v1#hybridpatch/satellite4/rt08/backward
exp_20260713_problem15_official,satellite4,satellite,hybridpatch,9,forward,false,Missing committed row.,none,missing,missing,,,,,,,,infrastructure,infrastructure_incomplete,exp_20260713_problem15_official-raw-v1,,exp_20260713_problem15_official-raw-v1#hybridpatch/satellite4/rt09/forward
exp_20260713_problem15_official,satellite4,satellite,hybridpatch,9,backward,false,Missing committed row.,none,missing,missing,,,,,,,,infrastructure,infrastructure_incomplete,exp_20260713_problem15_official-raw-v1,,exp_20260713_problem15_official-raw-v1#hybridpatch/satellite4/rt09/backward
exp_20260713_problem15_official,satellite4,satellite,hybridpatch,10,forward,false,Missing committed row.,none,missing,missing,,,,,,,,infrastructure,infrastructure_incomplete,exp_20260713_problem15_official-raw-v1,,exp_20260713_problem15_official-raw-v1#hybridpatch/satellite4/rt10/forward
exp_20260713_problem15_official,satellite4,satellite,hybridpatch,10,backward,false,Missing committed row.,none,missing,missing,,,,,,,,infrastructure,infrastructure_incomplete,exp_20260713_problem15_official-raw-v1,,exp_20260713_problem15_official-raw-v1#hybridpatch/satellite4/rt10/backward
exp_20260713_problem15_official,satellite4,satellite,fullrewrite,1,forward,true,,fullrewrite,failure,not_applicable,,0.0,,3163,961,4124,5798,model,empty_response,exp_20260713_problem15_official-raw-v1,call000001_d6c68626,exp_20260713_problem15_official-raw-v1#fullrewrite/satellite4/rt01/forward
exp_20260713_problem15_official,satellite4,satellite,fullrewrite,1,backward,true,,fullrewrite,failure,not_applicable,,0.0,false,286,719,1005,7444,quality,content_regression,exp_20260713_problem15_official-raw-v1,call000002_d4fae143,exp_20260713_problem15_official-raw-v1#fullrewrite/satellite4/rt01/backward
exp_20260713_problem15_official,satellite4,satellite,fullrewrite,2,forward,true,,fullrewrite,success,not_applicable,,,,373,9003,9376,61078,none,none,exp_20260713_problem15_official-raw-v1,call000003_f9907e46,exp_20260713_problem15_official-raw-v1#fullrewrite/satellite4/rt02/forward
exp_20260713_problem15_official,satellite4,satellite,fullrewrite,2,backward,true,,fullrewrite,success,not_applicable,,0.057501239505277205,false,715,852,1567,6008,none,none,exp_20260713_problem15_official-raw-v1,call000004_5ab18ef3,exp_20260713_problem15_official-raw-v1#fullrewrite/satellite4/rt02/backward
exp_20260713_problem15_official,satellite4,satellite,fullrewrite,3,forward,true,,fullrewrite,success,not_applicable,,,,789,43365,44154,2675208,none,none,exp_20260713_problem15_official-raw-v1,call000005_a5a9b392,exp_20260713_problem15_official-raw-v1#fullrewrite/satellite4/rt03/forward
exp_20260713_problem15_official,satellite4,satellite,fullrewrite,3,backward,true,,fullrewrite,failure,not_applicable,,0.0,true,738,14932,15670,105136,model,empty_response,exp_20260713_problem15_official-raw-v1,call000006_0d62f410,exp_20260713_problem15_official-raw-v1#fullrewrite/satellite4/rt03/backward
exp_20260713_problem15_official,satellite4,satellite,fullrewrite,4,forward,true,,fullrewrite,success,not_applicable,,,,370,3841,4211,31648,none,none,exp_20260713_problem15_official-raw-v1,call000007_e7e7d177,exp_20260713_problem15_official-raw-v1#fullrewrite/satellite4/rt04/forward
exp_20260713_problem15_official,satellite4,satellite,fullrewrite,4,backward,true,,fullrewrite,failure,not_applicable,,0.0,false,338,202,540,2161,model,near_empty_response,exp_20260713_problem15_official-raw-v1,call000008_4ef46a3c,exp_20260713_problem15_official-raw-v1#fullrewrite/satellite4/rt04/backward
exp_20260713_problem15_official,satellite4,satellite,fullrewrite,5,forward,true,,fullrewrite,success,not_applicable,,,,449,2807,3256,15802,none,none,exp_20260713_problem15_official-raw-v1,call000009_51ace9b6,exp_20260713_problem15_official-raw-v1#fullrewrite/satellite4/rt05/forward
exp_20260713_problem15_official,satellite4,satellite,fullrewrite,5,backward,true,,fullrewrite,degraded,not_applicable,,0.010579661820971755,false,485,731,1216,6219,model,near_empty_response,exp_20260713_problem15_official-raw-v1,call000010_a9349eac,exp_20260713_problem15_official-raw-v1#fullrewrite/satellite4/rt05/backward
exp_20260713_problem15_official,satellite4,satellite,fullrewrite,6,forward,true,,fullrewrite,success,not_applicable,,,,493,2154,2647,12214,none,none,exp_20260713_problem15_official-raw-v1,call000011_c8ef1a29,exp_20260713_problem15_official-raw-v1#fullrewrite/satellite4/rt06/forward
exp_20260713_problem15_official,satellite4,satellite,fullrewrite,6,backward,true,,fullrewrite,success,not_applicable,,0.010579661820971755,false,601,959,1560,6634,none,none,exp_20260713_problem15_official-raw-v1,call000012_466f73bf,exp_20260713_problem15_official-raw-v1#fullrewrite/satellite4/rt06/backward
exp_20260713_problem15_official,satellite4,satellite,fullrewrite,7,forward,true,,fullrewrite,success,not_applicable,,,,455,2342,2797,34062,none,none,exp_20260713_problem15_official-raw-v1,call000013_e20f1124,exp_20260713_problem15_official-raw-v1#fullrewrite/satellite4/rt07/forward
exp_20260713_problem15_official,satellite4,satellite,fullrewrite,7,backward,true,,fullrewrite,degraded,not_applicable,,0.010579661820971755,false,424,538,962,3845,model,near_empty_response,exp_20260713_problem15_official-raw-v1,call000014_a6dac5b7,exp_20260713_problem15_official-raw-v1#fullrewrite/satellite4/rt07/backward
exp_20260713_problem15_official,satellite4,satellite,fullrewrite,8,forward,true,,fullrewrite,failure,not_applicable,,0.0,,543,4807,5350,28310,model,empty_response,exp_20260713_problem15_official-raw-v1,call000015_afbe58ef,exp_20260713_problem15_official-raw-v1#fullrewrite/satellite4/rt08/forward
exp_20260713_problem15_official,satellite4,satellite,fullrewrite,8,backward,true,,fullrewrite,failure,not_applicable,,0.0,true,314,793,1107,6396,evaluator,evaluator_error,exp_20260713_problem15_official-raw-v1,call000016_510ade73,exp_20260713_problem15_official-raw-v1#fullrewrite/satellite4/rt08/backward
exp_20260713_problem15_official,satellite4,satellite,fullrewrite,9,forward,true,,fullrewrite,success,not_applicable,,,,432,160,592,1996,none,none,exp_20260713_problem15_official-raw-v1,call000017_a6154ac4,exp_20260713_problem15_official-raw-v1#fullrewrite/satellite4/rt09/forward
exp_20260713_problem15_official,satellite4,satellite,fullrewrite,9,backward,true,,fullrewrite,failure,not_applicable,,0.0,false,392,1120,1512,8562,evaluator,evaluator_error,exp_20260713_problem15_official-raw-v1,call000018_916f09d4,exp_20260713_problem15_official-raw-v1#fullrewrite/satellite4/rt09/backward
exp_20260713_problem15_official,satellite4,satellite,fullrewrite,10,forward,true,,fullrewrite,success,not_applicable,,,,377,6880,7257,38793,none,none,exp_20260713_problem15_official-raw-v1,call000019_00d1ba95,exp_20260713_problem15_official-raw-v1#fullrewrite/satellite4/rt10/forward
exp_20260713_problem15_official,satellite4,satellite,fullrewrite,10,backward,true,,fullrewrite,failure,not_applicable,,0.0,false,1333,17431,18764,115333,evaluator,evaluator_error,exp_20260713_problem15_official-raw-v1,call000020_0ce17654,exp_20260713_problem15_official-raw-v1#fullrewrite/satellite4/rt10/backward
exp_20260713_problem15_official,satellite6,satellite,hybridpatch,1,forward,false,No committed result rows.,none,missing,missing,,,,,,,,infrastructure,infrastructure_incomplete,exp_20260713_problem15_official-raw-v1,,exp_20260713_problem15_official-raw-v1#hybridpatch/satellite6/rt01/forward
exp_20260713_problem15_official,satellite6,satellite,hybridpatch,1,backward,false,No committed result rows.,none,missing,missing,,,,,,,,infrastructure,infrastructure_incomplete,exp_20260713_problem15_official-raw-v1,,exp_20260713_problem15_official-raw-v1#hybridpatch/satellite6/rt01/backward
exp_20260713_problem15_official,satellite6,satellite,hybridpatch,2,forward,false,No committed result rows.,none,missing,missing,,,,,,,,infrastructure,infrastructure_incomplete,exp_20260713_problem15_official-raw-v1,,exp_20260713_problem15_official-raw-v1#hybridpatch/satellite6/rt02/forward
exp_20260713_problem15_official,satellite6,satellite,hybridpatch,2,backward,false,No committed result rows.,none,missing,missing,,,,,,,,infrastructure,infrastructure_incomplete,exp_20260713_problem15_official-raw-v1,,exp_20260713_problem15_official-raw-v1#hybridpatch/satellite6/rt02/backward
exp_20260713_problem15_official,satellite6,satellite,hybridpatch,3,forward,false,No committed result rows.,none,missing,missing,,,,,,,,infrastructure,infrastructure_incomplete,exp_20260713_problem15_official-raw-v1,,exp_20260713_problem15_official-raw-v1#hybridpatch/satellite6/rt03/forward
exp_20260713_problem15_official,satellite6,satellite,hybridpatch,3,backward,false,No committed result rows.,none,missing,missing,,,,,,,,infrastructure,infrastructure_incomplete,exp_20260713_problem15_official-raw-v1,,exp_20260713_problem15_official-raw-v1#hybridpatch/satellite6/rt03/backward
exp_20260713_problem15_official,satellite6,satellite,hybridpatch,4,forward,false,No committed result rows.,none,missing,missing,,,,,,,,infrastructure,infrastructure_incomplete,exp_20260713_problem15_official-raw-v1,,exp_20260713_problem15_official-raw-v1#hybridpatch/satellite6/rt04/forward
exp_20260713_problem15_official,satellite6,satellite,hybridpatch,4,backward,false,No committed result rows.,none,missing,missing,,,,,,,,infrastructure,infrastructure_incomplete,exp_20260713_problem15_official-raw-v1,,exp_20260713_problem15_official-raw-v1#hybridpatch/satellite6/rt04/backward
exp_20260713_problem15_official,satellite6,satellite,hybridpatch,5,forward,false,No committed result rows.,none,missing,missing,,,,,,,,infrastructure,infrastructure_incomplete,exp_20260713_problem15_official-raw-v1,,exp_20260713_problem15_official-raw-v1#hybridpatch/satellite6/rt05/forward
exp_20260713_problem15_official,satellite6,satellite,hybridpatch,5,backward,false,No committed result rows.,none,missing,missing,,,,,,,,infrastructure,infrastructure_incomplete,exp_20260713_problem15_official-raw-v1,,exp_20260713_problem15_official-raw-v1#hybridpatch/satellite6/rt05/backward
exp_20260713_problem15_official,satellite6,satellite,hybridpatch,6,forward,false,No committed result rows.,none,missing,missing,,,,,,,,infrastructure,infrastructure_incomplete,exp_20260713_problem15_official-raw-v1,,exp_20260713_problem15_official-raw-v1#hybridpatch/satellite6/rt06/forward
exp_20260713_problem15_official,satellite6,satellite,hybridpatch,6,backward,false,No committed result rows.,none,missing,missing,,,,,,,,infrastructure,infrastructure_incomplete,exp_20260713_problem15_official-raw-v1,,exp_20260713_problem15_official-raw-v1#hybridpatch/satellite6/rt06/backward
exp_20260713_problem15_official,satellite6,satellite,hybridpatch,7,forward,false,No committed result rows.,none,missing,missing,,,,,,,,infrastructure,infrastructure_incomplete,exp_20260713_problem15_official-raw-v1,,exp_20260713_problem15_official-raw-v1#hybridpatch/satellite6/rt07/forward
exp_20260713_problem15_official,satellite6,satellite,hybridpatch,7,backward,false,No committed result rows.,none,missing,missing,,,,,,,,infrastructure,infrastructure_incomplete,exp_20260713_problem15_official-raw-v1,,exp_20260713_problem15_official-raw-v1#hybridpatch/satellite6/rt07/backward
exp_20260713_problem15_official,satellite6,satellite,hybridpatch,8,forward,false,No committed result rows.,none,missing,missing,,,,,,,,infrastructure,infrastructure_incomplete,exp_20260713_problem15_official-raw-v1,,exp_20260713_problem15_official-raw-v1#hybridpatch/satellite6/rt08/forward
exp_20260713_problem15_official,satellite6,satellite,hybridpatch,8,backward,false,No committed result rows.,none,missing,missing,,,,,,,,infrastructure,infrastructure_incomplete,exp_20260713_problem15_official-raw-v1,,exp_20260713_problem15_official-raw-v1#hybridpatch/satellite6/rt08/backward
exp_20260713_problem15_official,satellite6,satellite,hybridpatch,9,forward,false,No committed result rows.,none,missing,missing,,,,,,,,infrastructure,infrastructure_incomplete,exp_20260713_problem15_official-raw-v1,,exp_20260713_problem15_official-raw-v1#hybridpatch/satellite6/rt09/forward
exp_20260713_problem15_official,satellite6,satellite,hybridpatch,9,backward,false,No committed result rows.,none,missing,missing,,,,,,,,infrastructure,infrastructure_incomplete,exp_20260713_problem15_official-raw-v1,,exp_20260713_problem15_official-raw-v1#hybridpatch/satellite6/rt09/backward
exp_20260713_problem15_official,satellite6,satellite,hybridpatch,10,forward,false,No committed result rows.,none,missing,missing,,,,,,,,infrastructure,infrastructure_incomplete,exp_20260713_problem15_official-raw-v1,,exp_20260713_problem15_official-raw-v1#hybridpatch/satellite6/rt10/forward
exp_20260713_problem15_official,satellite6,satellite,hybridpatch,10,backward,false,No committed result rows.,none,missing,missing,,,,,,,,infrastructure,infrastructure_incomplete,exp_20260713_problem15_official-raw-v1,,exp_20260713_problem15_official-raw-v1#hybridpatch/satellite6/rt10/backward
exp_20260713_problem15_official,satellite6,satellite,fullrewrite,1,forward,false,No committed result rows.,none,missing,missing,,,,,,,,infrastructure,infrastructure_incomplete,exp_20260713_problem15_official-raw-v1,,exp_20260713_problem15_official-raw-v1#fullrewrite/satellite6/rt01/forward
exp_20260713_problem15_official,satellite6,satellite,fullrewrite,1,backward,false,No committed result rows.,none,missing,missing,,,,,,,,infrastructure,infrastructure_incomplete,exp_20260713_problem15_official-raw-v1,,exp_20260713_problem15_official-raw-v1#fullrewrite/satellite6/rt01/backward
exp_20260713_problem15_official,satellite6,satellite,fullrewrite,2,forward,false,No committed result rows.,none,missing,missing,,,,,,,,infrastructure,infrastructure_incomplete,exp_20260713_problem15_official-raw-v1,,exp_20260713_problem15_official-raw-v1#fullrewrite/satellite6/rt02/forward
exp_20260713_problem15_official,satellite6,satellite,fullrewrite,2,backward,false,No committed result rows.,none,missing,missing,,,,,,,,infrastructure,infrastructure_incomplete,exp_20260713_problem15_official-raw-v1,,exp_20260713_problem15_official-raw-v1#fullrewrite/satellite6/rt02/backward
exp_20260713_problem15_official,satellite6,satellite,fullrewrite,3,forward,false,No committed result rows.,none,missing,missing,,,,,,,,infrastructure,infrastructure_incomplete,exp_20260713_problem15_official-raw-v1,,exp_20260713_problem15_official-raw-v1#fullrewrite/satellite6/rt03/forward
exp_20260713_problem15_official,satellite6,satellite,fullrewrite,3,backward,false,No committed result rows.,none,missing,missing,,,,,,,,infrastructure,infrastructure_incomplete,exp_20260713_problem15_official-raw-v1,,exp_20260713_problem15_official-raw-v1#fullrewrite/satellite6/rt03/backward
exp_20260713_problem15_official,satellite6,satellite,fullrewrite,4,forward,false,No committed result rows.,none,missing,missing,,,,,,,,infrastructure,infrastructure_incomplete,exp_20260713_problem15_official-raw-v1,,exp_20260713_problem15_official-raw-v1#fullrewrite/satellite6/rt04/forward
exp_20260713_problem15_official,satellite6,satellite,fullrewrite,4,backward,false,No committed result rows.,none,missing,missing,,,,,,,,infrastructure,infrastructure_incomplete,exp_20260713_problem15_official-raw-v1,,exp_20260713_problem15_official-raw-v1#fullrewrite/satellite6/rt04/backward
exp_20260713_problem15_official,satellite6,satellite,fullrewrite,5,forward,false,No committed result rows.,none,missing,missing,,,,,,,,infrastructure,infrastructure_incomplete,exp_20260713_problem15_official-raw-v1,,exp_20260713_problem15_official-raw-v1#fullrewrite/satellite6/rt05/forward
exp_20260713_problem15_official,satellite6,satellite,fullrewrite,5,backward,false,No committed result rows.,none,missing,missing,,,,,,,,infrastructure,infrastructure_incomplete,exp_20260713_problem15_official-raw-v1,,exp_20260713_problem15_official-raw-v1#fullrewrite/satellite6/rt05/backward
exp_20260713_problem15_official,satellite6,satellite,fullrewrite,6,forward,false,No committed result rows.,none,missing,missing,,,,,,,,infrastructure,infrastructure_incomplete,exp_20260713_problem15_official-raw-v1,,exp_20260713_problem15_official-raw-v1#fullrewrite/satellite6/rt06/forward
exp_20260713_problem15_official,satellite6,satellite,fullrewrite,6,backward,false,No committed result rows.,none,missing,missing,,,,,,,,infrastructure,infrastructure_incomplete,exp_20260713_problem15_official-raw-v1,,exp_20260713_problem15_official-raw-v1#fullrewrite/satellite6/rt06/backward
exp_20260713_problem15_official,satellite6,satellite,fullrewrite,7,forward,false,No committed result rows.,none,missing,missing,,,,,,,,infrastructure,infrastructure_incomplete,exp_20260713_problem15_official-raw-v1,,exp_20260713_problem15_official-raw-v1#fullrewrite/satellite6/rt07/forward
exp_20260713_problem15_official,satellite6,satellite,fullrewrite,7,backward,false,No committed result rows.,none,missing,missing,,,,,,,,infrastructure,infrastructure_incomplete,exp_20260713_problem15_official-raw-v1,,exp_20260713_problem15_official-raw-v1#fullrewrite/satellite6/rt07/backward
exp_20260713_problem15_official,satellite6,satellite,fullrewrite,8,forward,false,No committed result rows.,none,missing,missing,,,,,,,,infrastructure,infrastructure_incomplete,exp_20260713_problem15_official-raw-v1,,exp_20260713_problem15_official-raw-v1#fullrewrite/satellite6/rt08/forward
exp_20260713_problem15_official,satellite6,satellite,fullrewrite,8,backward,false,No committed result rows.,none,missing,missing,,,,,,,,infrastructure,infrastructure_incomplete,exp_20260713_problem15_official-raw-v1,,exp_20260713_problem15_official-raw-v1#fullrewrite/satellite6/rt08/backward
exp_20260713_problem15_official,satellite6,satellite,fullrewrite,9,forward,false,No committed result rows.,none,missing,missing,,,,,,,,infrastructure,infrastructure_incomplete,exp_20260713_problem15_official-raw-v1,,exp_20260713_problem15_official-raw-v1#fullrewrite/satellite6/rt09/forward
exp_20260713_problem15_official,satellite6,satellite,fullrewrite,9,backward,false,No committed result rows.,none,missing,missing,,,,,,,,infrastructure,infrastructure_incomplete,exp_20260713_problem15_official-raw-v1,,exp_20260713_problem15_official-raw-v1#fullrewrite/satellite6/rt09/backward
exp_20260713_problem15_official,satellite6,satellite,fullrewrite,10,forward,false,No committed result rows.,none,missing,missing,,,,,,,,infrastructure,infrastructure_incomplete,exp_20260713_problem15_official-raw-v1,,exp_20260713_problem15_official-raw-v1#fullrewrite/satellite6/rt10/forward
exp_20260713_problem15_official,satellite6,satellite,fullrewrite,10,backward,false,No committed result rows.,none,missing,missing,,,,,,,,infrastructure,infrastructure_incomplete,exp_20260713_problem15_official-raw-v1,,exp_20260713_problem15_official-raw-v1#fullrewrite/satellite6/rt10/backward
exp_20260713_problem15_official,spreadsheet1,spreadsheet,hybridpatch,1,forward,false,Missing committed row.,none,missing,missing,,,,,,,,infrastructure,infrastructure_incomplete,exp_20260713_problem15_official-raw-v1,,exp_20260713_problem15_official-raw-v1#hybridpatch/spreadsheet1/rt01/forward
exp_20260713_problem15_official,spreadsheet1,spreadsheet,hybridpatch,1,backward,false,Missing committed row.,none,missing,missing,,,,,,,,infrastructure,infrastructure_incomplete,exp_20260713_problem15_official-raw-v1,,exp_20260713_problem15_official-raw-v1#hybridpatch/spreadsheet1/rt01/backward
exp_20260713_problem15_official,spreadsheet1,spreadsheet,hybridpatch,2,forward,false,Missing committed row.,none,missing,missing,,,,,,,,infrastructure,infrastructure_incomplete,exp_20260713_problem15_official-raw-v1,,exp_20260713_problem15_official-raw-v1#hybridpatch/spreadsheet1/rt02/forward
exp_20260713_problem15_official,spreadsheet1,spreadsheet,hybridpatch,2,backward,false,Missing committed row.,none,missing,missing,,,,,,,,infrastructure,infrastructure_incomplete,exp_20260713_problem15_official-raw-v1,,exp_20260713_problem15_official-raw-v1#hybridpatch/spreadsheet1/rt02/backward
exp_20260713_problem15_official,spreadsheet1,spreadsheet,hybridpatch,3,forward,false,Missing committed row.,none,missing,missing,,,,,,,,infrastructure,infrastructure_incomplete,exp_20260713_problem15_official-raw-v1,,exp_20260713_problem15_official-raw-v1#hybridpatch/spreadsheet1/rt03/forward
exp_20260713_problem15_official,spreadsheet1,spreadsheet,hybridpatch,3,backward,false,Missing committed row.,none,missing,missing,,,,,,,,infrastructure,infrastructure_incomplete,exp_20260713_problem15_official-raw-v1,,exp_20260713_problem15_official-raw-v1#hybridpatch/spreadsheet1/rt03/backward
exp_20260713_problem15_official,spreadsheet1,spreadsheet,hybridpatch,4,forward,false,Missing committed row.,none,missing,missing,,,,,,,,infrastructure,infrastructure_incomplete,exp_20260713_problem15_official-raw-v1,,exp_20260713_problem15_official-raw-v1#hybridpatch/spreadsheet1/rt04/forward
exp_20260713_problem15_official,spreadsheet1,spreadsheet,hybridpatch,4,backward,false,Missing committed row.,none,missing,missing,,,,,,,,infrastructure,infrastructure_incomplete,exp_20260713_problem15_official-raw-v1,,exp_20260713_problem15_official-raw-v1#hybridpatch/spreadsheet1/rt04/backward
exp_20260713_problem15_official,spreadsheet1,spreadsheet,hybridpatch,5,forward,false,Missing committed row.,none,missing,missing,,,,,,,,infrastructure,infrastructure_incomplete,exp_20260713_problem15_official-raw-v1,,exp_20260713_problem15_official-raw-v1#hybridpatch/spreadsheet1/rt05/forward
exp_20260713_problem15_official,spreadsheet1,spreadsheet,hybridpatch,5,backward,false,Missing committed row.,none,missing,missing,,,,,,,,infrastructure,infrastructure_incomplete,exp_20260713_problem15_official-raw-v1,,exp_20260713_problem15_official-raw-v1#hybridpatch/spreadsheet1/rt05/backward
exp_20260713_problem15_official,spreadsheet1,spreadsheet,hybridpatch,6,forward,false,Missing committed row.,none,missing,missing,,,,,,,,infrastructure,infrastructure_incomplete,exp_20260713_problem15_official-raw-v1,,exp_20260713_problem15_official-raw-v1#hybridpatch/spreadsheet1/rt06/forward
exp_20260713_problem15_official,spreadsheet1,spreadsheet,hybridpatch,6,backward,false,Missing committed row.,none,missing,missing,,,,,,,,infrastructure,infrastructure_incomplete,exp_20260713_problem15_official-raw-v1,,exp_20260713_problem15_official-raw-v1#hybridpatch/spreadsheet1/rt06/backward
exp_20260713_problem15_official,spreadsheet1,spreadsheet,hybridpatch,7,forward,false,Missing committed row.,none,missing,missing,,,,,,,,infrastructure,infrastructure_incomplete,exp_20260713_problem15_official-raw-v1,,exp_20260713_problem15_official-raw-v1#hybridpatch/spreadsheet1/rt07/forward
exp_20260713_problem15_official,spreadsheet1,spreadsheet,hybridpatch,7,backward,false,Missing committed row.,none,missing,missing,,,,,,,,infrastructure,infrastructure_incomplete,exp_20260713_problem15_official-raw-v1,,exp_20260713_problem15_official-raw-v1#hybridpatch/spreadsheet1/rt07/backward
exp_20260713_problem15_official,spreadsheet1,spreadsheet,hybridpatch,8,forward,false,Missing committed row.,none,missing,missing,,,,,,,,infrastructure,infrastructure_incomplete,exp_20260713_problem15_official-raw-v1,,exp_20260713_problem15_official-raw-v1#hybridpatch/spreadsheet1/rt08/forward
exp_20260713_problem15_official,spreadsheet1,spreadsheet,hybridpatch,8,backward,false,Missing committed row.,none,missing,missing,,,,,,,,infrastructure,infrastructure_incomplete,exp_20260713_problem15_official-raw-v1,,exp_20260713_problem15_official-raw-v1#hybridpatch/spreadsheet1/rt08/backward
exp_20260713_problem15_official,spreadsheet1,spreadsheet,hybridpatch,9,forward,false,Missing committed row.,none,missing,missing,,,,,,,,infrastructure,infrastructure_incomplete,exp_20260713_problem15_official-raw-v1,,exp_20260713_problem15_official-raw-v1#hybridpatch/spreadsheet1/rt09/forward
exp_20260713_problem15_official,spreadsheet1,spreadsheet,hybridpatch,9,backward,false,Missing committed row.,none,missing,missing,,,,,,,,infrastructure,infrastructure_incomplete,exp_20260713_problem15_official-raw-v1,,exp_20260713_problem15_official-raw-v1#hybridpatch/spreadsheet1/rt09/backward
exp_20260713_problem15_official,spreadsheet1,spreadsheet,hybridpatch,10,forward,false,Missing committed row.,none,missing,missing,,,,,,,,infrastructure,infrastructure_incomplete,exp_20260713_problem15_official-raw-v1,,exp_20260713_problem15_official-raw-v1#hybridpatch/spreadsheet1/rt10/forward
exp_20260713_problem15_official,spreadsheet1,spreadsheet,hybridpatch,10,backward,false,Missing committed row.,none,missing,missing,,,,,,,,infrastructure,infrastructure_incomplete,exp_20260713_problem15_official-raw-v1,,exp_20260713_problem15_official-raw-v1#hybridpatch/spreadsheet1/rt10/backward
exp_20260713_problem15_official,spreadsheet1,spreadsheet,fullrewrite,1,forward,true,,fullrewrite,failure,not_applicable,,0.0,,4345,9392,13737,55553,model,empty_response,exp_20260713_problem15_official-raw-v1,call000001_458c8ff9,exp_20260713_problem15_official-raw-v1#fullrewrite/spreadsheet1/rt01/forward
exp_20260713_problem15_official,spreadsheet1,spreadsheet,fullrewrite,1,backward,true,,fullrewrite,failure,not_applicable,,0.0,false,285,329,614,3212,quality,content_regression,exp_20260713_problem15_official-raw-v1,call000002_08963973,exp_20260713_problem15_official-raw-v1#fullrewrite/spreadsheet1/rt01/backward
exp_20260713_problem15_official,spreadsheet1,spreadsheet,fullrewrite,2,forward,true,,fullrewrite,success,not_applicable,,,,269,275,544,2970,none,none,exp_20260713_problem15_official-raw-v1,call000003_12b8315a,exp_20260713_problem15_official-raw-v1#fullrewrite/spreadsheet1/rt02/forward
exp_20260713_problem15_official,spreadsheet1,spreadsheet,fullrewrite,2,backward,true,,fullrewrite,degraded,not_applicable,,0.0,false,283,105,388,3585,model,near_empty_response,exp_20260713_problem15_official-raw-v1,call000004_0466b1e9,exp_20260713_problem15_official-raw-v1#fullrewrite/spreadsheet1/rt02/backward
exp_20260713_problem15_official,spreadsheet1,spreadsheet,fullrewrite,3,forward,true,,fullrewrite,degraded,not_applicable,,,,281,175,456,2092,model,near_empty_response,exp_20260713_problem15_official-raw-v1,call000005_cccff62d,exp_20260713_problem15_official-raw-v1#fullrewrite/spreadsheet1/rt03/forward
exp_20260713_problem15_official,spreadsheet1,spreadsheet,fullrewrite,3,backward,true,,fullrewrite,degraded,not_applicable,,0.0,false,292,93,385,1637,model,near_empty_response,exp_20260713_problem15_official-raw-v1,call000006_c01f1d96,exp_20260713_problem15_official-raw-v1#fullrewrite/spreadsheet1/rt03/backward
exp_20260713_problem15_official,spreadsheet1,spreadsheet,fullrewrite,4,forward,true,,fullrewrite,success,not_applicable,,,,432,451,883,5422,none,none,exp_20260713_problem15_official-raw-v1,call000007_b222ef30,exp_20260713_problem15_official-raw-v1#fullrewrite/spreadsheet1/rt04/forward
exp_20260713_problem15_official,spreadsheet1,spreadsheet,fullrewrite,4,backward,true,,fullrewrite,degraded,not_applicable,,0.0,false,388,280,668,2633,model,near_empty_response,exp_20260713_problem15_official-raw-v1,call000008_f76a6358,exp_20260713_problem15_official-raw-v1#fullrewrite/spreadsheet1/rt04/backward
exp_20260713_problem15_official,spreadsheet1,spreadsheet,fullrewrite,5,forward,false,Missing committed row.,none,missing,missing,,,,,,,,infrastructure,infrastructure_incomplete,exp_20260713_problem15_official-raw-v1,,exp_20260713_problem15_official-raw-v1#fullrewrite/spreadsheet1/rt05/forward
exp_20260713_problem15_official,spreadsheet1,spreadsheet,fullrewrite,5,backward,false,Missing committed row.,none,missing,missing,,,,,,,,infrastructure,infrastructure_incomplete,exp_20260713_problem15_official-raw-v1,,exp_20260713_problem15_official-raw-v1#fullrewrite/spreadsheet1/rt05/backward
exp_20260713_problem15_official,spreadsheet1,spreadsheet,fullrewrite,6,forward,false,Missing committed row.,none,missing,missing,,,,,,,,infrastructure,infrastructure_incomplete,exp_20260713_problem15_official-raw-v1,,exp_20260713_problem15_official-raw-v1#fullrewrite/spreadsheet1/rt06/forward
exp_20260713_problem15_official,spreadsheet1,spreadsheet,fullrewrite,6,backward,false,Missing committed row.,none,missing,missing,,,,,,,,infrastructure,infrastructure_incomplete,exp_20260713_problem15_official-raw-v1,,exp_20260713_problem15_official-raw-v1#fullrewrite/spreadsheet1/rt06/backward
exp_20260713_problem15_official,spreadsheet1,spreadsheet,fullrewrite,7,forward,false,Missing committed row.,none,missing,missing,,,,,,,,infrastructure,infrastructure_incomplete,exp_20260713_problem15_official-raw-v1,,exp_20260713_problem15_official-raw-v1#fullrewrite/spreadsheet1/rt07/forward
exp_20260713_problem15_official,spreadsheet1,spreadsheet,fullrewrite,7,backward,false,Missing committed row.,none,missing,missing,,,,,,,,infrastructure,infrastructure_incomplete,exp_20260713_problem15_official-raw-v1,,exp_20260713_problem15_official-raw-v1#fullrewrite/spreadsheet1/rt07/backward
exp_20260713_problem15_official,spreadsheet1,spreadsheet,fullrewrite,8,forward,false,Missing committed row.,none,missing,missing,,,,,,,,infrastructure,infrastructure_incomplete,exp_20260713_problem15_official-raw-v1,,exp_20260713_problem15_official-raw-v1#fullrewrite/spreadsheet1/rt08/forward
exp_20260713_problem15_official,spreadsheet1,spreadsheet,fullrewrite,8,backward,false,Missing committed row.,none,missing,missing,,,,,,,,infrastructure,infrastructure_incomplete,exp_20260713_problem15_official-raw-v1,,exp_20260713_problem15_official-raw-v1#fullrewrite/spreadsheet1/rt08/backward
exp_20260713_problem15_official,spreadsheet1,spreadsheet,fullrewrite,9,forward,false,Missing committed row.,none,missing,missing,,,,,,,,infrastructure,infrastructure_incomplete,exp_20260713_problem15_official-raw-v1,,exp_20260713_problem15_official-raw-v1#fullrewrite/spreadsheet1/rt09/forward
exp_20260713_problem15_official,spreadsheet1,spreadsheet,fullrewrite,9,backward,false,Missing committed row.,none,missing,missing,,,,,,,,infrastructure,infrastructure_incomplete,exp_20260713_problem15_official-raw-v1,,exp_20260713_problem15_official-raw-v1#fullrewrite/spreadsheet1/rt09/backward
exp_20260713_problem15_official,spreadsheet1,spreadsheet,fullrewrite,10,forward,false,Missing committed row.,none,missing,missing,,,,,,,,infrastructure,infrastructure_incomplete,exp_20260713_problem15_official-raw-v1,,exp_20260713_problem15_official-raw-v1#fullrewrite/spreadsheet1/rt10/forward
exp_20260713_problem15_official,spreadsheet1,spreadsheet,fullrewrite,10,backward,false,Missing committed row.,none,missing,missing,,,,,,,,infrastructure,infrastructure_incomplete,exp_20260713_problem15_official-raw-v1,,exp_20260713_problem15_official-raw-v1#fullrewrite/spreadsheet1/rt10/backward
exp_20260713_problem15_official,translation4,translation,hybridpatch,1,forward,false,No committed result rows.,none,missing,missing,,,,,,,,infrastructure,infrastructure_incomplete,exp_20260713_problem15_official-raw-v1,,exp_20260713_problem15_official-raw-v1#hybridpatch/translation4/rt01/forward
exp_20260713_problem15_official,translation4,translation,hybridpatch,1,backward,false,No committed result rows.,none,missing,missing,,,,,,,,infrastructure,infrastructure_incomplete,exp_20260713_problem15_official-raw-v1,,exp_20260713_problem15_official-raw-v1#hybridpatch/translation4/rt01/backward
exp_20260713_problem15_official,translation4,translation,hybridpatch,2,forward,false,No committed result rows.,none,missing,missing,,,,,,,,infrastructure,infrastructure_incomplete,exp_20260713_problem15_official-raw-v1,,exp_20260713_problem15_official-raw-v1#hybridpatch/translation4/rt02/forward
exp_20260713_problem15_official,translation4,translation,hybridpatch,2,backward,false,No committed result rows.,none,missing,missing,,,,,,,,infrastructure,infrastructure_incomplete,exp_20260713_problem15_official-raw-v1,,exp_20260713_problem15_official-raw-v1#hybridpatch/translation4/rt02/backward
exp_20260713_problem15_official,translation4,translation,hybridpatch,3,forward,false,No committed result rows.,none,missing,missing,,,,,,,,infrastructure,infrastructure_incomplete,exp_20260713_problem15_official-raw-v1,,exp_20260713_problem15_official-raw-v1#hybridpatch/translation4/rt03/forward
exp_20260713_problem15_official,translation4,translation,hybridpatch,3,backward,false,No committed result rows.,none,missing,missing,,,,,,,,infrastructure,infrastructure_incomplete,exp_20260713_problem15_official-raw-v1,,exp_20260713_problem15_official-raw-v1#hybridpatch/translation4/rt03/backward
exp_20260713_problem15_official,translation4,translation,hybridpatch,4,forward,false,No committed result rows.,none,missing,missing,,,,,,,,infrastructure,infrastructure_incomplete,exp_20260713_problem15_official-raw-v1,,exp_20260713_problem15_official-raw-v1#hybridpatch/translation4/rt04/forward
exp_20260713_problem15_official,translation4,translation,hybridpatch,4,backward,false,No committed result rows.,none,missing,missing,,,,,,,,infrastructure,infrastructure_incomplete,exp_20260713_problem15_official-raw-v1,,exp_20260713_problem15_official-raw-v1#hybridpatch/translation4/rt04/backward
exp_20260713_problem15_official,translation4,translation,hybridpatch,5,forward,false,No committed result rows.,none,missing,missing,,,,,,,,infrastructure,infrastructure_incomplete,exp_20260713_problem15_official-raw-v1,,exp_20260713_problem15_official-raw-v1#hybridpatch/translation4/rt05/forward
exp_20260713_problem15_official,translation4,translation,hybridpatch,5,backward,false,No committed result rows.,none,missing,missing,,,,,,,,infrastructure,infrastructure_incomplete,exp_20260713_problem15_official-raw-v1,,exp_20260713_problem15_official-raw-v1#hybridpatch/translation4/rt05/backward
exp_20260713_problem15_official,translation4,translation,hybridpatch,6,forward,false,No committed result rows.,none,missing,missing,,,,,,,,infrastructure,infrastructure_incomplete,exp_20260713_problem15_official-raw-v1,,exp_20260713_problem15_official-raw-v1#hybridpatch/translation4/rt06/forward
exp_20260713_problem15_official,translation4,translation,hybridpatch,6,backward,false,No committed result rows.,none,missing,missing,,,,,,,,infrastructure,infrastructure_incomplete,exp_20260713_problem15_official-raw-v1,,exp_20260713_problem15_official-raw-v1#hybridpatch/translation4/rt06/backward
exp_20260713_problem15_official,translation4,translation,hybridpatch,7,forward,false,No committed result rows.,none,missing,missing,,,,,,,,infrastructure,infrastructure_incomplete,exp_20260713_problem15_official-raw-v1,,exp_20260713_problem15_official-raw-v1#hybridpatch/translation4/rt07/forward
exp_20260713_problem15_official,translation4,translation,hybridpatch,7,backward,false,No committed result rows.,none,missing,missing,,,,,,,,infrastructure,infrastructure_incomplete,exp_20260713_problem15_official-raw-v1,,exp_20260713_problem15_official-raw-v1#hybridpatch/translation4/rt07/backward
exp_20260713_problem15_official,translation4,translation,hybridpatch,8,forward,false,No committed result rows.,none,missing,missing,,,,,,,,infrastructure,infrastructure_incomplete,exp_20260713_problem15_official-raw-v1,,exp_20260713_problem15_official-raw-v1#hybridpatch/translation4/rt08/forward
exp_20260713_problem15_official,translation4,translation,hybridpatch,8,backward,false,No committed result rows.,none,missing,missing,,,,,,,,infrastructure,infrastructure_incomplete,exp_20260713_problem15_official-raw-v1,,exp_20260713_problem15_official-raw-v1#hybridpatch/translation4/rt08/backward
exp_20260713_problem15_official,translation4,translation,hybridpatch,9,forward,false,No committed result rows.,none,missing,missing,,,,,,,,infrastructure,infrastructure_incomplete,exp_20260713_problem15_official-raw-v1,,exp_20260713_problem15_official-raw-v1#hybridpatch/translation4/rt09/forward
exp_20260713_problem15_official,translation4,translation,hybridpatch,9,backward,false,No committed result rows.,none,missing,missing,,,,,,,,infrastructure,infrastructure_incomplete,exp_20260713_problem15_official-raw-v1,,exp_20260713_problem15_official-raw-v1#hybridpatch/translation4/rt09/backward
exp_20260713_problem15_official,translation4,translation,hybridpatch,10,forward,false,No committed result rows.,none,missing,missing,,,,,,,,infrastructure,infrastructure_incomplete,exp_20260713_problem15_official-raw-v1,,exp_20260713_problem15_official-raw-v1#hybridpatch/translation4/rt10/forward
exp_20260713_problem15_official,translation4,translation,hybridpatch,10,backward,false,No committed result rows.,none,missing,missing,,,,,,,,infrastructure,infrastructure_incomplete,exp_20260713_problem15_official-raw-v1,,exp_20260713_problem15_official-raw-v1#hybridpatch/translation4/rt10/backward
exp_20260713_problem15_official,translation4,translation,fullrewrite,1,forward,false,No committed result rows.,none,missing,missing,,,,,,,,infrastructure,infrastructure_incomplete,exp_20260713_problem15_official-raw-v1,,exp_20260713_problem15_official-raw-v1#fullrewrite/translation4/rt01/forward
exp_20260713_problem15_official,translation4,translation,fullrewrite,1,backward,false,No committed result rows.,none,missing,missing,,,,,,,,infrastructure,infrastructure_incomplete,exp_20260713_problem15_official-raw-v1,,exp_20260713_problem15_official-raw-v1#fullrewrite/translation4/rt01/backward
exp_20260713_problem15_official,translation4,translation,fullrewrite,2,forward,false,No committed result rows.,none,missing,missing,,,,,,,,infrastructure,infrastructure_incomplete,exp_20260713_problem15_official-raw-v1,,exp_20260713_problem15_official-raw-v1#fullrewrite/translation4/rt02/forward
exp_20260713_problem15_official,translation4,translation,fullrewrite,2,backward,false,No committed result rows.,none,missing,missing,,,,,,,,infrastructure,infrastructure_incomplete,exp_20260713_problem15_official-raw-v1,,exp_20260713_problem15_official-raw-v1#fullrewrite/translation4/rt02/backward
exp_20260713_problem15_official,translation4,translation,fullrewrite,3,forward,false,No committed result rows.,none,missing,missing,,,,,,,,infrastructure,infrastructure_incomplete,exp_20260713_problem15_official-raw-v1,,exp_20260713_problem15_official-raw-v1#fullrewrite/translation4/rt03/forward
exp_20260713_problem15_official,translation4,translation,fullrewrite,3,backward,false,No committed result rows.,none,missing,missing,,,,,,,,infrastructure,infrastructure_incomplete,exp_20260713_problem15_official-raw-v1,,exp_20260713_problem15_official-raw-v1#fullrewrite/translation4/rt03/backward
exp_20260713_problem15_official,translation4,translation,fullrewrite,4,forward,false,No committed result rows.,none,missing,missing,,,,,,,,infrastructure,infrastructure_incomplete,exp_20260713_problem15_official-raw-v1,,exp_20260713_problem15_official-raw-v1#fullrewrite/translation4/rt04/forward
exp_20260713_problem15_official,translation4,translation,fullrewrite,4,backward,false,No committed result rows.,none,missing,missing,,,,,,,,infrastructure,infrastructure_incomplete,exp_20260713_problem15_official-raw-v1,,exp_20260713_problem15_official-raw-v1#fullrewrite/translation4/rt04/backward
exp_20260713_problem15_official,translation4,translation,fullrewrite,5,forward,false,No committed result rows.,none,missing,missing,,,,,,,,infrastructure,infrastructure_incomplete,exp_20260713_problem15_official-raw-v1,,exp_20260713_problem15_official-raw-v1#fullrewrite/translation4/rt05/forward
exp_20260713_problem15_official,translation4,translation,fullrewrite,5,backward,false,No committed result rows.,none,missing,missing,,,,,,,,infrastructure,infrastructure_incomplete,exp_20260713_problem15_official-raw-v1,,exp_20260713_problem15_official-raw-v1#fullrewrite/translation4/rt05/backward
exp_20260713_problem15_official,translation4,translation,fullrewrite,6,forward,false,No committed result rows.,none,missing,missing,,,,,,,,infrastructure,infrastructure_incomplete,exp_20260713_problem15_official-raw-v1,,exp_20260713_problem15_official-raw-v1#fullrewrite/translation4/rt06/forward
exp_20260713_problem15_official,translation4,translation,fullrewrite,6,backward,false,No committed result rows.,none,missing,missing,,,,,,,,infrastructure,infrastructure_incomplete,exp_20260713_problem15_official-raw-v1,,exp_20260713_problem15_official-raw-v1#fullrewrite/translation4/rt06/backward
exp_20260713_problem15_official,translation4,translation,fullrewrite,7,forward,false,No committed result rows.,none,missing,missing,,,,,,,,infrastructure,infrastructure_incomplete,exp_20260713_problem15_official-raw-v1,,exp_20260713_problem15_official-raw-v1#fullrewrite/translation4/rt07/forward
exp_20260713_problem15_official,translation4,translation,fullrewrite,7,backward,false,No committed result rows.,none,missing,missing,,,,,,,,infrastructure,infrastructure_incomplete,exp_20260713_problem15_official-raw-v1,,exp_20260713_problem15_official-raw-v1#fullrewrite/translation4/rt07/backward
exp_20260713_problem15_official,translation4,translation,fullrewrite,8,forward,false,No committed result rows.,none,missing,missing,,,,,,,,infrastructure,infrastructure_incomplete,exp_20260713_problem15_official-raw-v1,,exp_20260713_problem15_official-raw-v1#fullrewrite/translation4/rt08/forward
exp_20260713_problem15_official,translation4,translation,fullrewrite,8,backward,false,No committed result rows.,none,missing,missing,,,,,,,,infrastructure,infrastructure_incomplete,exp_20260713_problem15_official-raw-v1,,exp_20260713_problem15_official-raw-v1#fullrewrite/translation4/rt08/backward
exp_20260713_problem15_official,translation4,translation,fullrewrite,9,forward,false,No committed result rows.,none,missing,missing,,,,,,,,infrastructure,infrastructure_incomplete,exp_20260713_problem15_official-raw-v1,,exp_20260713_problem15_official-raw-v1#fullrewrite/translation4/rt09/forward
exp_20260713_problem15_official,translation4,translation,fullrewrite,9,backward,false,No committed result rows.,none,missing,missing,,,,,,,,infrastructure,infrastructure_incomplete,exp_20260713_problem15_official-raw-v1,,exp_20260713_problem15_official-raw-v1#fullrewrite/translation4/rt09/backward
exp_20260713_problem15_official,translation4,translation,fullrewrite,10,forward,false,No committed result rows.,none,missing,missing,,,,,,,,infrastructure,infrastructure_incomplete,exp_20260713_problem15_official-raw-v1,,exp_20260713_problem15_official-raw-v1#fullrewrite/translation4/rt10/forward
exp_20260713_problem15_official,translation4,translation,fullrewrite,10,backward,false,No committed result rows.,none,missing,missing,,,,,,,,infrastructure,infrastructure_incomplete,exp_20260713_problem15_official-raw-v1,,exp_20260713_problem15_official-raw-v1#fullrewrite/translation4/rt10/backward
exp_20260713_problem15_official,treebank4,treebank,hybridpatch,1,forward,true,,bounded_rewrite,success,applied,0,,,11110,42341,53451,294898,none,none,exp_20260713_problem15_official-raw-v1,call000001_67db5984,exp_20260713_problem15_official-raw-v1#hybridpatch/treebank4/rt01/forward
exp_20260713_problem15_official,treebank4,treebank,hybridpatch,1,backward,true,,bounded_rewrite,success,applied,0,0.9989166315493749,false,11452,22797,34249,126813,none,none,exp_20260713_problem15_official-raw-v1,call000002_02cee9c1,exp_20260713_problem15_official-raw-v1#hybridpatch/treebank4/rt01/backward
exp_20260713_problem15_official,treebank4,treebank,hybridpatch,2,forward,false,Missing committed row.,none,missing,missing,,,,,,,,infrastructure,infrastructure_incomplete,exp_20260713_problem15_official-raw-v1,,exp_20260713_problem15_official-raw-v1#hybridpatch/treebank4/rt02/forward
exp_20260713_problem15_official,treebank4,treebank,hybridpatch,2,backward,false,Missing committed row.,none,missing,missing,,,,,,,,infrastructure,infrastructure_incomplete,exp_20260713_problem15_official-raw-v1,,exp_20260713_problem15_official-raw-v1#hybridpatch/treebank4/rt02/backward
exp_20260713_problem15_official,treebank4,treebank,hybridpatch,3,forward,false,Missing committed row.,none,missing,missing,,,,,,,,infrastructure,infrastructure_incomplete,exp_20260713_problem15_official-raw-v1,,exp_20260713_problem15_official-raw-v1#hybridpatch/treebank4/rt03/forward
exp_20260713_problem15_official,treebank4,treebank,hybridpatch,3,backward,false,Missing committed row.,none,missing,missing,,,,,,,,infrastructure,infrastructure_incomplete,exp_20260713_problem15_official-raw-v1,,exp_20260713_problem15_official-raw-v1#hybridpatch/treebank4/rt03/backward
exp_20260713_problem15_official,treebank4,treebank,hybridpatch,4,forward,false,Missing committed row.,none,missing,missing,,,,,,,,infrastructure,infrastructure_incomplete,exp_20260713_problem15_official-raw-v1,,exp_20260713_problem15_official-raw-v1#hybridpatch/treebank4/rt04/forward
exp_20260713_problem15_official,treebank4,treebank,hybridpatch,4,backward,false,Missing committed row.,none,missing,missing,,,,,,,,infrastructure,infrastructure_incomplete,exp_20260713_problem15_official-raw-v1,,exp_20260713_problem15_official-raw-v1#hybridpatch/treebank4/rt04/backward
exp_20260713_problem15_official,treebank4,treebank,hybridpatch,5,forward,false,Missing committed row.,none,missing,missing,,,,,,,,infrastructure,infrastructure_incomplete,exp_20260713_problem15_official-raw-v1,,exp_20260713_problem15_official-raw-v1#hybridpatch/treebank4/rt05/forward
exp_20260713_problem15_official,treebank4,treebank,hybridpatch,5,backward,false,Missing committed row.,none,missing,missing,,,,,,,,infrastructure,infrastructure_incomplete,exp_20260713_problem15_official-raw-v1,,exp_20260713_problem15_official-raw-v1#hybridpatch/treebank4/rt05/backward
exp_20260713_problem15_official,treebank4,treebank,hybridpatch,6,forward,false,Missing committed row.,none,missing,missing,,,,,,,,infrastructure,infrastructure_incomplete,exp_20260713_problem15_official-raw-v1,,exp_20260713_problem15_official-raw-v1#hybridpatch/treebank4/rt06/forward
exp_20260713_problem15_official,treebank4,treebank,hybridpatch,6,backward,false,Missing committed row.,none,missing,missing,,,,,,,,infrastructure,infrastructure_incomplete,exp_20260713_problem15_official-raw-v1,,exp_20260713_problem15_official-raw-v1#hybridpatch/treebank4/rt06/backward
exp_20260713_problem15_official,treebank4,treebank,hybridpatch,7,forward,false,Missing committed row.,none,missing,missing,,,,,,,,infrastructure,infrastructure_incomplete,exp_20260713_problem15_official-raw-v1,,exp_20260713_problem15_official-raw-v1#hybridpatch/treebank4/rt07/forward
exp_20260713_problem15_official,treebank4,treebank,hybridpatch,7,backward,false,Missing committed row.,none,missing,missing,,,,,,,,infrastructure,infrastructure_incomplete,exp_20260713_problem15_official-raw-v1,,exp_20260713_problem15_official-raw-v1#hybridpatch/treebank4/rt07/backward
exp_20260713_problem15_official,treebank4,treebank,hybridpatch,8,forward,false,Missing committed row.,none,missing,missing,,,,,,,,infrastructure,infrastructure_incomplete,exp_20260713_problem15_official-raw-v1,,exp_20260713_problem15_official-raw-v1#hybridpatch/treebank4/rt08/forward
exp_20260713_problem15_official,treebank4,treebank,hybridpatch,8,backward,false,Missing committed row.,none,missing,missing,,,,,,,,infrastructure,infrastructure_incomplete,exp_20260713_problem15_official-raw-v1,,exp_20260713_problem15_official-raw-v1#hybridpatch/treebank4/rt08/backward
exp_20260713_problem15_official,treebank4,treebank,hybridpatch,9,forward,false,Missing committed row.,none,missing,missing,,,,,,,,infrastructure,infrastructure_incomplete,exp_20260713_problem15_official-raw-v1,,exp_20260713_problem15_official-raw-v1#hybridpatch/treebank4/rt09/forward
exp_20260713_problem15_official,treebank4,treebank,hybridpatch,9,backward,false,Missing committed row.,none,missing,missing,,,,,,,,infrastructure,infrastructure_incomplete,exp_20260713_problem15_official-raw-v1,,exp_20260713_problem15_official-raw-v1#hybridpatch/treebank4/rt09/backward
exp_20260713_problem15_official,treebank4,treebank,hybridpatch,10,forward,false,Missing committed row.,none,missing,missing,,,,,,,,infrastructure,infrastructure_incomplete,exp_20260713_problem15_official-raw-v1,,exp_20260713_problem15_official-raw-v1#hybridpatch/treebank4/rt10/forward
exp_20260713_problem15_official,treebank4,treebank,hybridpatch,10,backward,false,Missing committed row.,none,missing,missing,,,,,,,,infrastructure,infrastructure_incomplete,exp_20260713_problem15_official-raw-v1,,exp_20260713_problem15_official-raw-v1#hybridpatch/treebank4/rt10/backward
exp_20260713_problem15_official,treebank4,treebank,fullrewrite,1,forward,true,,fullrewrite,success,not_applicable,,,,3977,14611,18588,82580,none,none,exp_20260713_problem15_official-raw-v1,call000001_b235d39e,exp_20260713_problem15_official-raw-v1#fullrewrite/treebank4/rt01/forward
exp_20260713_problem15_official,treebank4,treebank,fullrewrite,1,backward,true,,fullrewrite,success,not_applicable,,0.781858407079646,false,3988,5131,9119,27335,none,none,exp_20260713_problem15_official-raw-v1,call000002_fddc4eae,exp_20260713_problem15_official-raw-v1#fullrewrite/treebank4/rt01/backward
exp_20260713_problem15_official,treebank4,treebank,fullrewrite,2,forward,true,,fullrewrite,success,not_applicable,,,,3921,5324,9245,28541,none,none,exp_20260713_problem15_official-raw-v1,call000003_75d5fa05,exp_20260713_problem15_official-raw-v1#fullrewrite/treebank4/rt02/forward
exp_20260713_problem15_official,treebank4,treebank,fullrewrite,2,backward,true,,fullrewrite,success,not_applicable,,0.7774336283185842,false,3941,13466,17407,80380,none,none,exp_20260713_problem15_official-raw-v1,call000004_3fcafa46,exp_20260713_problem15_official-raw-v1#fullrewrite/treebank4/rt02/backward
exp_20260713_problem15_official,treebank4,treebank,fullrewrite,3,forward,true,,fullrewrite,success,not_applicable,,,,3918,10275,14193,57636,none,none,exp_20260713_problem15_official-raw-v1,call000005_ff33c0cf,exp_20260713_problem15_official-raw-v1#fullrewrite/treebank4/rt03/forward
exp_20260713_problem15_official,treebank4,treebank,fullrewrite,3,backward,true,,fullrewrite,success,not_applicable,,0.7774336283185842,false,3943,4102,8045,24732,none,none,exp_20260713_problem15_official-raw-v1,call000006_02d761be,exp_20260713_problem15_official-raw-v1#fullrewrite/treebank4/rt03/backward
exp_20260713_problem15_official,treebank4,treebank,fullrewrite,4,forward,true,,fullrewrite,success,not_applicable,,,,4076,8601,12677,39642,none,none,exp_20260713_problem15_official-raw-v1,call000007_27007e15,exp_20260713_problem15_official-raw-v1#fullrewrite/treebank4/rt04/forward
exp_20260713_problem15_official,treebank4,treebank,fullrewrite,4,backward,true,,fullrewrite,success,not_applicable,,0.7772018210634842,false,4030,5724,9754,49291,none,none,exp_20260713_problem15_official-raw-v1,call000008_fb7ad0bc,exp_20260713_problem15_official-raw-v1#fullrewrite/treebank4/rt04/backward
exp_20260713_problem15_official,treebank4,treebank,fullrewrite,5,forward,true,,fullrewrite,success,not_applicable,,,,3997,4561,8558,27033,none,none,exp_20260713_problem15_official-raw-v1,call000009_5fa1bc49,exp_20260713_problem15_official-raw-v1#fullrewrite/treebank4/rt05/forward
exp_20260713_problem15_official,treebank4,treebank,fullrewrite,5,backward,true,,fullrewrite,success,not_applicable,,0.7772018210634842,false,4091,5666,9757,31310,none,none,exp_20260713_problem15_official-raw-v1,call000010_424ac9df,exp_20260713_problem15_official-raw-v1#fullrewrite/treebank4/rt05/backward
exp_20260713_problem15_official,treebank4,treebank,fullrewrite,6,forward,true,,fullrewrite,failure,not_applicable,,0.0,,3927,1577,5504,10598,model,empty_response,exp_20260713_problem15_official-raw-v1,call000011_c9fc41ee,exp_20260713_problem15_official-raw-v1#fullrewrite/treebank4/rt06/forward
exp_20260713_problem15_official,treebank4,treebank,fullrewrite,6,backward,true,,fullrewrite,degraded,not_applicable,,0.0,true,318,1528,1846,12551,quality,content_regression,exp_20260713_problem15_official-raw-v1,call000012_9ad229f1,exp_20260713_problem15_official-raw-v1#fullrewrite/treebank4/rt06/backward
exp_20260713_problem15_official,treebank4,treebank,fullrewrite,7,forward,true,,fullrewrite,degraded,not_applicable,,,,401,830,1231,8789,model,near_empty_response,exp_20260713_problem15_official-raw-v1,call000013_18d7917f,exp_20260713_problem15_official-raw-v1#fullrewrite/treebank4/rt07/forward
exp_20260713_problem15_official,treebank4,treebank,fullrewrite,7,backward,true,,fullrewrite,degraded,not_applicable,,0.0,false,378,274,652,7563,model,near_empty_response,exp_20260713_problem15_official-raw-v1,call000014_6343f0d8,exp_20260713_problem15_official-raw-v1#fullrewrite/treebank4/rt07/backward
exp_20260713_problem15_official,treebank4,treebank,fullrewrite,8,forward,true,,fullrewrite,success,not_applicable,,,,433,748,1181,7019,none,none,exp_20260713_problem15_official-raw-v1,call000015_ef5561ef,exp_20260713_problem15_official-raw-v1#fullrewrite/treebank4/rt08/forward
exp_20260713_problem15_official,treebank4,treebank,fullrewrite,8,backward,true,,fullrewrite,success,not_applicable,,0.0,false,407,238,645,3779,none,none,exp_20260713_problem15_official-raw-v1,call000016_79ea966a,exp_20260713_problem15_official-raw-v1#fullrewrite/treebank4/rt08/backward
exp_20260713_problem15_official,treebank4,treebank,fullrewrite,9,forward,true,,fullrewrite,degraded,not_applicable,,,,354,651,1005,6239,model,near_empty_response,exp_20260713_problem15_official-raw-v1,call000017_86f3959f,exp_20260713_problem15_official-raw-v1#fullrewrite/treebank4/rt09/forward
exp_20260713_problem15_official,treebank4,treebank,fullrewrite,9,backward,true,,fullrewrite,degraded,not_applicable,,0.0,false,321,407,728,3434,model,near_empty_response,exp_20260713_problem15_official-raw-v1,call000018_89ba9a70,exp_20260713_problem15_official-raw-v1#fullrewrite/treebank4/rt09/backward
exp_20260713_problem15_official,treebank4,treebank,fullrewrite,10,forward,true,,fullrewrite,success,not_applicable,,,,508,1453,1961,11509,none,none,exp_20260713_problem15_official-raw-v1,call000019_cffc82f6,exp_20260713_problem15_official-raw-v1#fullrewrite/treebank4/rt10/forward
exp_20260713_problem15_official,treebank4,treebank,fullrewrite,10,backward,true,,fullrewrite,degraded,not_applicable,,0.0,false,441,265,706,2272,model,near_empty_response,exp_20260713_problem15_official-raw-v1,call000020_ec4bbcf4,exp_20260713_problem15_official-raw-v1#fullrewrite/treebank4/rt10/backward
