experiment_id,sample_id,domain,method,round_trip,direction,canonical_included,exclusion_reason,execution_route,execution_status,commit_outcome,preservation_violations,rs,critical_failure,input_tokens,output_tokens,total_tokens,latency_ms,failure_stage,failure_label,raw_artifact_id,raw_call_ids,raw_ref
exp_20260713_frbaseline_v2_rerun,calendar5,calendar,fullrewrite,1,forward,true,,fullrewrite,failure,not_applicable,,0.0,,3672,4977,8649,37823,model,empty_response,exp_20260713_frbaseline_v2_rerun-raw-v1,call000001_993614e4,exp_20260713_frbaseline_v2_rerun-raw-v1#fullrewrite/calendar5/rt01/forward
exp_20260713_frbaseline_v2_rerun,calendar5,calendar,fullrewrite,1,backward,true,,fullrewrite,failure,not_applicable,,0.0,false,270,407,677,5651,quality,content_regression,exp_20260713_frbaseline_v2_rerun-raw-v1,call000002_369b9a8c,exp_20260713_frbaseline_v2_rerun-raw-v1#fullrewrite/calendar5/rt01/backward
exp_20260713_frbaseline_v2_rerun,calendar5,calendar,fullrewrite,2,forward,true,,fullrewrite,success,not_applicable,,,,312,2333,2645,17883,none,none,exp_20260713_frbaseline_v2_rerun-raw-v1,call000003_b72d5eef,exp_20260713_frbaseline_v2_rerun-raw-v1#fullrewrite/calendar5/rt02/forward
exp_20260713_frbaseline_v2_rerun,calendar5,calendar,fullrewrite,2,backward,true,,fullrewrite,failure,not_applicable,,0.0,false,2381,4170,6551,33592,model,text_truncated,exp_20260713_frbaseline_v2_rerun-raw-v1,call000004_143a2847,exp_20260713_frbaseline_v2_rerun-raw-v1#fullrewrite/calendar5/rt02/backward
exp_20260713_frbaseline_v2_rerun,calendar5,calendar,fullrewrite,3,forward,true,,fullrewrite,degraded,unchanged,,0.0,,373,510,883,7338,quality,content_regression,exp_20260713_frbaseline_v2_rerun-raw-v1,call000005_c7187f06,exp_20260713_frbaseline_v2_rerun-raw-v1#fullrewrite/calendar5/rt03/forward
exp_20260713_frbaseline_v2_rerun,calendar5,calendar,fullrewrite,3,backward,true,,fullrewrite,failure,not_applicable,,0.0,false,312,474,786,7510,quality,content_regression,exp_20260713_frbaseline_v2_rerun-raw-v1,call000006_6e32e168,exp_20260713_frbaseline_v2_rerun-raw-v1#fullrewrite/calendar5/rt03/backward
exp_20260713_frbaseline_v2_rerun,calendar5,calendar,fullrewrite,4,forward,true,,fullrewrite,degraded,unchanged,,0.0,,297,434,731,4845,quality,content_regression,exp_20260713_frbaseline_v2_rerun-raw-v1,call000007_263f8b98,exp_20260713_frbaseline_v2_rerun-raw-v1#fullrewrite/calendar5/rt04/forward
exp_20260713_frbaseline_v2_rerun,calendar5,calendar,fullrewrite,4,backward,true,,fullrewrite,failure,not_applicable,,0.0,false,274,257,531,4269,quality,content_regression,exp_20260713_frbaseline_v2_rerun-raw-v1,call000008_7e80ba68,exp_20260713_frbaseline_v2_rerun-raw-v1#fullrewrite/calendar5/rt04/backward
exp_20260713_frbaseline_v2_rerun,calendar5,calendar,fullrewrite,5,forward,true,,fullrewrite,degraded,unchanged,,0.0,,375,573,948,6383,quality,content_regression,exp_20260713_frbaseline_v2_rerun-raw-v1,call000009_db13b99b,exp_20260713_frbaseline_v2_rerun-raw-v1#fullrewrite/calendar5/rt05/forward
exp_20260713_frbaseline_v2_rerun,calendar5,calendar,fullrewrite,5,backward,true,,fullrewrite,failure,not_applicable,,0.0,false,308,360,668,10126,quality,content_regression,exp_20260713_frbaseline_v2_rerun-raw-v1,call000010_c148b41c,exp_20260713_frbaseline_v2_rerun-raw-v1#fullrewrite/calendar5/rt05/backward
exp_20260713_frbaseline_v2_rerun,calendar5,calendar,fullrewrite,6,forward,true,,fullrewrite,success,not_applicable,,,,313,926,1239,8455,none,none,exp_20260713_frbaseline_v2_rerun-raw-v1,call000011_6ba36122,exp_20260713_frbaseline_v2_rerun-raw-v1#fullrewrite/calendar5/rt06/forward
exp_20260713_frbaseline_v2_rerun,calendar5,calendar,fullrewrite,6,backward,true,,fullrewrite,success,not_applicable,,0.0,false,534,422,956,3901,none,none,exp_20260713_frbaseline_v2_rerun-raw-v1,call000012_36c86382,exp_20260713_frbaseline_v2_rerun-raw-v1#fullrewrite/calendar5/rt06/backward
exp_20260713_frbaseline_v2_rerun,calendar5,calendar,fullrewrite,7,forward,true,,fullrewrite,success,not_applicable,,,,407,488,895,4831,none,none,exp_20260713_frbaseline_v2_rerun-raw-v1,call000013_8c361ad7,exp_20260713_frbaseline_v2_rerun-raw-v1#fullrewrite/calendar5/rt07/forward
exp_20260713_frbaseline_v2_rerun,calendar5,calendar,fullrewrite,7,backward,true,,fullrewrite,success,not_applicable,,0.0,false,532,282,814,3545,none,none,exp_20260713_frbaseline_v2_rerun-raw-v1,call000014_fd97164e,exp_20260713_frbaseline_v2_rerun-raw-v1#fullrewrite/calendar5/rt07/backward
exp_20260713_frbaseline_v2_rerun,calendar5,calendar,fullrewrite,8,forward,true,,fullrewrite,success,not_applicable,,,,401,742,1143,7049,none,none,exp_20260713_frbaseline_v2_rerun-raw-v1,call000015_f813853d,exp_20260713_frbaseline_v2_rerun-raw-v1#fullrewrite/calendar5/rt08/forward
exp_20260713_frbaseline_v2_rerun,calendar5,calendar,fullrewrite,8,backward,true,,fullrewrite,success,not_applicable,,0.0,false,758,322,1080,4280,none,none,exp_20260713_frbaseline_v2_rerun-raw-v1,call000016_7361b3c4,exp_20260713_frbaseline_v2_rerun-raw-v1#fullrewrite/calendar5/rt08/backward
exp_20260713_frbaseline_v2_rerun,calendar5,calendar,fullrewrite,9,forward,true,,fullrewrite,success,not_applicable,,,,413,520,933,5458,none,none,exp_20260713_frbaseline_v2_rerun-raw-v1,call000017_81b43d9d,exp_20260713_frbaseline_v2_rerun-raw-v1#fullrewrite/calendar5/rt09/forward
exp_20260713_frbaseline_v2_rerun,calendar5,calendar,fullrewrite,9,backward,true,,fullrewrite,success,not_applicable,,0.0,false,322,525,847,5976,none,none,exp_20260713_frbaseline_v2_rerun-raw-v1,call000018_afee396a,exp_20260713_frbaseline_v2_rerun-raw-v1#fullrewrite/calendar5/rt09/backward
exp_20260713_frbaseline_v2_rerun,calendar5,calendar,fullrewrite,10,forward,true,,fullrewrite,success,not_applicable,,,,520,358,878,3822,none,none,exp_20260713_frbaseline_v2_rerun-raw-v1,call000019_935d31a9,exp_20260713_frbaseline_v2_rerun-raw-v1#fullrewrite/calendar5/rt10/forward
exp_20260713_frbaseline_v2_rerun,calendar5,calendar,fullrewrite,10,backward,true,,fullrewrite,success,not_applicable,,0.0,false,461,387,848,4178,none,none,exp_20260713_frbaseline_v2_rerun-raw-v1,call000020_bc055227,exp_20260713_frbaseline_v2_rerun-raw-v1#fullrewrite/calendar5/rt10/backward
exp_20260713_frbaseline_v2_rerun,chess6,chess,fullrewrite,1,forward,true,,fullrewrite,success,not_applicable,,,,2932,56901,59833,418260,none,none,exp_20260713_frbaseline_v2_rerun-raw-v1,call000001_94596a00,exp_20260713_frbaseline_v2_rerun-raw-v1#fullrewrite/chess6/rt01/forward
exp_20260713_frbaseline_v2_rerun,chess6,chess,fullrewrite,1,backward,true,,fullrewrite,failure,not_applicable,,0.0,false,3083,3003,6086,21357,model,text_truncated,exp_20260713_frbaseline_v2_rerun-raw-v1,call000002_cd89e599,exp_20260713_frbaseline_v2_rerun-raw-v1#fullrewrite/chess6/rt01/backward
exp_20260713_frbaseline_v2_rerun,chess6,chess,fullrewrite,2,forward,true,,fullrewrite,success,not_applicable,,,,299,1328,1627,17425,none,none,exp_20260713_frbaseline_v2_rerun-raw-v1,call000003_84fd2b51,exp_20260713_frbaseline_v2_rerun-raw-v1#fullrewrite/chess6/rt02/forward
exp_20260713_frbaseline_v2_rerun,chess6,chess,fullrewrite,2,backward,true,,fullrewrite,success,not_applicable,,0.1015544608648057,false,972,1009,1981,9572,none,none,exp_20260713_frbaseline_v2_rerun-raw-v1,call000004_e478d444,exp_20260713_frbaseline_v2_rerun-raw-v1#fullrewrite/chess6/rt02/backward
exp_20260713_frbaseline_v2_rerun,chess6,chess,fullrewrite,3,forward,true,,fullrewrite,failure,not_applicable,,0.0,,920,32565,33485,474957,model,empty_response,exp_20260713_frbaseline_v2_rerun-raw-v1,call000005_efb0a495,exp_20260713_frbaseline_v2_rerun-raw-v1#fullrewrite/chess6/rt03/forward
exp_20260713_frbaseline_v2_rerun,chess6,chess,fullrewrite,3,backward,true,,fullrewrite,failure,not_applicable,,0.0,true,294,497,791,7063,quality,content_regression,exp_20260713_frbaseline_v2_rerun-raw-v1,call000006_bc2cb2ce,exp_20260713_frbaseline_v2_rerun-raw-v1#fullrewrite/chess6/rt03/backward
exp_20260713_frbaseline_v2_rerun,chess6,chess,fullrewrite,4,forward,true,,fullrewrite,success,not_applicable,,,,328,7928,8256,88691,none,none,exp_20260713_frbaseline_v2_rerun-raw-v1,call000007_be685ab3,exp_20260713_frbaseline_v2_rerun-raw-v1#fullrewrite/chess6/rt04/forward
exp_20260713_frbaseline_v2_rerun,chess6,chess,fullrewrite,4,backward,true,,fullrewrite,success,not_applicable,,0.08758779504893494,false,2238,418,2656,6519,none,none,exp_20260713_frbaseline_v2_rerun-raw-v1,call000008_7fad9afc,exp_20260713_frbaseline_v2_rerun-raw-v1#fullrewrite/chess6/rt04/backward
exp_20260713_frbaseline_v2_rerun,chess6,chess,fullrewrite,5,forward,true,,fullrewrite,failure,not_applicable,,0.0,,537,11509,12046,117494,model,empty_response,exp_20260713_frbaseline_v2_rerun-raw-v1,call000009_c5325e91,exp_20260713_frbaseline_v2_rerun-raw-v1#fullrewrite/chess6/rt05/forward
exp_20260713_frbaseline_v2_rerun,chess6,chess,fullrewrite,5,backward,true,,fullrewrite,success,not_applicable,,0.03321055862492327,false,292,1459,1751,20228,none,none,exp_20260713_frbaseline_v2_rerun-raw-v1,call000010_cfa81838,exp_20260713_frbaseline_v2_rerun-raw-v1#fullrewrite/chess6/rt05/backward
exp_20260713_frbaseline_v2_rerun,chess6,chess,fullrewrite,6,forward,true,,fullrewrite,failure,not_applicable,,0.0,,1163,4304,5467,38067,model,empty_response,exp_20260713_frbaseline_v2_rerun-raw-v1,call000011_9951de3d,exp_20260713_frbaseline_v2_rerun-raw-v1#fullrewrite/chess6/rt06/forward
exp_20260713_frbaseline_v2_rerun,chess6,chess,fullrewrite,6,backward,true,,fullrewrite,failure,not_applicable,,0.0,true,281,280,561,3359,quality,content_regression,exp_20260713_frbaseline_v2_rerun-raw-v1,call000012_613356b5,exp_20260713_frbaseline_v2_rerun-raw-v1#fullrewrite/chess6/rt06/backward
exp_20260713_frbaseline_v2_rerun,chess6,chess,fullrewrite,7,forward,true,,fullrewrite,degraded,unchanged,,0.0,,312,4540,4852,31463,model,text_truncated,exp_20260713_frbaseline_v2_rerun-raw-v1,call000013_c6dc8ee8,exp_20260713_frbaseline_v2_rerun-raw-v1#fullrewrite/chess6/rt07/forward
exp_20260713_frbaseline_v2_rerun,chess6,chess,fullrewrite,7,backward,true,,fullrewrite,success,not_applicable,,0.022222222222222223,false,279,1286,1565,15187,none,none,exp_20260713_frbaseline_v2_rerun-raw-v1,call000014_6d81a2b7,exp_20260713_frbaseline_v2_rerun-raw-v1#fullrewrite/chess6/rt07/backward
exp_20260713_frbaseline_v2_rerun,chess6,chess,fullrewrite,8,forward,true,,fullrewrite,success,not_applicable,,,,399,375,774,6025,none,none,exp_20260713_frbaseline_v2_rerun-raw-v1,call000015_ff0d987a,exp_20260713_frbaseline_v2_rerun-raw-v1#fullrewrite/chess6/rt08/forward
exp_20260713_frbaseline_v2_rerun,chess6,chess,fullrewrite,8,backward,true,,fullrewrite,degraded,not_applicable,,0.022222222222222223,false,356,431,787,6092,model,near_empty_response,exp_20260713_frbaseline_v2_rerun-raw-v1,call000016_ad2ed514,exp_20260713_frbaseline_v2_rerun-raw-v1#fullrewrite/chess6/rt08/backward
exp_20260713_frbaseline_v2_rerun,chess6,chess,fullrewrite,9,forward,true,,fullrewrite,success,not_applicable,,,,538,2235,2773,33831,none,none,exp_20260713_frbaseline_v2_rerun-raw-v1,call000017_3f71e02e,exp_20260713_frbaseline_v2_rerun-raw-v1#fullrewrite/chess6/rt09/forward
exp_20260713_frbaseline_v2_rerun,chess6,chess,fullrewrite,9,backward,true,,fullrewrite,success,not_applicable,,0.044444444444444446,false,655,740,1395,6554,none,none,exp_20260713_frbaseline_v2_rerun-raw-v1,call000018_52816884,exp_20260713_frbaseline_v2_rerun-raw-v1#fullrewrite/chess6/rt09/backward
exp_20260713_frbaseline_v2_rerun,chess6,chess,fullrewrite,10,forward,true,,fullrewrite,success,not_applicable,,,,399,780,1179,8836,none,none,exp_20260713_frbaseline_v2_rerun-raw-v1,call000019_4b8b072d,exp_20260713_frbaseline_v2_rerun-raw-v1#fullrewrite/chess6/rt10/forward
exp_20260713_frbaseline_v2_rerun,chess6,chess,fullrewrite,10,backward,true,,fullrewrite,success,not_applicable,,0.044444444444444446,false,375,224,599,5251,none,none,exp_20260713_frbaseline_v2_rerun-raw-v1,call000020_494f00f7,exp_20260713_frbaseline_v2_rerun-raw-v1#fullrewrite/chess6/rt10/backward
exp_20260713_frbaseline_v2_rerun,dbschema5,dbschema,fullrewrite,1,forward,true,,fullrewrite,success,not_applicable,,,,4886,14903,19789,274940,none,none,exp_20260713_frbaseline_v2_rerun-raw-v1,call000001_6120d0c1,exp_20260713_frbaseline_v2_rerun-raw-v1#fullrewrite/dbschema5/rt01/forward
exp_20260713_frbaseline_v2_rerun,dbschema5,dbschema,fullrewrite,1,backward,true,,fullrewrite,success,not_applicable,,1.0,false,5164,9590,14754,87284,none,none,exp_20260713_frbaseline_v2_rerun-raw-v1,call000002_7a056657,exp_20260713_frbaseline_v2_rerun-raw-v1#fullrewrite/dbschema5/rt01/backward
exp_20260713_frbaseline_v2_rerun,dbschema5,dbschema,fullrewrite,2,forward,true,,fullrewrite,success,not_applicable,,,,4873,22042,26915,193891,none,none,exp_20260713_frbaseline_v2_rerun-raw-v1,call000003_4d35932f,exp_20260713_frbaseline_v2_rerun-raw-v1#fullrewrite/dbschema5/rt02/forward
exp_20260713_frbaseline_v2_rerun,dbschema5,dbschema,fullrewrite,2,backward,true,,fullrewrite,success,not_applicable,,0.9598500860250861,false,3896,20028,23924,146268,none,none,exp_20260713_frbaseline_v2_rerun-raw-v1,call000004_55196d89,exp_20260713_frbaseline_v2_rerun-raw-v1#fullrewrite/dbschema5/rt02/backward
exp_20260713_frbaseline_v2_rerun,dbschema5,dbschema,fullrewrite,3,forward,true,,fullrewrite,success,not_applicable,,,,2397,13178,15575,96333,none,none,exp_20260713_frbaseline_v2_rerun-raw-v1,call000005_e4387cbc,exp_20260713_frbaseline_v2_rerun-raw-v1#fullrewrite/dbschema5/rt03/forward
exp_20260713_frbaseline_v2_rerun,dbschema5,dbschema,fullrewrite,3,backward,true,,fullrewrite,failure,not_applicable,,0.0,true,3167,8429,11596,85203,model,empty_response,exp_20260713_frbaseline_v2_rerun-raw-v1,call000006_e276bae5,exp_20260713_frbaseline_v2_rerun-raw-v1#fullrewrite/dbschema5/rt03/backward
exp_20260713_frbaseline_v2_rerun,dbschema5,dbschema,fullrewrite,4,forward,true,,fullrewrite,success,not_applicable,,,,305,517,822,16544,none,none,exp_20260713_frbaseline_v2_rerun-raw-v1,call000007_03b67ec4,exp_20260713_frbaseline_v2_rerun-raw-v1#fullrewrite/dbschema5/rt04/forward
exp_20260713_frbaseline_v2_rerun,dbschema5,dbschema,fullrewrite,4,backward,true,,fullrewrite,success,not_applicable,,0.5306198042370609,false,542,1226,1768,13991,none,none,exp_20260713_frbaseline_v2_rerun-raw-v1,call000008_689301d6,exp_20260713_frbaseline_v2_rerun-raw-v1#fullrewrite/dbschema5/rt04/backward
exp_20260713_frbaseline_v2_rerun,dbschema5,dbschema,fullrewrite,5,forward,true,,fullrewrite,failure,not_applicable,,0.0,,733,8492,9225,103555,model,text_truncated,exp_20260713_frbaseline_v2_rerun-raw-v1,call000009_a6fd2006,exp_20260713_frbaseline_v2_rerun-raw-v1#fullrewrite/dbschema5/rt05/forward
exp_20260713_frbaseline_v2_rerun,dbschema5,dbschema,fullrewrite,5,backward,true,,fullrewrite,success,not_applicable,,0.5306198042370609,false,686,1680,2366,14006,none,none,exp_20260713_frbaseline_v2_rerun-raw-v1,call000010_3e5f62f7,exp_20260713_frbaseline_v2_rerun-raw-v1#fullrewrite/dbschema5/rt05/backward
exp_20260713_frbaseline_v2_rerun,dbschema5,dbschema,fullrewrite,6,forward,true,,fullrewrite,success,not_applicable,,,,732,1952,2684,31351,none,none,exp_20260713_frbaseline_v2_rerun-raw-v1,call000011_c2c949ca,exp_20260713_frbaseline_v2_rerun-raw-v1#fullrewrite/dbschema5/rt06/forward
exp_20260713_frbaseline_v2_rerun,dbschema5,dbschema,fullrewrite,6,backward,true,,fullrewrite,success,not_applicable,,0.5306198042370609,false,769,2720,3489,22707,none,none,exp_20260713_frbaseline_v2_rerun-raw-v1,call000012_7d012b11,exp_20260713_frbaseline_v2_rerun-raw-v1#fullrewrite/dbschema5/rt06/backward
exp_20260713_frbaseline_v2_rerun,dbschema5,dbschema,fullrewrite,7,forward,true,,fullrewrite,failure,not_applicable,,0.0,,759,1250,2009,11643,model,empty_response,exp_20260713_frbaseline_v2_rerun-raw-v1,call000013_1cdbd7ea,exp_20260713_frbaseline_v2_rerun-raw-v1#fullrewrite/dbschema5/rt07/forward
exp_20260713_frbaseline_v2_rerun,dbschema5,dbschema,fullrewrite,7,backward,true,,fullrewrite,success,not_applicable,,0.5397842920353982,false,292,461,753,4441,none,none,exp_20260713_frbaseline_v2_rerun-raw-v1,call000014_e04e6832,exp_20260713_frbaseline_v2_rerun-raw-v1#fullrewrite/dbschema5/rt07/backward
exp_20260713_frbaseline_v2_rerun,dbschema5,dbschema,fullrewrite,8,forward,true,,fullrewrite,success,not_applicable,,,,400,4775,5175,53527,none,none,exp_20260713_frbaseline_v2_rerun-raw-v1,call000015_a96ce6b0,exp_20260713_frbaseline_v2_rerun-raw-v1#fullrewrite/dbschema5/rt08/forward
exp_20260713_frbaseline_v2_rerun,dbschema5,dbschema,fullrewrite,8,backward,true,,fullrewrite,success,not_applicable,,0.5332112068965518,false,746,1237,1983,23424,none,none,exp_20260713_frbaseline_v2_rerun-raw-v1,call000016_0767d8ed,exp_20260713_frbaseline_v2_rerun-raw-v1#fullrewrite/dbschema5/rt08/backward
exp_20260713_frbaseline_v2_rerun,dbschema5,dbschema,fullrewrite,9,forward,true,,fullrewrite,success,not_applicable,,,,499,540,1039,5105,none,none,exp_20260713_frbaseline_v2_rerun-raw-v1,call000017_cd5d2229,exp_20260713_frbaseline_v2_rerun-raw-v1#fullrewrite/dbschema5/rt09/forward
exp_20260713_frbaseline_v2_rerun,dbschema5,dbschema,fullrewrite,9,backward,true,,fullrewrite,success,not_applicable,,0.5332112068965518,false,514,314,828,5454,none,none,exp_20260713_frbaseline_v2_rerun-raw-v1,call000018_ebec59c0,exp_20260713_frbaseline_v2_rerun-raw-v1#fullrewrite/dbschema5/rt09/backward
exp_20260713_frbaseline_v2_rerun,dbschema5,dbschema,fullrewrite,10,forward,true,,fullrewrite,success,not_applicable,,,,457,1247,1704,11201,none,none,exp_20260713_frbaseline_v2_rerun-raw-v1,call000019_b6a2a653,exp_20260713_frbaseline_v2_rerun-raw-v1#fullrewrite/dbschema5/rt10/forward
exp_20260713_frbaseline_v2_rerun,dbschema5,dbschema,fullrewrite,10,backward,true,,fullrewrite,success,not_applicable,,0.5751620486897671,false,882,1107,1989,13010,none,none,exp_20260713_frbaseline_v2_rerun-raw-v1,call000020_01957e6b,exp_20260713_frbaseline_v2_rerun-raw-v1#fullrewrite/dbschema5/rt10/backward
exp_20260713_frbaseline_v2_rerun,dns3,dns,fullrewrite,1,forward,true,,fullrewrite,failure,not_applicable,,0.0,,3370,4838,8208,950963,model,empty_response,exp_20260713_frbaseline_v2_rerun-raw-v1,call000001_bf3c9008,exp_20260713_frbaseline_v2_rerun-raw-v1#fullrewrite/dns3/rt01/forward
exp_20260713_frbaseline_v2_rerun,dns3,dns,fullrewrite,1,backward,true,,fullrewrite,success,not_applicable,,0.0,false,296,1138,1434,15887,none,none,exp_20260713_frbaseline_v2_rerun-raw-v1,call000002_c0a49b94,exp_20260713_frbaseline_v2_rerun-raw-v1#fullrewrite/dns3/rt01/backward
exp_20260713_frbaseline_v2_rerun,dns3,dns,fullrewrite,2,forward,true,,fullrewrite,failure,not_applicable,,0.0,,644,26975,27619,298401,model,text_truncated,exp_20260713_frbaseline_v2_rerun-raw-v1,call000003_6e2465a0,exp_20260713_frbaseline_v2_rerun-raw-v1#fullrewrite/dns3/rt02/forward
exp_20260713_frbaseline_v2_rerun,dns3,dns,fullrewrite,2,backward,true,,fullrewrite,success,not_applicable,,0.0,false,683,5428,6111,45803,none,none,exp_20260713_frbaseline_v2_rerun-raw-v1,call000004_5804adcc,exp_20260713_frbaseline_v2_rerun-raw-v1#fullrewrite/dns3/rt02/backward
exp_20260713_frbaseline_v2_rerun,dns3,dns,fullrewrite,3,forward,true,,fullrewrite,success,not_applicable,,,,654,6984,7638,60188,none,none,exp_20260713_frbaseline_v2_rerun-raw-v1,call000005_62f57526,exp_20260713_frbaseline_v2_rerun-raw-v1#fullrewrite/dns3/rt03/forward
exp_20260713_frbaseline_v2_rerun,dns3,dns,fullrewrite,3,backward,true,,fullrewrite,success,not_applicable,,0.0,false,906,3044,3950,27322,none,none,exp_20260713_frbaseline_v2_rerun-raw-v1,call000006_81f41f28,exp_20260713_frbaseline_v2_rerun-raw-v1#fullrewrite/dns3/rt03/backward
exp_20260713_frbaseline_v2_rerun,dns3,dns,fullrewrite,4,forward,true,,fullrewrite,success,not_applicable,,,,792,4745,5537,38695,none,none,exp_20260713_frbaseline_v2_rerun-raw-v1,call000007_e20d1368,exp_20260713_frbaseline_v2_rerun-raw-v1#fullrewrite/dns3/rt04/forward
exp_20260713_frbaseline_v2_rerun,dns3,dns,fullrewrite,4,backward,true,,fullrewrite,success,not_applicable,,0.0,false,1025,1232,2257,9920,none,none,exp_20260713_frbaseline_v2_rerun-raw-v1,call000008_966a4ae5,exp_20260713_frbaseline_v2_rerun-raw-v1#fullrewrite/dns3/rt04/backward
exp_20260713_frbaseline_v2_rerun,dns3,dns,fullrewrite,5,forward,true,,fullrewrite,success,not_applicable,,,,763,8550,9313,76860,none,none,exp_20260713_frbaseline_v2_rerun-raw-v1,call000009_87d05f12,exp_20260713_frbaseline_v2_rerun-raw-v1#fullrewrite/dns3/rt05/forward
exp_20260713_frbaseline_v2_rerun,dns3,dns,fullrewrite,5,backward,true,,fullrewrite,success,not_applicable,,0.0,false,811,9010,9821,93062,none,none,exp_20260713_frbaseline_v2_rerun-raw-v1,call000010_dcdd9d78,exp_20260713_frbaseline_v2_rerun-raw-v1#fullrewrite/dns3/rt05/backward
exp_20260713_frbaseline_v2_rerun,dns3,dns,fullrewrite,6,forward,true,,fullrewrite,success,not_applicable,,,,762,6692,7454,93388,none,none,exp_20260713_frbaseline_v2_rerun-raw-v1,call000011_c62adc5a,exp_20260713_frbaseline_v2_rerun-raw-v1#fullrewrite/dns3/rt06/forward
exp_20260713_frbaseline_v2_rerun,dns3,dns,fullrewrite,6,backward,true,,fullrewrite,success,not_applicable,,0.0,false,799,2300,3099,21403,none,none,exp_20260713_frbaseline_v2_rerun-raw-v1,call000012_2f6f155b,exp_20260713_frbaseline_v2_rerun-raw-v1#fullrewrite/dns3/rt06/backward
exp_20260713_frbaseline_v2_rerun,dns3,dns,fullrewrite,7,forward,true,,fullrewrite,failure,not_applicable,,0.0,,826,4517,5343,58275,model,empty_response,exp_20260713_frbaseline_v2_rerun-raw-v1,call000013_cada68a1,exp_20260713_frbaseline_v2_rerun-raw-v1#fullrewrite/dns3/rt07/forward
exp_20260713_frbaseline_v2_rerun,dns3,dns,fullrewrite,7,backward,true,,fullrewrite,failure,not_applicable,,0.0,false,296,1093,1389,74549,evaluator,evaluator_error,exp_20260713_frbaseline_v2_rerun-raw-v1,call000014_6aea641c,exp_20260713_frbaseline_v2_rerun-raw-v1#fullrewrite/dns3/rt07/backward
exp_20260713_frbaseline_v2_rerun,dns3,dns,fullrewrite,8,forward,true,,fullrewrite,success,not_applicable,,,,603,8414,9017,74193,none,none,exp_20260713_frbaseline_v2_rerun-raw-v1,call000015_ee77031f,exp_20260713_frbaseline_v2_rerun-raw-v1#fullrewrite/dns3/rt08/forward
exp_20260713_frbaseline_v2_rerun,dns3,dns,fullrewrite,8,backward,true,,fullrewrite,failure,not_applicable,,0.0,false,634,5047,5681,44885,evaluator,evaluator_error,exp_20260713_frbaseline_v2_rerun-raw-v1,call000016_869479b7,exp_20260713_frbaseline_v2_rerun-raw-v1#fullrewrite/dns3/rt08/backward
exp_20260713_frbaseline_v2_rerun,dns3,dns,fullrewrite,9,forward,true,,fullrewrite,success,not_applicable,,,,607,7246,7853,137088,none,none,exp_20260713_frbaseline_v2_rerun-raw-v1,call000017_5622da34,exp_20260713_frbaseline_v2_rerun-raw-v1#fullrewrite/dns3/rt09/forward
exp_20260713_frbaseline_v2_rerun,dns3,dns,fullrewrite,9,backward,true,,fullrewrite,failure,not_applicable,,0.0,false,703,1837,2540,15697,evaluator,evaluator_error,exp_20260713_frbaseline_v2_rerun-raw-v1,call000018_32927444,exp_20260713_frbaseline_v2_rerun-raw-v1#fullrewrite/dns3/rt09/backward
exp_20260713_frbaseline_v2_rerun,dns3,dns,fullrewrite,10,forward,true,,fullrewrite,failure,not_applicable,,0.0,,647,8002,8649,83583,model,empty_response,exp_20260713_frbaseline_v2_rerun-raw-v1,call000019_d04ab4ff,exp_20260713_frbaseline_v2_rerun-raw-v1#fullrewrite/dns3/rt10/forward
exp_20260713_frbaseline_v2_rerun,dns3,dns,fullrewrite,10,backward,true,,fullrewrite,success,not_applicable,,0.0,false,317,1160,1477,12242,none,none,exp_20260713_frbaseline_v2_rerun-raw-v1,call000020_c954c6cc,exp_20260713_frbaseline_v2_rerun-raw-v1#fullrewrite/dns3/rt10/backward
exp_20260713_frbaseline_v2_rerun,docker5,docker,fullrewrite,1,forward,true,,fullrewrite,success,not_applicable,,,,2839,25312,28151,284935,none,none,exp_20260713_frbaseline_v2_rerun-raw-v1,call000001_aa6fcfa3,exp_20260713_frbaseline_v2_rerun-raw-v1#fullrewrite/docker5/rt01/forward
exp_20260713_frbaseline_v2_rerun,docker5,docker,fullrewrite,1,backward,true,,fullrewrite,failure,not_applicable,,0.0,false,3737,2020,5757,15120,model,text_truncated,exp_20260713_frbaseline_v2_rerun-raw-v1,call000002_7b5175ff,exp_20260713_frbaseline_v2_rerun-raw-v1#fullrewrite/docker5/rt01/backward
exp_20260713_frbaseline_v2_rerun,docker5,docker,fullrewrite,2,forward,true,,fullrewrite,success,not_applicable,,,,373,2088,2461,21637,none,none,exp_20260713_frbaseline_v2_rerun-raw-v1,call000003_69c666d1,exp_20260713_frbaseline_v2_rerun-raw-v1#fullrewrite/docker5/rt02/forward
exp_20260713_frbaseline_v2_rerun,docker5,docker,fullrewrite,2,backward,true,,fullrewrite,success,not_applicable,,0.008637438365870734,false,1079,7921,9000,71605,none,none,exp_20260713_frbaseline_v2_rerun-raw-v1,call000004_4f93be60,exp_20260713_frbaseline_v2_rerun-raw-v1#fullrewrite/docker5/rt02/backward
exp_20260713_frbaseline_v2_rerun,docker5,docker,fullrewrite,3,forward,true,,fullrewrite,success,not_applicable,,,,988,2155,3143,16998,none,none,exp_20260713_frbaseline_v2_rerun-raw-v1,call000005_2c0851ca,exp_20260713_frbaseline_v2_rerun-raw-v1#fullrewrite/docker5/rt03/forward
exp_20260713_frbaseline_v2_rerun,docker5,docker,fullrewrite,3,backward,true,,fullrewrite,success,not_applicable,,0.009014401856468974,false,966,934,1900,8660,none,none,exp_20260713_frbaseline_v2_rerun-raw-v1,call000006_1f9798ae,exp_20260713_frbaseline_v2_rerun-raw-v1#fullrewrite/docker5/rt03/backward
exp_20260713_frbaseline_v2_rerun,docker5,docker,fullrewrite,4,forward,true,,fullrewrite,success,not_applicable,,,,1072,2728,3800,23872,none,none,exp_20260713_frbaseline_v2_rerun-raw-v1,call000007_bf66b814,exp_20260713_frbaseline_v2_rerun-raw-v1#fullrewrite/docker5/rt04/forward
exp_20260713_frbaseline_v2_rerun,docker5,docker,fullrewrite,4,backward,true,,fullrewrite,failure,not_applicable,,0.0,true,1079,2362,3441,31955,model,empty_response,exp_20260713_frbaseline_v2_rerun-raw-v1,call000008_109a134f,exp_20260713_frbaseline_v2_rerun-raw-v1#fullrewrite/docker5/rt04/backward
exp_20260713_frbaseline_v2_rerun,docker5,docker,fullrewrite,5,forward,true,,fullrewrite,success,not_applicable,,,,339,1900,2239,34032,none,none,exp_20260713_frbaseline_v2_rerun-raw-v1,call000009_cae68d47,exp_20260713_frbaseline_v2_rerun-raw-v1#fullrewrite/docker5/rt05/forward
exp_20260713_frbaseline_v2_rerun,docker5,docker,fullrewrite,5,backward,true,,fullrewrite,success,not_applicable,,0.02004424849641894,false,743,6553,7296,59558,none,none,exp_20260713_frbaseline_v2_rerun-raw-v1,call000010_ac90d52b,exp_20260713_frbaseline_v2_rerun-raw-v1#fullrewrite/docker5/rt05/backward
exp_20260713_frbaseline_v2_rerun,docker5,docker,fullrewrite,6,forward,true,,fullrewrite,failure,not_applicable,,0.0,,740,7531,8271,90915,model,text_truncated,exp_20260713_frbaseline_v2_rerun-raw-v1,call000011_4894e2be,exp_20260713_frbaseline_v2_rerun-raw-v1#fullrewrite/docker5/rt06/forward
exp_20260713_frbaseline_v2_rerun,docker5,docker,fullrewrite,6,backward,true,,fullrewrite,success,not_applicable,,5.0817963868652725e-06,false,328,2191,2519,43420,none,none,exp_20260713_frbaseline_v2_rerun-raw-v1,call000012_3b25a46f,exp_20260713_frbaseline_v2_rerun-raw-v1#fullrewrite/docker5/rt06/backward
exp_20260713_frbaseline_v2_rerun,docker5,docker,fullrewrite,7,forward,true,,fullrewrite,failure,not_applicable,,0.0,,1412,12956,14368,110542,quality,content_regression,exp_20260713_frbaseline_v2_rerun-raw-v1,call000013_74c2fe80,exp_20260713_frbaseline_v2_rerun-raw-v1#fullrewrite/docker5/rt07/forward
exp_20260713_frbaseline_v2_rerun,docker5,docker,fullrewrite,7,backward,true,,fullrewrite,failure,not_applicable,,0.0,true,2330,1063,3393,11979,model,empty_response,exp_20260713_frbaseline_v2_rerun-raw-v1,call000014_7f808564,exp_20260713_frbaseline_v2_rerun-raw-v1#fullrewrite/docker5/rt07/backward
exp_20260713_frbaseline_v2_rerun,docker5,docker,fullrewrite,8,forward,true,,fullrewrite,success,not_applicable,,,,339,1188,1527,13764,none,none,exp_20260713_frbaseline_v2_rerun-raw-v1,call000015_357b2576,exp_20260713_frbaseline_v2_rerun-raw-v1#fullrewrite/docker5/rt08/forward
exp_20260713_frbaseline_v2_rerun,docker5,docker,fullrewrite,8,backward,true,,fullrewrite,success,not_applicable,,1.0032160313709986e-07,false,510,590,1100,5288,none,none,exp_20260713_frbaseline_v2_rerun-raw-v1,call000016_05c00d60,exp_20260713_frbaseline_v2_rerun-raw-v1#fullrewrite/docker5/rt08/backward
exp_20260713_frbaseline_v2_rerun,docker5,docker,fullrewrite,9,forward,true,,fullrewrite,success,not_applicable,,,,500,3167,3667,27196,none,none,exp_20260713_frbaseline_v2_rerun-raw-v1,call000017_6927ecfe,exp_20260713_frbaseline_v2_rerun-raw-v1#fullrewrite/docker5/rt09/forward
exp_20260713_frbaseline_v2_rerun,docker5,docker,fullrewrite,9,backward,true,,fullrewrite,success,not_applicable,,0.0051244269982045594,false,840,1403,2243,10551,none,none,exp_20260713_frbaseline_v2_rerun-raw-v1,call000018_e70513fc,exp_20260713_frbaseline_v2_rerun-raw-v1#fullrewrite/docker5/rt09/backward
exp_20260713_frbaseline_v2_rerun,docker5,docker,fullrewrite,10,forward,true,,fullrewrite,failure,not_applicable,,0.0,,904,2111,3015,20661,model,empty_response,exp_20260713_frbaseline_v2_rerun-raw-v1,call000019_c588724e,exp_20260713_frbaseline_v2_rerun-raw-v1#fullrewrite/docker5/rt10/forward
exp_20260713_frbaseline_v2_rerun,docker5,docker,fullrewrite,10,backward,true,,fullrewrite,success,not_applicable,,1.0027823531800613e-07,false,352,928,1280,11012,none,none,exp_20260713_frbaseline_v2_rerun-raw-v1,call000020_a9a2d55c,exp_20260713_frbaseline_v2_rerun-raw-v1#fullrewrite/docker5/rt10/backward
exp_20260713_frbaseline_v2_rerun,docker6,docker,fullrewrite,1,forward,true,,fullrewrite,failure,not_applicable,,0.0,,3137,16271,19408,131317,model,empty_response,exp_20260713_frbaseline_v2_rerun-raw-v1,call000001_c605af0b,exp_20260713_frbaseline_v2_rerun-raw-v1#fullrewrite/docker6/rt01/forward
exp_20260713_frbaseline_v2_rerun,docker6,docker,fullrewrite,1,backward,true,,fullrewrite,success,not_applicable,,2.32384676285084e-05,false,312,1028,1340,17239,none,none,exp_20260713_frbaseline_v2_rerun-raw-v1,call000002_fa91670b,exp_20260713_frbaseline_v2_rerun-raw-v1#fullrewrite/docker6/rt01/backward
exp_20260713_frbaseline_v2_rerun,docker6,docker,fullrewrite,2,forward,true,,fullrewrite,failure,not_applicable,,0.0,,1068,8693,9761,89327,model,empty_response,exp_20260713_frbaseline_v2_rerun-raw-v1,call000003_4e348945,exp_20260713_frbaseline_v2_rerun-raw-v1#fullrewrite/docker6/rt02/forward
exp_20260713_frbaseline_v2_rerun,docker6,docker,fullrewrite,2,backward,true,,fullrewrite,success,not_applicable,,0.025171262500278232,false,327,3497,3824,43693,none,none,exp_20260713_frbaseline_v2_rerun-raw-v1,call000004_4c11a31d,exp_20260713_frbaseline_v2_rerun-raw-v1#fullrewrite/docker6/rt02/backward
exp_20260713_frbaseline_v2_rerun,docker6,docker,fullrewrite,3,forward,true,,fullrewrite,failure,not_applicable,,0.0,,1058,2555,3613,30595,model,empty_response,exp_20260713_frbaseline_v2_rerun-raw-v1,call000005_1b2c5660,exp_20260713_frbaseline_v2_rerun-raw-v1#fullrewrite/docker6/rt03/forward
exp_20260713_frbaseline_v2_rerun,docker6,docker,fullrewrite,3,backward,true,,fullrewrite,success,not_applicable,,0.008189886966174105,false,360,1099,1459,11310,none,none,exp_20260713_frbaseline_v2_rerun-raw-v1,call000006_57b32aa6,exp_20260713_frbaseline_v2_rerun-raw-v1#fullrewrite/docker6/rt03/backward
exp_20260713_frbaseline_v2_rerun,docker6,docker,fullrewrite,4,forward,true,,fullrewrite,failure,not_applicable,,0.0,,1259,2195,3454,17201,model,text_truncated,exp_20260713_frbaseline_v2_rerun-raw-v1,call000007_9860f324,exp_20260713_frbaseline_v2_rerun-raw-v1#fullrewrite/docker6/rt04/forward
exp_20260713_frbaseline_v2_rerun,docker6,docker,fullrewrite,4,backward,true,,fullrewrite,failure,not_applicable,,0.0,true,283,404,687,8031,quality,content_regression,exp_20260713_frbaseline_v2_rerun-raw-v1,call000008_1a2dc5b3,exp_20260713_frbaseline_v2_rerun-raw-v1#fullrewrite/docker6/rt04/backward
exp_20260713_frbaseline_v2_rerun,docker6,docker,fullrewrite,5,forward,true,,fullrewrite,success,not_applicable,,,,419,2589,3008,26156,none,none,exp_20260713_frbaseline_v2_rerun-raw-v1,call000009_4fab90fb,exp_20260713_frbaseline_v2_rerun-raw-v1#fullrewrite/docker6/rt05/forward
exp_20260713_frbaseline_v2_rerun,docker6,docker,fullrewrite,5,backward,true,,fullrewrite,failure,not_applicable,,0.0,false,1945,976,2921,8317,model,text_truncated,exp_20260713_frbaseline_v2_rerun-raw-v1,call000010_3504fad2,exp_20260713_frbaseline_v2_rerun-raw-v1#fullrewrite/docker6/rt05/backward
exp_20260713_frbaseline_v2_rerun,docker6,docker,fullrewrite,6,forward,true,,fullrewrite,success,not_applicable,,,,436,2519,2955,24094,none,none,exp_20260713_frbaseline_v2_rerun-raw-v1,call000011_2e61307f,exp_20260713_frbaseline_v2_rerun-raw-v1#fullrewrite/docker6/rt06/forward
exp_20260713_frbaseline_v2_rerun,docker6,docker,fullrewrite,6,backward,true,,fullrewrite,success,not_applicable,,6.993768208547873e-05,false,1060,2029,3089,33346,none,none,exp_20260713_frbaseline_v2_rerun-raw-v1,call000012_4825040f,exp_20260713_frbaseline_v2_rerun-raw-v1#fullrewrite/docker6/rt06/backward
exp_20260713_frbaseline_v2_rerun,docker6,docker,fullrewrite,7,forward,true,,fullrewrite,failure,not_applicable,,0.0,,958,784,1742,6685,model,text_truncated,exp_20260713_frbaseline_v2_rerun-raw-v1,call000013_03aa2fc5,exp_20260713_frbaseline_v2_rerun-raw-v1#fullrewrite/docker6/rt07/forward
exp_20260713_frbaseline_v2_rerun,docker6,docker,fullrewrite,7,backward,true,,fullrewrite,success,not_applicable,,2.7798159658251715e-05,false,312,934,1246,9752,none,none,exp_20260713_frbaseline_v2_rerun-raw-v1,call000014_ffdc4338,exp_20260713_frbaseline_v2_rerun-raw-v1#fullrewrite/docker6/rt07/backward
exp_20260713_frbaseline_v2_rerun,docker6,docker,fullrewrite,8,forward,true,,fullrewrite,success,not_applicable,,,,1225,14575,15800,112803,none,none,exp_20260713_frbaseline_v2_rerun-raw-v1,call000015_75abd036,exp_20260713_frbaseline_v2_rerun-raw-v1#fullrewrite/docker6/rt08/forward
exp_20260713_frbaseline_v2_rerun,docker6,docker,fullrewrite,8,backward,true,,fullrewrite,success,not_applicable,,0.04594915861052471,false,1812,1973,3785,21566,none,none,exp_20260713_frbaseline_v2_rerun-raw-v1,call000016_7e0dde8d,exp_20260713_frbaseline_v2_rerun-raw-v1#fullrewrite/docker6/rt08/backward
exp_20260713_frbaseline_v2_rerun,docker6,docker,fullrewrite,9,forward,true,,fullrewrite,failure,not_applicable,,0.0,,1834,3430,5264,36916,model,empty_response,exp_20260713_frbaseline_v2_rerun-raw-v1,call000017_fcbff4bc,exp_20260713_frbaseline_v2_rerun-raw-v1#fullrewrite/docker6/rt09/forward
exp_20260713_frbaseline_v2_rerun,docker6,docker,fullrewrite,9,backward,true,,fullrewrite,success,not_applicable,,0.008021307817249959,false,360,1223,1583,12934,none,none,exp_20260713_frbaseline_v2_rerun-raw-v1,call000018_0458729e,exp_20260713_frbaseline_v2_rerun-raw-v1#fullrewrite/docker6/rt09/backward
exp_20260713_frbaseline_v2_rerun,docker6,docker,fullrewrite,10,forward,true,,fullrewrite,failure,not_applicable,,0.0,,1264,2736,4000,22490,model,text_truncated,exp_20260713_frbaseline_v2_rerun-raw-v1,call000019_56e57b18,exp_20260713_frbaseline_v2_rerun-raw-v1#fullrewrite/docker6/rt10/forward
exp_20260713_frbaseline_v2_rerun,docker6,docker,fullrewrite,10,backward,true,,fullrewrite,success,not_applicable,,0.07706682372069765,false,283,1343,1626,12105,none,none,exp_20260713_frbaseline_v2_rerun-raw-v1,call000020_4acff0ad,exp_20260713_frbaseline_v2_rerun-raw-v1#fullrewrite/docker6/rt10/backward
exp_20260713_frbaseline_v2_rerun,earncall1,earncall,fullrewrite,1,forward,true,,fullrewrite,failure,not_applicable,,0.0,,9651,2156,11807,14435,model,empty_response,exp_20260713_frbaseline_v2_rerun-raw-v1,call000001_17ec2245,exp_20260713_frbaseline_v2_rerun-raw-v1#fullrewrite/earncall1/rt01/forward
exp_20260713_frbaseline_v2_rerun,earncall1,earncall,fullrewrite,1,backward,true,,fullrewrite,failure,not_applicable,,0.0,false,290,604,894,7195,quality,content_regression,exp_20260713_frbaseline_v2_rerun-raw-v1,call000002_1316eebf,exp_20260713_frbaseline_v2_rerun-raw-v1#fullrewrite/earncall1/rt01/backward
exp_20260713_frbaseline_v2_rerun,earncall1,earncall,fullrewrite,2,forward,true,,fullrewrite,failure,not_applicable,,0.0,,457,543,1000,6934,quality,content_regression,exp_20260713_frbaseline_v2_rerun-raw-v1,call000003_bff1e4aa,exp_20260713_frbaseline_v2_rerun-raw-v1#fullrewrite/earncall1/rt02/forward
exp_20260713_frbaseline_v2_rerun,earncall1,earncall,fullrewrite,2,backward,true,,fullrewrite,success,not_applicable,,0.0,false,310,722,1032,17829,none,none,exp_20260713_frbaseline_v2_rerun-raw-v1,call000004_65224d0c,exp_20260713_frbaseline_v2_rerun-raw-v1#fullrewrite/earncall1/rt02/backward
exp_20260713_frbaseline_v2_rerun,earncall1,earncall,fullrewrite,3,forward,true,,fullrewrite,failure,not_applicable,,0.0,,642,552,1194,8883,quality,content_regression,exp_20260713_frbaseline_v2_rerun-raw-v1,call000005_21e6722b,exp_20260713_frbaseline_v2_rerun-raw-v1#fullrewrite/earncall1/rt03/forward
exp_20260713_frbaseline_v2_rerun,earncall1,earncall,fullrewrite,3,backward,true,,fullrewrite,failure,not_applicable,,0.0,false,393,351,744,6103,quality,content_regression,exp_20260713_frbaseline_v2_rerun-raw-v1,call000006_bffdac3e,exp_20260713_frbaseline_v2_rerun-raw-v1#fullrewrite/earncall1/rt03/backward
exp_20260713_frbaseline_v2_rerun,earncall1,earncall,fullrewrite,4,forward,true,,fullrewrite,success,not_applicable,,,,356,10018,10374,85389,none,none,exp_20260713_frbaseline_v2_rerun-raw-v1,call000007_1b174bb9,exp_20260713_frbaseline_v2_rerun-raw-v1#fullrewrite/earncall1/rt04/forward
exp_20260713_frbaseline_v2_rerun,earncall1,earncall,fullrewrite,4,backward,true,,fullrewrite,success,not_applicable,,0.12833333333333333,false,2746,7143,9889,56356,none,none,exp_20260713_frbaseline_v2_rerun-raw-v1,call000008_ce9f1054,exp_20260713_frbaseline_v2_rerun-raw-v1#fullrewrite/earncall1/rt04/backward
exp_20260713_frbaseline_v2_rerun,earncall1,earncall,fullrewrite,5,forward,true,,fullrewrite,success,not_applicable,,,,1865,8251,10116,95468,none,none,exp_20260713_frbaseline_v2_rerun-raw-v1,call000009_ca2b4dd3,exp_20260713_frbaseline_v2_rerun-raw-v1#fullrewrite/earncall1/rt05/forward
exp_20260713_frbaseline_v2_rerun,earncall1,earncall,fullrewrite,5,backward,true,,fullrewrite,success,not_applicable,,0.21045634144333952,false,2285,1852,4137,17955,none,none,exp_20260713_frbaseline_v2_rerun-raw-v1,call000010_82b30902,exp_20260713_frbaseline_v2_rerun-raw-v1#fullrewrite/earncall1/rt05/backward
exp_20260713_frbaseline_v2_rerun,earncall1,earncall,fullrewrite,6,forward,true,,fullrewrite,failure,not_applicable,,0.0,,1805,4007,5812,30256,model,text_truncated,exp_20260713_frbaseline_v2_rerun-raw-v1,call000011_ac544096,exp_20260713_frbaseline_v2_rerun-raw-v1#fullrewrite/earncall1/rt06/forward
exp_20260713_frbaseline_v2_rerun,earncall1,earncall,fullrewrite,6,backward,true,,fullrewrite,degraded,not_applicable,,0.06727294912018239,true,496,620,1116,6671,quality,content_regression,exp_20260713_frbaseline_v2_rerun-raw-v1,call000012_71cf2eb6,exp_20260713_frbaseline_v2_rerun-raw-v1#fullrewrite/earncall1/rt06/backward
exp_20260713_frbaseline_v2_rerun,earncall1,earncall,fullrewrite,7,forward,true,,fullrewrite,success,not_applicable,,,,495,458,953,4519,none,none,exp_20260713_frbaseline_v2_rerun-raw-v1,call000013_d8585741,exp_20260713_frbaseline_v2_rerun-raw-v1#fullrewrite/earncall1/rt07/forward
exp_20260713_frbaseline_v2_rerun,earncall1,earncall,fullrewrite,7,backward,true,,fullrewrite,success,not_applicable,,0.06727294912018239,false,491,508,999,6139,none,none,exp_20260713_frbaseline_v2_rerun-raw-v1,call000014_9d073dc0,exp_20260713_frbaseline_v2_rerun-raw-v1#fullrewrite/earncall1/rt07/backward
exp_20260713_frbaseline_v2_rerun,earncall1,earncall,fullrewrite,8,forward,true,,fullrewrite,success,not_applicable,,,,544,2491,3035,22099,none,none,exp_20260713_frbaseline_v2_rerun-raw-v1,call000015_04f9d92a,exp_20260713_frbaseline_v2_rerun-raw-v1#fullrewrite/earncall1/rt08/forward
exp_20260713_frbaseline_v2_rerun,earncall1,earncall,fullrewrite,8,backward,true,,fullrewrite,degraded,not_applicable,,0.0,true,774,402,1176,4884,quality,content_regression,exp_20260713_frbaseline_v2_rerun-raw-v1,call000016_7a6dd9bc,exp_20260713_frbaseline_v2_rerun-raw-v1#fullrewrite/earncall1/rt08/backward
exp_20260713_frbaseline_v2_rerun,earncall1,earncall,fullrewrite,9,forward,true,,fullrewrite,success,not_applicable,,,,767,8838,9605,85773,none,none,exp_20260713_frbaseline_v2_rerun-raw-v1,call000017_1ce5619a,exp_20260713_frbaseline_v2_rerun-raw-v1#fullrewrite/earncall1/rt09/forward
exp_20260713_frbaseline_v2_rerun,earncall1,earncall,fullrewrite,9,backward,true,,fullrewrite,success,not_applicable,,0.0,false,658,1061,1719,9745,none,none,exp_20260713_frbaseline_v2_rerun-raw-v1,call000018_d67cc3bd,exp_20260713_frbaseline_v2_rerun-raw-v1#fullrewrite/earncall1/rt09/backward
exp_20260713_frbaseline_v2_rerun,earncall1,earncall,fullrewrite,10,forward,true,,fullrewrite,success,not_applicable,,,,562,1868,2430,16709,none,none,exp_20260713_frbaseline_v2_rerun-raw-v1,call000019_ddde19ee,exp_20260713_frbaseline_v2_rerun-raw-v1#fullrewrite/earncall1/rt10/forward
exp_20260713_frbaseline_v2_rerun,earncall1,earncall,fullrewrite,10,backward,true,,fullrewrite,success,not_applicable,,0.0,false,602,293,895,3190,none,none,exp_20260713_frbaseline_v2_rerun-raw-v1,call000020_73ced6cf,exp_20260713_frbaseline_v2_rerun-raw-v1#fullrewrite/earncall1/rt10/backward
exp_20260713_frbaseline_v2_rerun,earncall2,earncall,fullrewrite,1,forward,true,,fullrewrite,success,not_applicable,,,,5225,17772,22997,139137,none,none,exp_20260713_frbaseline_v2_rerun-raw-v1,call000001_7f085a38,exp_20260713_frbaseline_v2_rerun-raw-v1#fullrewrite/earncall2/rt01/forward
exp_20260713_frbaseline_v2_rerun,earncall2,earncall,fullrewrite,1,backward,true,,fullrewrite,failure,not_applicable,,0.0,false,5779,1226,7005,16900,model,text_truncated,exp_20260713_frbaseline_v2_rerun-raw-v1,call000002_d9453551,exp_20260713_frbaseline_v2_rerun-raw-v1#fullrewrite/earncall2/rt01/backward
exp_20260713_frbaseline_v2_rerun,earncall2,earncall,fullrewrite,2,forward,true,,fullrewrite,degraded,unchanged,,0.0,,387,597,984,8058,quality,content_regression,exp_20260713_frbaseline_v2_rerun-raw-v1,call000003_f69614c2,exp_20260713_frbaseline_v2_rerun-raw-v1#fullrewrite/earncall2/rt02/forward
exp_20260713_frbaseline_v2_rerun,earncall2,earncall,fullrewrite,2,backward,true,,fullrewrite,success,not_applicable,,0.0,false,307,686,993,6830,none,none,exp_20260713_frbaseline_v2_rerun-raw-v1,call000004_b1523115,exp_20260713_frbaseline_v2_rerun-raw-v1#fullrewrite/earncall2/rt02/backward
exp_20260713_frbaseline_v2_rerun,earncall2,earncall,fullrewrite,3,forward,true,,fullrewrite,failure,not_applicable,,0.0,,341,454,795,6814,quality,content_regression,exp_20260713_frbaseline_v2_rerun-raw-v1,call000005_e6d744f1,exp_20260713_frbaseline_v2_rerun-raw-v1#fullrewrite/earncall2/rt03/forward
exp_20260713_frbaseline_v2_rerun,earncall2,earncall,fullrewrite,3,backward,true,,fullrewrite,failure,not_applicable,,0.0,false,292,277,569,3051,quality,content_regression,exp_20260713_frbaseline_v2_rerun-raw-v1,call000006_2e351d0c,exp_20260713_frbaseline_v2_rerun-raw-v1#fullrewrite/earncall2/rt03/backward
exp_20260713_frbaseline_v2_rerun,earncall2,earncall,fullrewrite,4,forward,true,,fullrewrite,success,not_applicable,,,,308,2505,2813,33190,none,none,exp_20260713_frbaseline_v2_rerun-raw-v1,call000007_a0bd617c,exp_20260713_frbaseline_v2_rerun-raw-v1#fullrewrite/earncall2/rt04/forward
exp_20260713_frbaseline_v2_rerun,earncall2,earncall,fullrewrite,4,backward,true,,fullrewrite,failure,not_applicable,,0.0,false,1558,3205,4763,33239,model,empty_response,exp_20260713_frbaseline_v2_rerun-raw-v1,call000008_6679caf1,exp_20260713_frbaseline_v2_rerun-raw-v1#fullrewrite/earncall2/rt04/backward
exp_20260713_frbaseline_v2_rerun,earncall2,earncall,fullrewrite,5,forward,true,,fullrewrite,degraded,unchanged,,0.0,,450,478,928,6306,quality,content_regression,exp_20260713_frbaseline_v2_rerun-raw-v1,call000009_88fec068,exp_20260713_frbaseline_v2_rerun-raw-v1#fullrewrite/earncall2/rt05/forward
exp_20260713_frbaseline_v2_rerun,earncall2,earncall,fullrewrite,5,backward,true,,fullrewrite,failure,not_applicable,,0.0,false,320,312,632,4337,quality,content_regression,exp_20260713_frbaseline_v2_rerun-raw-v1,call000010_dbc61afe,exp_20260713_frbaseline_v2_rerun-raw-v1#fullrewrite/earncall2/rt05/backward
exp_20260713_frbaseline_v2_rerun,earncall2,earncall,fullrewrite,6,forward,true,,fullrewrite,degraded,unchanged,,0.0,,377,332,709,9315,quality,content_regression,exp_20260713_frbaseline_v2_rerun-raw-v1,call000011_2f5da093,exp_20260713_frbaseline_v2_rerun-raw-v1#fullrewrite/earncall2/rt06/forward
exp_20260713_frbaseline_v2_rerun,earncall2,earncall,fullrewrite,6,backward,true,,fullrewrite,degraded,not_applicable,,0.09509092859302415,false,303,1279,1582,13984,model,text_truncated,exp_20260713_frbaseline_v2_rerun-raw-v1,call000012_360f9901,exp_20260713_frbaseline_v2_rerun-raw-v1#fullrewrite/earncall2/rt06/backward
exp_20260713_frbaseline_v2_rerun,earncall2,earncall,fullrewrite,7,forward,true,,fullrewrite,success,not_applicable,,,,845,34307,35152,283585,none,none,exp_20260713_frbaseline_v2_rerun-raw-v1,call000013_832cc2df,exp_20260713_frbaseline_v2_rerun-raw-v1#fullrewrite/earncall2/rt07/forward
exp_20260713_frbaseline_v2_rerun,earncall2,earncall,fullrewrite,7,backward,true,,fullrewrite,success,not_applicable,,0.09480464322456278,false,975,30248,31223,527189,none,none,exp_20260713_frbaseline_v2_rerun-raw-v1,call000014_a482e106,exp_20260713_frbaseline_v2_rerun-raw-v1#fullrewrite/earncall2/rt07/backward
exp_20260713_frbaseline_v2_rerun,earncall2,earncall,fullrewrite,8,forward,true,,fullrewrite,success,not_applicable,,,,820,6031,6851,56432,none,none,exp_20260713_frbaseline_v2_rerun-raw-v1,call000015_113d393c,exp_20260713_frbaseline_v2_rerun-raw-v1#fullrewrite/earncall2/rt08/forward
exp_20260713_frbaseline_v2_rerun,earncall2,earncall,fullrewrite,8,backward,true,,fullrewrite,success,not_applicable,,0.09480464322456278,false,833,1338,2171,10345,none,none,exp_20260713_frbaseline_v2_rerun-raw-v1,call000016_84949251,exp_20260713_frbaseline_v2_rerun-raw-v1#fullrewrite/earncall2/rt08/backward
exp_20260713_frbaseline_v2_rerun,earncall2,earncall,fullrewrite,9,forward,true,,fullrewrite,success,not_applicable,,,,835,4203,5038,36680,none,none,exp_20260713_frbaseline_v2_rerun-raw-v1,call000017_4bc64ebf,exp_20260713_frbaseline_v2_rerun-raw-v1#fullrewrite/earncall2/rt09/forward
exp_20260713_frbaseline_v2_rerun,earncall2,earncall,fullrewrite,9,backward,true,,fullrewrite,failure,not_applicable,,0.0,true,921,677,1598,5008,model,text_truncated,exp_20260713_frbaseline_v2_rerun-raw-v1,call000018_a7c7d500,exp_20260713_frbaseline_v2_rerun-raw-v1#fullrewrite/earncall2/rt09/backward
exp_20260713_frbaseline_v2_rerun,earncall2,earncall,fullrewrite,10,forward,true,,fullrewrite,failure,not_applicable,,0.0,,323,23,346,1717,model,near_empty_response,exp_20260713_frbaseline_v2_rerun-raw-v1,call000019_e6b84858,exp_20260713_frbaseline_v2_rerun-raw-v1#fullrewrite/earncall2/rt10/forward
exp_20260713_frbaseline_v2_rerun,earncall2,earncall,fullrewrite,10,backward,true,,fullrewrite,failure,not_applicable,,0.0,false,297,285,582,4192,quality,content_regression,exp_20260713_frbaseline_v2_rerun-raw-v1,call000020_df4b5071,exp_20260713_frbaseline_v2_rerun-raw-v1#fullrewrite/earncall2/rt10/backward
exp_20260713_frbaseline_v2_rerun,edifact1,edifact,fullrewrite,1,forward,true,,fullrewrite,failure,not_applicable,,0.0,,3940,581,4521,5118,model,empty_response,exp_20260713_frbaseline_v2_rerun-raw-v1,call000001_6e8231f6,exp_20260713_frbaseline_v2_rerun-raw-v1#fullrewrite/edifact1/rt01/forward
exp_20260713_frbaseline_v2_rerun,edifact1,edifact,fullrewrite,1,backward,true,,fullrewrite,failure,not_applicable,,0.0,false,307,312,619,3638,quality,content_regression,exp_20260713_frbaseline_v2_rerun-raw-v1,call000002_bdd24ff9,exp_20260713_frbaseline_v2_rerun-raw-v1#fullrewrite/edifact1/rt01/backward
exp_20260713_frbaseline_v2_rerun,edifact1,edifact,fullrewrite,2,forward,true,,fullrewrite,degraded,unchanged,,0.0,,305,447,752,5215,quality,content_regression,exp_20260713_frbaseline_v2_rerun-raw-v1,call000003_2cebabf7,exp_20260713_frbaseline_v2_rerun-raw-v1#fullrewrite/edifact1/rt02/forward
exp_20260713_frbaseline_v2_rerun,edifact1,edifact,fullrewrite,2,backward,true,,fullrewrite,failure,not_applicable,,0.0,false,289,312,601,3212,quality,content_regression,exp_20260713_frbaseline_v2_rerun-raw-v1,call000004_06b69ea9,exp_20260713_frbaseline_v2_rerun-raw-v1#fullrewrite/edifact1/rt02/backward
exp_20260713_frbaseline_v2_rerun,edifact1,edifact,fullrewrite,3,forward,true,,fullrewrite,degraded,unchanged,,0.0,,324,557,881,8114,quality,content_regression,exp_20260713_frbaseline_v2_rerun-raw-v1,call000005_8b092d2f,exp_20260713_frbaseline_v2_rerun-raw-v1#fullrewrite/edifact1/rt03/forward
exp_20260713_frbaseline_v2_rerun,edifact1,edifact,fullrewrite,3,backward,true,,fullrewrite,failure,not_applicable,,0.0,false,283,208,491,3039,quality,content_regression,exp_20260713_frbaseline_v2_rerun-raw-v1,call000006_fce1eda9,exp_20260713_frbaseline_v2_rerun-raw-v1#fullrewrite/edifact1/rt03/backward
exp_20260713_frbaseline_v2_rerun,edifact1,edifact,fullrewrite,4,forward,true,,fullrewrite,success,not_applicable,,,,300,564,864,7565,none,none,exp_20260713_frbaseline_v2_rerun-raw-v1,call000007_b57b4104,exp_20260713_frbaseline_v2_rerun-raw-v1#fullrewrite/edifact1/rt04/forward
exp_20260713_frbaseline_v2_rerun,edifact1,edifact,fullrewrite,4,backward,true,,fullrewrite,success,not_applicable,,0.0,false,481,4055,4536,47244,none,none,exp_20260713_frbaseline_v2_rerun-raw-v1,call000008_3af58c74,exp_20260713_frbaseline_v2_rerun-raw-v1#fullrewrite/edifact1/rt04/backward
exp_20260713_frbaseline_v2_rerun,edifact1,edifact,fullrewrite,5,forward,true,,fullrewrite,success,not_applicable,,,,544,1263,1807,10199,none,none,exp_20260713_frbaseline_v2_rerun-raw-v1,call000009_a524f072,exp_20260713_frbaseline_v2_rerun-raw-v1#fullrewrite/edifact1/rt05/forward
exp_20260713_frbaseline_v2_rerun,edifact1,edifact,fullrewrite,5,backward,true,,fullrewrite,success,not_applicable,,0.0,false,540,1190,1730,11207,none,none,exp_20260713_frbaseline_v2_rerun-raw-v1,call000010_33d37c05,exp_20260713_frbaseline_v2_rerun-raw-v1#fullrewrite/edifact1/rt05/backward
exp_20260713_frbaseline_v2_rerun,edifact1,edifact,fullrewrite,6,forward,true,,fullrewrite,success,unchanged,,,,523,882,1405,7898,none,none,exp_20260713_frbaseline_v2_rerun-raw-v1,call000011_2ac4da1b,exp_20260713_frbaseline_v2_rerun-raw-v1#fullrewrite/edifact1/rt06/forward
exp_20260713_frbaseline_v2_rerun,edifact1,edifact,fullrewrite,6,backward,true,,fullrewrite,success,not_applicable,,0.0,false,500,856,1356,9720,none,none,exp_20260713_frbaseline_v2_rerun-raw-v1,call000012_44b9c235,exp_20260713_frbaseline_v2_rerun-raw-v1#fullrewrite/edifact1/rt06/backward
exp_20260713_frbaseline_v2_rerun,edifact1,edifact,fullrewrite,7,forward,true,,fullrewrite,success,not_applicable,,,,565,7515,8080,90385,none,none,exp_20260713_frbaseline_v2_rerun-raw-v1,call000013_e30d4e18,exp_20260713_frbaseline_v2_rerun-raw-v1#fullrewrite/edifact1/rt07/forward
exp_20260713_frbaseline_v2_rerun,edifact1,edifact,fullrewrite,7,backward,true,,fullrewrite,success,not_applicable,,0.0,false,543,3512,4055,37443,none,none,exp_20260713_frbaseline_v2_rerun-raw-v1,call000014_c1dbeb1a,exp_20260713_frbaseline_v2_rerun-raw-v1#fullrewrite/edifact1/rt07/backward
exp_20260713_frbaseline_v2_rerun,edifact1,edifact,fullrewrite,8,forward,true,,fullrewrite,success,not_applicable,,,,542,2554,3096,27974,none,none,exp_20260713_frbaseline_v2_rerun-raw-v1,call000015_8154d5f5,exp_20260713_frbaseline_v2_rerun-raw-v1#fullrewrite/edifact1/rt08/forward
exp_20260713_frbaseline_v2_rerun,edifact1,edifact,fullrewrite,8,backward,true,,fullrewrite,success,not_applicable,,0.0,false,538,1420,1958,14286,none,none,exp_20260713_frbaseline_v2_rerun-raw-v1,call000016_a8a6b596,exp_20260713_frbaseline_v2_rerun-raw-v1#fullrewrite/edifact1/rt08/backward
exp_20260713_frbaseline_v2_rerun,edifact1,edifact,fullrewrite,9,forward,true,,fullrewrite,success,not_applicable,,,,526,4265,4791,37402,none,none,exp_20260713_frbaseline_v2_rerun-raw-v1,call000017_9d3d6fbc,exp_20260713_frbaseline_v2_rerun-raw-v1#fullrewrite/edifact1/rt09/forward
exp_20260713_frbaseline_v2_rerun,edifact1,edifact,fullrewrite,9,backward,true,,fullrewrite,success,not_applicable,,0.0,false,510,526,1036,7247,none,none,exp_20260713_frbaseline_v2_rerun-raw-v1,call000018_807abe93,exp_20260713_frbaseline_v2_rerun-raw-v1#fullrewrite/edifact1/rt09/backward
exp_20260713_frbaseline_v2_rerun,edifact1,edifact,fullrewrite,10,forward,true,,fullrewrite,success,not_applicable,,,,502,6677,7179,51676,none,none,exp_20260713_frbaseline_v2_rerun-raw-v1,call000019_c7bffd60,exp_20260713_frbaseline_v2_rerun-raw-v1#fullrewrite/edifact1/rt10/forward
exp_20260713_frbaseline_v2_rerun,edifact1,edifact,fullrewrite,10,backward,true,,fullrewrite,success,not_applicable,,0.0,false,477,2366,2843,42305,none,none,exp_20260713_frbaseline_v2_rerun-raw-v1,call000020_4391e447,exp_20260713_frbaseline_v2_rerun-raw-v1#fullrewrite/edifact1/rt10/backward
exp_20260713_frbaseline_v2_rerun,emails5,emails,fullrewrite,1,forward,true,,fullrewrite,success,not_applicable,,,,4722,4823,9545,29727,none,none,exp_20260713_frbaseline_v2_rerun-raw-v1,call000001_5208316c,exp_20260713_frbaseline_v2_rerun-raw-v1#fullrewrite/emails5/rt01/forward
exp_20260713_frbaseline_v2_rerun,emails5,emails,fullrewrite,1,backward,true,,fullrewrite,success,not_applicable,,1.0,false,4767,7195,11962,53262,none,none,exp_20260713_frbaseline_v2_rerun-raw-v1,call000002_ecd98cf1,exp_20260713_frbaseline_v2_rerun-raw-v1#fullrewrite/emails5/rt01/backward
exp_20260713_frbaseline_v2_rerun,emails5,emails,fullrewrite,2,forward,true,,fullrewrite,failure,not_applicable,,0.0,,4739,2745,7484,22856,model,empty_response,exp_20260713_frbaseline_v2_rerun-raw-v1,call000003_da87234b,exp_20260713_frbaseline_v2_rerun-raw-v1#fullrewrite/emails5/rt02/forward
exp_20260713_frbaseline_v2_rerun,emails5,emails,fullrewrite,2,backward,true,,fullrewrite,failure,not_applicable,,0.0,true,302,299,601,3732,quality,content_regression,exp_20260713_frbaseline_v2_rerun-raw-v1,call000004_1a49bbe6,exp_20260713_frbaseline_v2_rerun-raw-v1#fullrewrite/emails5/rt02/backward
exp_20260713_frbaseline_v2_rerun,emails5,emails,fullrewrite,3,forward,true,,fullrewrite,failure,not_applicable,,0.0,,336,679,1015,8145,quality,content_regression,exp_20260713_frbaseline_v2_rerun-raw-v1,call000005_b94e8e78,exp_20260713_frbaseline_v2_rerun-raw-v1#fullrewrite/emails5/rt03/forward
exp_20260713_frbaseline_v2_rerun,emails5,emails,fullrewrite,3,backward,true,,fullrewrite,failure,not_applicable,,0.0,false,355,901,1256,10695,quality,content_regression,exp_20260713_frbaseline_v2_rerun-raw-v1,call000006_0a435561,exp_20260713_frbaseline_v2_rerun-raw-v1#fullrewrite/emails5/rt03/backward
exp_20260713_frbaseline_v2_rerun,emails5,emails,fullrewrite,4,forward,true,,fullrewrite,success,not_applicable,,,,348,2614,2962,23857,none,none,exp_20260713_frbaseline_v2_rerun-raw-v1,call000007_208fae6c,exp_20260713_frbaseline_v2_rerun-raw-v1#fullrewrite/emails5/rt04/forward
exp_20260713_frbaseline_v2_rerun,emails5,emails,fullrewrite,4,backward,true,,fullrewrite,failure,not_applicable,,0.0,false,1551,1054,2605,20150,model,empty_response,exp_20260713_frbaseline_v2_rerun-raw-v1,call000008_b84e549a,exp_20260713_frbaseline_v2_rerun-raw-v1#fullrewrite/emails5/rt04/backward
exp_20260713_frbaseline_v2_rerun,emails5,emails,fullrewrite,5,forward,true,,fullrewrite,success,not_applicable,,,,312,2143,2455,24167,none,none,exp_20260713_frbaseline_v2_rerun-raw-v1,call000009_52a708ed,exp_20260713_frbaseline_v2_rerun-raw-v1#fullrewrite/emails5/rt05/forward
exp_20260713_frbaseline_v2_rerun,emails5,emails,fullrewrite,5,backward,true,,fullrewrite,success,not_applicable,,0.17892555893083884,false,853,1112,1965,9265,none,none,exp_20260713_frbaseline_v2_rerun-raw-v1,call000010_411c1d0d,exp_20260713_frbaseline_v2_rerun-raw-v1#fullrewrite/emails5/rt05/backward
exp_20260713_frbaseline_v2_rerun,emails5,emails,fullrewrite,6,forward,true,,fullrewrite,success,not_applicable,,,,531,389,920,3336,none,none,exp_20260713_frbaseline_v2_rerun-raw-v1,call000011_2062291e,exp_20260713_frbaseline_v2_rerun-raw-v1#fullrewrite/emails5/rt06/forward
exp_20260713_frbaseline_v2_rerun,emails5,emails,fullrewrite,6,backward,true,,fullrewrite,success,not_applicable,,0.17892555893083884,false,559,366,925,4145,none,none,exp_20260713_frbaseline_v2_rerun-raw-v1,call000012_583a05bf,exp_20260713_frbaseline_v2_rerun-raw-v1#fullrewrite/emails5/rt06/backward
exp_20260713_frbaseline_v2_rerun,emails5,emails,fullrewrite,7,forward,true,,fullrewrite,success,not_applicable,,,,555,1531,2086,16810,none,none,exp_20260713_frbaseline_v2_rerun-raw-v1,call000013_215a91db,exp_20260713_frbaseline_v2_rerun-raw-v1#fullrewrite/emails5/rt07/forward
exp_20260713_frbaseline_v2_rerun,emails5,emails,fullrewrite,7,backward,true,,fullrewrite,success,not_applicable,,0.17892555893083884,false,547,607,1154,6951,none,none,exp_20260713_frbaseline_v2_rerun-raw-v1,call000014_e5cbcff6,exp_20260713_frbaseline_v2_rerun-raw-v1#fullrewrite/emails5/rt07/backward
exp_20260713_frbaseline_v2_rerun,emails5,emails,fullrewrite,8,forward,true,,fullrewrite,success,not_applicable,,,,612,1697,2309,18205,none,none,exp_20260713_frbaseline_v2_rerun-raw-v1,call000015_a23f8551,exp_20260713_frbaseline_v2_rerun-raw-v1#fullrewrite/emails5/rt08/forward
exp_20260713_frbaseline_v2_rerun,emails5,emails,fullrewrite,8,backward,true,,fullrewrite,success,not_applicable,,0.17892555893083884,false,561,765,1326,6841,none,none,exp_20260713_frbaseline_v2_rerun-raw-v1,call000016_924ff1a5,exp_20260713_frbaseline_v2_rerun-raw-v1#fullrewrite/emails5/rt08/backward
exp_20260713_frbaseline_v2_rerun,emails5,emails,fullrewrite,9,forward,true,,fullrewrite,success,not_applicable,,,,523,1186,1709,9894,none,none,exp_20260713_frbaseline_v2_rerun-raw-v1,call000017_778e559f,exp_20260713_frbaseline_v2_rerun-raw-v1#fullrewrite/emails5/rt09/forward
exp_20260713_frbaseline_v2_rerun,emails5,emails,fullrewrite,9,backward,true,,fullrewrite,success,not_applicable,,0.17403615637586373,false,649,10584,11233,87012,none,none,exp_20260713_frbaseline_v2_rerun-raw-v1,call000018_27814f4c,exp_20260713_frbaseline_v2_rerun-raw-v1#fullrewrite/emails5/rt09/backward
exp_20260713_frbaseline_v2_rerun,emails5,emails,fullrewrite,10,forward,true,,fullrewrite,failure,not_applicable,,0.0,,584,4504,5088,60051,model,empty_response,exp_20260713_frbaseline_v2_rerun-raw-v1,call000019_7d584ddc,exp_20260713_frbaseline_v2_rerun-raw-v1#fullrewrite/emails5/rt10/forward
exp_20260713_frbaseline_v2_rerun,emails5,emails,fullrewrite,10,backward,true,,fullrewrite,failure,not_applicable,,0.0,true,294,288,582,3682,quality,content_regression,exp_20260713_frbaseline_v2_rerun-raw-v1,call000020_533cc279,exp_20260713_frbaseline_v2_rerun-raw-v1#fullrewrite/emails5/rt10/backward
exp_20260713_frbaseline_v2_rerun,filesystem1,filesystem,fullrewrite,1,forward,true,,fullrewrite,success,not_applicable,,,,4008,4802,8810,39560,none,none,exp_20260713_frbaseline_v2_rerun-raw-v1,call000001_f313f9b8,exp_20260713_frbaseline_v2_rerun-raw-v1#fullrewrite/filesystem1/rt01/forward
exp_20260713_frbaseline_v2_rerun,filesystem1,filesystem,fullrewrite,1,backward,true,,fullrewrite,failure,not_applicable,,0.0,false,4106,504,4610,3591,model,empty_response,exp_20260713_frbaseline_v2_rerun-raw-v1,call000002_c4c34368,exp_20260713_frbaseline_v2_rerun-raw-v1#fullrewrite/filesystem1/rt01/backward
exp_20260713_frbaseline_v2_rerun,filesystem1,filesystem,fullrewrite,2,forward,true,,fullrewrite,success,not_applicable,,,,387,1038,1425,11365,none,none,exp_20260713_frbaseline_v2_rerun-raw-v1,call000003_9d2b401e,exp_20260713_frbaseline_v2_rerun-raw-v1#fullrewrite/filesystem1/rt02/forward
exp_20260713_frbaseline_v2_rerun,filesystem1,filesystem,fullrewrite,2,backward,true,,fullrewrite,degraded,not_applicable,,0.0,false,308,197,505,3204,model,near_empty_response,exp_20260713_frbaseline_v2_rerun-raw-v1,call000004_d6f756a1,exp_20260713_frbaseline_v2_rerun-raw-v1#fullrewrite/filesystem1/rt02/backward
exp_20260713_frbaseline_v2_rerun,filesystem1,filesystem,fullrewrite,3,forward,true,,fullrewrite,failure,not_applicable,,0.0,,392,2055,2447,20355,quality,content_regression,exp_20260713_frbaseline_v2_rerun-raw-v1,call000005_be39dc4e,exp_20260713_frbaseline_v2_rerun-raw-v1#fullrewrite/filesystem1/rt03/forward
exp_20260713_frbaseline_v2_rerun,filesystem1,filesystem,fullrewrite,3,backward,true,,fullrewrite,success,not_applicable,,0.0,false,1087,1752,2839,12924,none,none,exp_20260713_frbaseline_v2_rerun-raw-v1,call000006_3c13153d,exp_20260713_frbaseline_v2_rerun-raw-v1#fullrewrite/filesystem1/rt03/backward
exp_20260713_frbaseline_v2_rerun,filesystem1,filesystem,fullrewrite,4,forward,true,,fullrewrite,success,not_applicable,,,,1137,2783,3920,21473,none,none,exp_20260713_frbaseline_v2_rerun-raw-v1,call000007_91265ade,exp_20260713_frbaseline_v2_rerun-raw-v1#fullrewrite/filesystem1/rt04/forward
exp_20260713_frbaseline_v2_rerun,filesystem1,filesystem,fullrewrite,4,backward,true,,fullrewrite,success,not_applicable,,0.0,false,1135,4521,5656,34261,none,none,exp_20260713_frbaseline_v2_rerun-raw-v1,call000008_5ca05762,exp_20260713_frbaseline_v2_rerun-raw-v1#fullrewrite/filesystem1/rt04/backward
exp_20260713_frbaseline_v2_rerun,filesystem1,filesystem,fullrewrite,5,forward,true,,fullrewrite,failure,not_applicable,,0.0,,1124,6916,8040,50849,model,empty_response,exp_20260713_frbaseline_v2_rerun-raw-v1,call000009_d4eda84b,exp_20260713_frbaseline_v2_rerun-raw-v1#fullrewrite/filesystem1/rt05/forward
exp_20260713_frbaseline_v2_rerun,filesystem1,filesystem,fullrewrite,5,backward,true,,fullrewrite,success,not_applicable,,0.0,false,278,729,1007,12136,none,none,exp_20260713_frbaseline_v2_rerun-raw-v1,call000010_5e1bc01e,exp_20260713_frbaseline_v2_rerun-raw-v1#fullrewrite/filesystem1/rt05/backward
exp_20260713_frbaseline_v2_rerun,filesystem1,filesystem,fullrewrite,6,forward,true,,fullrewrite,success,not_applicable,,,,427,771,1198,9852,none,none,exp_20260713_frbaseline_v2_rerun-raw-v1,call000011_3ed851c0,exp_20260713_frbaseline_v2_rerun-raw-v1#fullrewrite/filesystem1/rt06/forward
exp_20260713_frbaseline_v2_rerun,filesystem1,filesystem,fullrewrite,6,backward,true,,fullrewrite,success,not_applicable,,0.0,false,409,948,1357,15681,none,none,exp_20260713_frbaseline_v2_rerun-raw-v1,call000012_269d17de,exp_20260713_frbaseline_v2_rerun-raw-v1#fullrewrite/filesystem1/rt06/backward
exp_20260713_frbaseline_v2_rerun,filesystem1,filesystem,fullrewrite,7,forward,true,,fullrewrite,success,not_applicable,,,,382,8250,8632,144832,none,none,exp_20260713_frbaseline_v2_rerun-raw-v1,call000013_27bdf77c,exp_20260713_frbaseline_v2_rerun-raw-v1#fullrewrite/filesystem1/rt07/forward
exp_20260713_frbaseline_v2_rerun,filesystem1,filesystem,fullrewrite,7,backward,true,,fullrewrite,success,not_applicable,,0.06424788239339904,false,1645,3293,4938,24316,none,none,exp_20260713_frbaseline_v2_rerun-raw-v1,call000014_cf4ac36b,exp_20260713_frbaseline_v2_rerun-raw-v1#fullrewrite/filesystem1/rt07/backward
exp_20260713_frbaseline_v2_rerun,filesystem1,filesystem,fullrewrite,8,forward,true,,fullrewrite,success,not_applicable,,,,790,3473,4263,35351,none,none,exp_20260713_frbaseline_v2_rerun-raw-v1,call000015_c1c5d2ff,exp_20260713_frbaseline_v2_rerun-raw-v1#fullrewrite/filesystem1/rt08/forward
exp_20260713_frbaseline_v2_rerun,filesystem1,filesystem,fullrewrite,8,backward,true,,fullrewrite,success,not_applicable,,0.06423804774644064,false,792,917,1709,13235,none,none,exp_20260713_frbaseline_v2_rerun-raw-v1,call000016_4320a7bb,exp_20260713_frbaseline_v2_rerun-raw-v1#fullrewrite/filesystem1/rt08/backward
exp_20260713_frbaseline_v2_rerun,filesystem1,filesystem,fullrewrite,9,forward,true,,fullrewrite,success,not_applicable,,,,864,2557,3421,17948,none,none,exp_20260713_frbaseline_v2_rerun-raw-v1,call000017_5d0e5bdc,exp_20260713_frbaseline_v2_rerun-raw-v1#fullrewrite/filesystem1/rt09/forward
exp_20260713_frbaseline_v2_rerun,filesystem1,filesystem,fullrewrite,9,backward,true,,fullrewrite,success,not_applicable,,0.06423804774644064,false,839,4798,5637,35135,none,none,exp_20260713_frbaseline_v2_rerun-raw-v1,call000018_5ea9adb4,exp_20260713_frbaseline_v2_rerun-raw-v1#fullrewrite/filesystem1/rt09/backward
exp_20260713_frbaseline_v2_rerun,filesystem1,filesystem,fullrewrite,10,forward,true,,fullrewrite,success,not_applicable,,,,902,5827,6729,41240,none,none,exp_20260713_frbaseline_v2_rerun-raw-v1,call000019_c30e1127,exp_20260713_frbaseline_v2_rerun-raw-v1#fullrewrite/filesystem1/rt10/forward
exp_20260713_frbaseline_v2_rerun,filesystem1,filesystem,fullrewrite,10,backward,true,,fullrewrite,success,not_applicable,,0.10116112466951757,false,1396,7337,8733,67667,none,none,exp_20260713_frbaseline_v2_rerun-raw-v1,call000020_af51fd49,exp_20260713_frbaseline_v2_rerun-raw-v1#fullrewrite/filesystem1/rt10/backward
exp_20260713_frbaseline_v2_rerun,filesystem5,filesystem,fullrewrite,1,forward,true,,fullrewrite,failure,not_applicable,,0.0,,3717,8150,11867,71559,model,empty_response,exp_20260713_frbaseline_v2_rerun-raw-v1,call000001_0eac1318,exp_20260713_frbaseline_v2_rerun-raw-v1#fullrewrite/filesystem5/rt01/forward
exp_20260713_frbaseline_v2_rerun,filesystem5,filesystem,fullrewrite,1,backward,true,,fullrewrite,success,not_applicable,,0.0,false,283,952,1235,11149,none,none,exp_20260713_frbaseline_v2_rerun-raw-v1,call000002_c32fe421,exp_20260713_frbaseline_v2_rerun-raw-v1#fullrewrite/filesystem5/rt01/backward
exp_20260713_frbaseline_v2_rerun,filesystem5,filesystem,fullrewrite,2,forward,true,,fullrewrite,success,not_applicable,,,,519,3103,3622,22887,none,none,exp_20260713_frbaseline_v2_rerun-raw-v1,call000003_344fe5e7,exp_20260713_frbaseline_v2_rerun-raw-v1#fullrewrite/filesystem5/rt02/forward
exp_20260713_frbaseline_v2_rerun,filesystem5,filesystem,fullrewrite,2,backward,true,,fullrewrite,success,not_applicable,,0.0,false,1342,1180,2522,8533,none,none,exp_20260713_frbaseline_v2_rerun-raw-v1,call000004_c9f43df2,exp_20260713_frbaseline_v2_rerun-raw-v1#fullrewrite/filesystem5/rt02/backward
exp_20260713_frbaseline_v2_rerun,filesystem5,filesystem,fullrewrite,3,forward,true,,fullrewrite,success,not_applicable,,,,524,2830,3354,23002,none,none,exp_20260713_frbaseline_v2_rerun-raw-v1,call000005_722d600e,exp_20260713_frbaseline_v2_rerun-raw-v1#fullrewrite/filesystem5/rt03/forward
exp_20260713_frbaseline_v2_rerun,filesystem5,filesystem,fullrewrite,3,backward,true,,fullrewrite,success,not_applicable,,0.0,false,842,717,1559,8222,none,none,exp_20260713_frbaseline_v2_rerun-raw-v1,call000006_08422374,exp_20260713_frbaseline_v2_rerun-raw-v1#fullrewrite/filesystem5/rt03/backward
exp_20260713_frbaseline_v2_rerun,filesystem5,filesystem,fullrewrite,4,forward,true,,fullrewrite,success,not_applicable,,,,582,852,1434,7646,none,none,exp_20260713_frbaseline_v2_rerun-raw-v1,call000007_548c4b2a,exp_20260713_frbaseline_v2_rerun-raw-v1#fullrewrite/filesystem5/rt04/forward
exp_20260713_frbaseline_v2_rerun,filesystem5,filesystem,fullrewrite,4,backward,true,,fullrewrite,success,not_applicable,,0.0,false,514,551,1065,5261,none,none,exp_20260713_frbaseline_v2_rerun-raw-v1,call000008_0cb76abd,exp_20260713_frbaseline_v2_rerun-raw-v1#fullrewrite/filesystem5/rt04/backward
exp_20260713_frbaseline_v2_rerun,filesystem5,filesystem,fullrewrite,5,forward,true,,fullrewrite,success,not_applicable,,,,525,1028,1553,10306,none,none,exp_20260713_frbaseline_v2_rerun-raw-v1,call000009_6065cc07,exp_20260713_frbaseline_v2_rerun-raw-v1#fullrewrite/filesystem5/rt05/forward
exp_20260713_frbaseline_v2_rerun,filesystem5,filesystem,fullrewrite,5,backward,true,,fullrewrite,success,not_applicable,,0.0,false,1030,2692,3722,20691,none,none,exp_20260713_frbaseline_v2_rerun-raw-v1,call000010_8281fed6,exp_20260713_frbaseline_v2_rerun-raw-v1#fullrewrite/filesystem5/rt05/backward
exp_20260713_frbaseline_v2_rerun,filesystem5,filesystem,fullrewrite,6,forward,true,,fullrewrite,success,not_applicable,,,,573,1724,2297,14117,none,none,exp_20260713_frbaseline_v2_rerun-raw-v1,call000011_50224be5,exp_20260713_frbaseline_v2_rerun-raw-v1#fullrewrite/filesystem5/rt06/forward
exp_20260713_frbaseline_v2_rerun,filesystem5,filesystem,fullrewrite,6,backward,true,,fullrewrite,success,not_applicable,,0.0,false,943,683,1626,5022,none,none,exp_20260713_frbaseline_v2_rerun-raw-v1,call000012_4bc7c4a4,exp_20260713_frbaseline_v2_rerun-raw-v1#fullrewrite/filesystem5/rt06/backward
exp_20260713_frbaseline_v2_rerun,filesystem5,filesystem,fullrewrite,7,forward,true,,fullrewrite,success,not_applicable,,,,665,1080,1745,10919,none,none,exp_20260713_frbaseline_v2_rerun-raw-v1,call000013_b266be59,exp_20260713_frbaseline_v2_rerun-raw-v1#fullrewrite/filesystem5/rt07/forward
exp_20260713_frbaseline_v2_rerun,filesystem5,filesystem,fullrewrite,7,backward,true,,fullrewrite,success,not_applicable,,0.0,false,761,592,1353,4832,none,none,exp_20260713_frbaseline_v2_rerun-raw-v1,call000014_5c6fde16,exp_20260713_frbaseline_v2_rerun-raw-v1#fullrewrite/filesystem5/rt07/backward
exp_20260713_frbaseline_v2_rerun,filesystem5,filesystem,fullrewrite,8,forward,true,,fullrewrite,success,not_applicable,,,,688,7142,7830,51171,none,none,exp_20260713_frbaseline_v2_rerun-raw-v1,call000015_870a3767,exp_20260713_frbaseline_v2_rerun-raw-v1#fullrewrite/filesystem5/rt08/forward
exp_20260713_frbaseline_v2_rerun,filesystem5,filesystem,fullrewrite,8,backward,true,,fullrewrite,success,not_applicable,,0.0,false,787,1047,1834,9938,none,none,exp_20260713_frbaseline_v2_rerun-raw-v1,call000016_ca58f913,exp_20260713_frbaseline_v2_rerun-raw-v1#fullrewrite/filesystem5/rt08/backward
exp_20260713_frbaseline_v2_rerun,filesystem5,filesystem,fullrewrite,9,forward,true,,fullrewrite,success,not_applicable,,,,673,3018,3691,25700,none,none,exp_20260713_frbaseline_v2_rerun-raw-v1,call000017_3a022850,exp_20260713_frbaseline_v2_rerun-raw-v1#fullrewrite/filesystem5/rt09/forward
exp_20260713_frbaseline_v2_rerun,filesystem5,filesystem,fullrewrite,9,backward,true,,fullrewrite,failure,not_applicable,,0.0,false,934,1436,2370,11128,quality,content_regression,exp_20260713_frbaseline_v2_rerun-raw-v1,call000018_9ac115f3,exp_20260713_frbaseline_v2_rerun-raw-v1#fullrewrite/filesystem5/rt09/backward
exp_20260713_frbaseline_v2_rerun,filesystem5,filesystem,fullrewrite,10,forward,true,,fullrewrite,success,not_applicable,,,,740,2723,3463,21082,none,none,exp_20260713_frbaseline_v2_rerun-raw-v1,call000019_708a52f2,exp_20260713_frbaseline_v2_rerun-raw-v1#fullrewrite/filesystem5/rt10/forward
exp_20260713_frbaseline_v2_rerun,filesystem5,filesystem,fullrewrite,10,backward,true,,fullrewrite,success,not_applicable,,0.0,false,671,781,1452,5772,none,none,exp_20260713_frbaseline_v2_rerun-raw-v1,call000020_0773d205,exp_20260713_frbaseline_v2_rerun-raw-v1#fullrewrite/filesystem5/rt10/backward
exp_20260713_frbaseline_v2_rerun,filesystem6,filesystem,fullrewrite,1,forward,true,,fullrewrite,success,not_applicable,,,,4354,23229,27583,160341,none,none,exp_20260713_frbaseline_v2_rerun-raw-v1,call000001_c046baed,exp_20260713_frbaseline_v2_rerun-raw-v1#fullrewrite/filesystem6/rt01/forward
exp_20260713_frbaseline_v2_rerun,filesystem6,filesystem,fullrewrite,1,backward,true,,fullrewrite,failure,not_applicable,,0.0,false,5977,2721,8698,18142,model,empty_response,exp_20260713_frbaseline_v2_rerun-raw-v1,call000002_133f795a,exp_20260713_frbaseline_v2_rerun-raw-v1#fullrewrite/filesystem6/rt01/backward
exp_20260713_frbaseline_v2_rerun,filesystem6,filesystem,fullrewrite,2,forward,true,,fullrewrite,success,not_applicable,,,,281,438,719,4292,none,none,exp_20260713_frbaseline_v2_rerun-raw-v1,call000003_1654e1f3,exp_20260713_frbaseline_v2_rerun-raw-v1#fullrewrite/filesystem6/rt02/forward
exp_20260713_frbaseline_v2_rerun,filesystem6,filesystem,fullrewrite,2,backward,true,,fullrewrite,success,not_applicable,,0.0,false,422,248,670,2832,none,none,exp_20260713_frbaseline_v2_rerun-raw-v1,call000004_c52fae4e,exp_20260713_frbaseline_v2_rerun-raw-v1#fullrewrite/filesystem6/rt02/backward
exp_20260713_frbaseline_v2_rerun,filesystem6,filesystem,fullrewrite,3,forward,true,,fullrewrite,success,not_applicable,,,,366,1209,1575,11556,none,none,exp_20260713_frbaseline_v2_rerun-raw-v1,call000005_13461a20,exp_20260713_frbaseline_v2_rerun-raw-v1#fullrewrite/filesystem6/rt03/forward
exp_20260713_frbaseline_v2_rerun,filesystem6,filesystem,fullrewrite,3,backward,true,,fullrewrite,success,not_applicable,,0.0,false,463,413,876,3699,none,none,exp_20260713_frbaseline_v2_rerun-raw-v1,call000006_3be12aeb,exp_20260713_frbaseline_v2_rerun-raw-v1#fullrewrite/filesystem6/rt03/backward
exp_20260713_frbaseline_v2_rerun,filesystem6,filesystem,fullrewrite,4,forward,true,,fullrewrite,success,not_applicable,,,,410,1335,1745,10111,none,none,exp_20260713_frbaseline_v2_rerun-raw-v1,call000007_eb3518e4,exp_20260713_frbaseline_v2_rerun-raw-v1#fullrewrite/filesystem6/rt04/forward
exp_20260713_frbaseline_v2_rerun,filesystem6,filesystem,fullrewrite,4,backward,true,,fullrewrite,success,not_applicable,,0.0,false,668,387,1055,3543,none,none,exp_20260713_frbaseline_v2_rerun-raw-v1,call000008_fdb6ea04,exp_20260713_frbaseline_v2_rerun-raw-v1#fullrewrite/filesystem6/rt04/backward
exp_20260713_frbaseline_v2_rerun,filesystem6,filesystem,fullrewrite,5,forward,true,,fullrewrite,failure,not_applicable,,0.0,,364,491,855,5324,quality,content_regression,exp_20260713_frbaseline_v2_rerun-raw-v1,call000009_0fc4dfc1,exp_20260713_frbaseline_v2_rerun-raw-v1#fullrewrite/filesystem6/rt05/forward
exp_20260713_frbaseline_v2_rerun,filesystem6,filesystem,fullrewrite,5,backward,true,,fullrewrite,success,not_applicable,,0.0,false,285,2542,2827,27451,none,none,exp_20260713_frbaseline_v2_rerun-raw-v1,call000010_b4e9dbe4,exp_20260713_frbaseline_v2_rerun-raw-v1#fullrewrite/filesystem6/rt05/backward
exp_20260713_frbaseline_v2_rerun,filesystem6,filesystem,fullrewrite,6,forward,true,,fullrewrite,success,not_applicable,,,,863,11180,12043,82208,none,none,exp_20260713_frbaseline_v2_rerun-raw-v1,call000011_35b01901,exp_20260713_frbaseline_v2_rerun-raw-v1#fullrewrite/filesystem6/rt06/forward
exp_20260713_frbaseline_v2_rerun,filesystem6,filesystem,fullrewrite,6,backward,true,,fullrewrite,success,not_applicable,,0.0,false,3336,1456,4792,11074,none,none,exp_20260713_frbaseline_v2_rerun-raw-v1,call000012_2c560e62,exp_20260713_frbaseline_v2_rerun-raw-v1#fullrewrite/filesystem6/rt06/backward
exp_20260713_frbaseline_v2_rerun,filesystem6,filesystem,fullrewrite,7,forward,true,,fullrewrite,failure,not_applicable,,0.0,,927,21357,22284,171899,model,text_truncated,exp_20260713_frbaseline_v2_rerun-raw-v1,call000013_2db183ae,exp_20260713_frbaseline_v2_rerun-raw-v1#fullrewrite/filesystem6/rt07/forward
exp_20260713_frbaseline_v2_rerun,filesystem6,filesystem,fullrewrite,7,backward,true,,fullrewrite,degraded,not_applicable,,0.0,false,286,558,844,7245,model,near_empty_response,exp_20260713_frbaseline_v2_rerun-raw-v1,call000014_776ca823,exp_20260713_frbaseline_v2_rerun-raw-v1#fullrewrite/filesystem6/rt07/backward
exp_20260713_frbaseline_v2_rerun,filesystem6,filesystem,fullrewrite,8,forward,true,,fullrewrite,success,not_applicable,,,,301,474,775,3627,none,none,exp_20260713_frbaseline_v2_rerun-raw-v1,call000015_0a68fee4,exp_20260713_frbaseline_v2_rerun-raw-v1#fullrewrite/filesystem6/rt08/forward
exp_20260713_frbaseline_v2_rerun,filesystem6,filesystem,fullrewrite,8,backward,true,,fullrewrite,success,not_applicable,,0.0,false,655,838,1493,5087,none,none,exp_20260713_frbaseline_v2_rerun-raw-v1,call000016_e7f8123e,exp_20260713_frbaseline_v2_rerun-raw-v1#fullrewrite/filesystem6/rt08/backward
exp_20260713_frbaseline_v2_rerun,filesystem6,filesystem,fullrewrite,9,forward,true,,fullrewrite,success,not_applicable,,,,616,1134,1750,10956,none,none,exp_20260713_frbaseline_v2_rerun-raw-v1,call000017_69c01f7f,exp_20260713_frbaseline_v2_rerun-raw-v1#fullrewrite/filesystem6/rt09/forward
exp_20260713_frbaseline_v2_rerun,filesystem6,filesystem,fullrewrite,9,backward,true,,fullrewrite,success,not_applicable,,0.0,false,982,829,1811,8193,none,none,exp_20260713_frbaseline_v2_rerun-raw-v1,call000018_880a2597,exp_20260713_frbaseline_v2_rerun-raw-v1#fullrewrite/filesystem6/rt09/backward
exp_20260713_frbaseline_v2_rerun,filesystem6,filesystem,fullrewrite,10,forward,true,,fullrewrite,failure,not_applicable,,0.0,,648,1683,2331,14101,model,text_truncated,exp_20260713_frbaseline_v2_rerun-raw-v1,call000019_41437e56,exp_20260713_frbaseline_v2_rerun-raw-v1#fullrewrite/filesystem6/rt10/forward
exp_20260713_frbaseline_v2_rerun,filesystem6,filesystem,fullrewrite,10,backward,true,,fullrewrite,success,not_applicable,,0.0,false,703,1543,2246,12176,none,none,exp_20260713_frbaseline_v2_rerun-raw-v1,call000020_74bb59b8,exp_20260713_frbaseline_v2_rerun-raw-v1#fullrewrite/filesystem6/rt10/backward
exp_20260713_frbaseline_v2_rerun,fonteng2,fonteng,fullrewrite,1,forward,true,,fullrewrite,failure,not_applicable,,0.0,,3459,982,4441,10373,model,empty_response,exp_20260713_frbaseline_v2_rerun-raw-v1,call000001_110475c4,exp_20260713_frbaseline_v2_rerun-raw-v1#fullrewrite/fonteng2/rt01/forward
exp_20260713_frbaseline_v2_rerun,fonteng2,fonteng,fullrewrite,1,backward,true,,fullrewrite,failure,not_applicable,,0.0,false,285,320,605,3643,quality,content_regression,exp_20260713_frbaseline_v2_rerun-raw-v1,call000002_51b4d754,exp_20260713_frbaseline_v2_rerun-raw-v1#fullrewrite/fonteng2/rt01/backward
exp_20260713_frbaseline_v2_rerun,fonteng2,fonteng,fullrewrite,2,forward,true,,fullrewrite,degraded,unchanged,,0.0,,296,1199,1495,10470,quality,content_regression,exp_20260713_frbaseline_v2_rerun-raw-v1,call000003_9e772c33,exp_20260713_frbaseline_v2_rerun-raw-v1#fullrewrite/fonteng2/rt02/forward
exp_20260713_frbaseline_v2_rerun,fonteng2,fonteng,fullrewrite,2,backward,true,,fullrewrite,success,not_applicable,,0.1818181818,false,282,578,860,6199,none,none,exp_20260713_frbaseline_v2_rerun-raw-v1,call000004_2ef94f77,exp_20260713_frbaseline_v2_rerun-raw-v1#fullrewrite/fonteng2/rt02/backward
exp_20260713_frbaseline_v2_rerun,fonteng2,fonteng,fullrewrite,3,forward,true,,fullrewrite,success,not_applicable,,,,336,1453,1789,11687,none,none,exp_20260713_frbaseline_v2_rerun-raw-v1,call000005_dd69b7dd,exp_20260713_frbaseline_v2_rerun-raw-v1#fullrewrite/fonteng2/rt03/forward
exp_20260713_frbaseline_v2_rerun,fonteng2,fonteng,fullrewrite,3,backward,true,,fullrewrite,failure,not_applicable,,0.0,true,316,198,514,2251,model,near_empty_response,exp_20260713_frbaseline_v2_rerun-raw-v1,call000006_8d9fa129,exp_20260713_frbaseline_v2_rerun-raw-v1#fullrewrite/fonteng2/rt03/backward
exp_20260713_frbaseline_v2_rerun,fonteng2,fonteng,fullrewrite,4,forward,true,,fullrewrite,success,not_applicable,,,,364,2876,3240,18266,none,none,exp_20260713_frbaseline_v2_rerun-raw-v1,call000007_c56859db,exp_20260713_frbaseline_v2_rerun-raw-v1#fullrewrite/fonteng2/rt04/forward
exp_20260713_frbaseline_v2_rerun,fonteng2,fonteng,fullrewrite,4,backward,true,,fullrewrite,success,not_applicable,,0.1818181818,false,3144,21993,25137,153627,none,none,exp_20260713_frbaseline_v2_rerun-raw-v1,call000008_0e77d999,exp_20260713_frbaseline_v2_rerun-raw-v1#fullrewrite/fonteng2/rt04/backward
exp_20260713_frbaseline_v2_rerun,fonteng2,fonteng,fullrewrite,5,forward,true,,fullrewrite,success,not_applicable,,,,2798,22516,25314,316931,none,none,exp_20260713_frbaseline_v2_rerun-raw-v1,call000009_58b1a299,exp_20260713_frbaseline_v2_rerun-raw-v1#fullrewrite/fonteng2/rt05/forward
exp_20260713_frbaseline_v2_rerun,fonteng2,fonteng,fullrewrite,5,backward,true,,fullrewrite,success,not_applicable,,0.1818181818,false,3193,3293,6486,22949,none,none,exp_20260713_frbaseline_v2_rerun-raw-v1,call000010_7b848cac,exp_20260713_frbaseline_v2_rerun-raw-v1#fullrewrite/fonteng2/rt05/backward
exp_20260713_frbaseline_v2_rerun,fonteng2,fonteng,fullrewrite,6,forward,true,,fullrewrite,success,not_applicable,,,,2798,6550,9348,48746,none,none,exp_20260713_frbaseline_v2_rerun-raw-v1,call000011_63eb65f1,exp_20260713_frbaseline_v2_rerun-raw-v1#fullrewrite/fonteng2/rt06/forward
exp_20260713_frbaseline_v2_rerun,fonteng2,fonteng,fullrewrite,6,backward,true,,fullrewrite,success,not_applicable,,0.1818181818,false,2929,6638,9567,38116,none,none,exp_20260713_frbaseline_v2_rerun-raw-v1,call000012_2b674037,exp_20260713_frbaseline_v2_rerun-raw-v1#fullrewrite/fonteng2/rt06/backward
exp_20260713_frbaseline_v2_rerun,fonteng2,fonteng,fullrewrite,7,forward,true,,fullrewrite,success,not_applicable,,,,2867,6565,9432,47004,none,none,exp_20260713_frbaseline_v2_rerun-raw-v1,call000013_9d18eed3,exp_20260713_frbaseline_v2_rerun-raw-v1#fullrewrite/fonteng2/rt07/forward
exp_20260713_frbaseline_v2_rerun,fonteng2,fonteng,fullrewrite,7,backward,true,,fullrewrite,success,not_applicable,,0.1940961241,false,2890,13740,16630,109721,none,none,exp_20260713_frbaseline_v2_rerun-raw-v1,call000014_f8a97465,exp_20260713_frbaseline_v2_rerun-raw-v1#fullrewrite/fonteng2/rt07/backward
exp_20260713_frbaseline_v2_rerun,fonteng2,fonteng,fullrewrite,8,forward,true,,fullrewrite,success,not_applicable,,,,2901,8388,11289,68941,none,none,exp_20260713_frbaseline_v2_rerun-raw-v1,call000015_1294e29c,exp_20260713_frbaseline_v2_rerun-raw-v1#fullrewrite/fonteng2/rt08/forward
exp_20260713_frbaseline_v2_rerun,fonteng2,fonteng,fullrewrite,8,backward,true,,fullrewrite,success,not_applicable,,0.1940961241,false,3343,11140,14483,71959,none,none,exp_20260713_frbaseline_v2_rerun-raw-v1,call000016_692d771a,exp_20260713_frbaseline_v2_rerun-raw-v1#fullrewrite/fonteng2/rt08/backward
exp_20260713_frbaseline_v2_rerun,fonteng2,fonteng,fullrewrite,9,forward,true,,fullrewrite,success,not_applicable,,,,2826,29294,32120,241536,none,none,exp_20260713_frbaseline_v2_rerun-raw-v1,call000017_901e0c63,exp_20260713_frbaseline_v2_rerun-raw-v1#fullrewrite/fonteng2/rt09/forward
exp_20260713_frbaseline_v2_rerun,fonteng2,fonteng,fullrewrite,9,backward,true,,fullrewrite,success,not_applicable,,0.1940961241,false,3569,8016,11585,54551,none,none,exp_20260713_frbaseline_v2_rerun-raw-v1,call000018_6b6803ab,exp_20260713_frbaseline_v2_rerun-raw-v1#fullrewrite/fonteng2/rt09/backward
exp_20260713_frbaseline_v2_rerun,fonteng2,fonteng,fullrewrite,10,forward,true,,fullrewrite,success,not_applicable,,,,2862,14543,17405,100360,none,none,exp_20260713_frbaseline_v2_rerun-raw-v1,call000019_84fbfc85,exp_20260713_frbaseline_v2_rerun-raw-v1#fullrewrite/fonteng2/rt10/forward
exp_20260713_frbaseline_v2_rerun,fonteng2,fonteng,fullrewrite,10,backward,true,,fullrewrite,success,not_applicable,,0.1940961241,false,3172,23543,26715,210103,none,none,exp_20260713_frbaseline_v2_rerun-raw-v1,call000020_b4594673,exp_20260713_frbaseline_v2_rerun-raw-v1#fullrewrite/fonteng2/rt10/backward
exp_20260713_frbaseline_v2_rerun,fonteng4,fonteng,fullrewrite,1,forward,true,,fullrewrite,success,not_applicable,,,,3793,5262,9055,39503,none,none,exp_20260713_frbaseline_v2_rerun-raw-v1,call000001_dd76cca1,exp_20260713_frbaseline_v2_rerun-raw-v1#fullrewrite/fonteng4/rt01/forward
exp_20260713_frbaseline_v2_rerun,fonteng4,fonteng,fullrewrite,1,backward,true,,fullrewrite,failure,not_applicable,,0.0,false,3941,9537,13478,59609,model,text_truncated,exp_20260713_frbaseline_v2_rerun-raw-v1,call000002_7e89f624,exp_20260713_frbaseline_v2_rerun-raw-v1#fullrewrite/fonteng4/rt01/backward
exp_20260713_frbaseline_v2_rerun,fonteng4,fonteng,fullrewrite,2,forward,true,,fullrewrite,success,not_applicable,,,,303,249,552,3334,none,none,exp_20260713_frbaseline_v2_rerun-raw-v1,call000003_3db276b5,exp_20260713_frbaseline_v2_rerun-raw-v1#fullrewrite/fonteng4/rt02/forward
exp_20260713_frbaseline_v2_rerun,fonteng4,fonteng,fullrewrite,2,backward,true,,fullrewrite,success,not_applicable,,0.0001974761,false,443,381,824,2765,none,none,exp_20260713_frbaseline_v2_rerun-raw-v1,call000004_9330021d,exp_20260713_frbaseline_v2_rerun-raw-v1#fullrewrite/fonteng4/rt02/backward
exp_20260713_frbaseline_v2_rerun,fonteng4,fonteng,fullrewrite,3,forward,true,,fullrewrite,success,unchanged,,,,458,599,1057,4984,none,none,exp_20260713_frbaseline_v2_rerun-raw-v1,call000005_09a172ea,exp_20260713_frbaseline_v2_rerun-raw-v1#fullrewrite/fonteng4/rt03/forward
exp_20260713_frbaseline_v2_rerun,fonteng4,fonteng,fullrewrite,3,backward,true,,fullrewrite,success,not_applicable,,0.0001974761,false,446,328,774,3172,none,none,exp_20260713_frbaseline_v2_rerun-raw-v1,call000006_b2a021d3,exp_20260713_frbaseline_v2_rerun-raw-v1#fullrewrite/fonteng4/rt03/backward
exp_20260713_frbaseline_v2_rerun,fonteng4,fonteng,fullrewrite,4,forward,true,,fullrewrite,success,not_applicable,,,,482,7726,8208,66882,none,none,exp_20260713_frbaseline_v2_rerun-raw-v1,call000007_bc3ebe8e,exp_20260713_frbaseline_v2_rerun-raw-v1#fullrewrite/fonteng4/rt04/forward
exp_20260713_frbaseline_v2_rerun,fonteng4,fonteng,fullrewrite,4,backward,true,,fullrewrite,success,not_applicable,,0.003094885,false,605,659,1264,5388,none,none,exp_20260713_frbaseline_v2_rerun-raw-v1,call000008_fb8815a0,exp_20260713_frbaseline_v2_rerun-raw-v1#fullrewrite/fonteng4/rt04/backward
exp_20260713_frbaseline_v2_rerun,fonteng4,fonteng,fullrewrite,5,forward,true,,fullrewrite,success,unchanged,,,,590,2231,2821,27327,none,none,exp_20260713_frbaseline_v2_rerun-raw-v1,call000009_5802a741,exp_20260713_frbaseline_v2_rerun-raw-v1#fullrewrite/fonteng4/rt05/forward
exp_20260713_frbaseline_v2_rerun,fonteng4,fonteng,fullrewrite,5,backward,true,,fullrewrite,success,not_applicable,,0.003094885,false,592,1217,1809,8948,none,none,exp_20260713_frbaseline_v2_rerun-raw-v1,call000010_9d31aed3,exp_20260713_frbaseline_v2_rerun-raw-v1#fullrewrite/fonteng4/rt05/backward
exp_20260713_frbaseline_v2_rerun,fonteng4,fonteng,fullrewrite,6,forward,true,,fullrewrite,success,not_applicable,,,,579,2098,2677,17961,none,none,exp_20260713_frbaseline_v2_rerun-raw-v1,call000011_ac741b18,exp_20260713_frbaseline_v2_rerun-raw-v1#fullrewrite/fonteng4/rt06/forward
exp_20260713_frbaseline_v2_rerun,fonteng4,fonteng,fullrewrite,6,backward,true,,fullrewrite,success,not_applicable,,0.003094885,false,568,1146,1714,11138,none,none,exp_20260713_frbaseline_v2_rerun-raw-v1,call000012_d4c2cb15,exp_20260713_frbaseline_v2_rerun-raw-v1#fullrewrite/fonteng4/rt06/backward
exp_20260713_frbaseline_v2_rerun,fonteng4,fonteng,fullrewrite,7,forward,true,,fullrewrite,success,unchanged,,,,571,1652,2223,15463,none,none,exp_20260713_frbaseline_v2_rerun-raw-v1,call000013_81800087,exp_20260713_frbaseline_v2_rerun-raw-v1#fullrewrite/fonteng4/rt07/forward
exp_20260713_frbaseline_v2_rerun,fonteng4,fonteng,fullrewrite,7,backward,true,,fullrewrite,success,not_applicable,,0.003094885,false,526,1082,1608,8869,none,none,exp_20260713_frbaseline_v2_rerun-raw-v1,call000014_fe722711,exp_20260713_frbaseline_v2_rerun-raw-v1#fullrewrite/fonteng4/rt07/backward
exp_20260713_frbaseline_v2_rerun,fonteng4,fonteng,fullrewrite,8,forward,true,,fullrewrite,success,unchanged,,,,590,1391,1981,11693,none,none,exp_20260713_frbaseline_v2_rerun-raw-v1,call000015_2557f797,exp_20260713_frbaseline_v2_rerun-raw-v1#fullrewrite/fonteng4/rt08/forward
exp_20260713_frbaseline_v2_rerun,fonteng4,fonteng,fullrewrite,8,backward,true,,fullrewrite,success,not_applicable,,0.003094885,false,592,739,1331,7961,none,none,exp_20260713_frbaseline_v2_rerun-raw-v1,call000016_a94a1bea,exp_20260713_frbaseline_v2_rerun-raw-v1#fullrewrite/fonteng4/rt08/backward
exp_20260713_frbaseline_v2_rerun,fonteng4,fonteng,fullrewrite,9,forward,true,,fullrewrite,success,not_applicable,,,,542,530,1072,5411,none,none,exp_20260713_frbaseline_v2_rerun-raw-v1,call000017_8ff24297,exp_20260713_frbaseline_v2_rerun-raw-v1#fullrewrite/fonteng4/rt09/forward
exp_20260713_frbaseline_v2_rerun,fonteng4,fonteng,fullrewrite,9,backward,true,,fullrewrite,success,not_applicable,,0.003094885,false,537,612,1149,5556,none,none,exp_20260713_frbaseline_v2_rerun-raw-v1,call000018_174d7bbe,exp_20260713_frbaseline_v2_rerun-raw-v1#fullrewrite/fonteng4/rt09/backward
exp_20260713_frbaseline_v2_rerun,fonteng4,fonteng,fullrewrite,10,forward,true,,fullrewrite,success,not_applicable,,,,566,800,1366,8286,none,none,exp_20260713_frbaseline_v2_rerun-raw-v1,call000019_8b972eee,exp_20260713_frbaseline_v2_rerun-raw-v1#fullrewrite/fonteng4/rt10/forward
exp_20260713_frbaseline_v2_rerun,fonteng4,fonteng,fullrewrite,10,backward,true,,fullrewrite,success,not_applicable,,0.003094885,false,605,782,1387,7584,none,none,exp_20260713_frbaseline_v2_rerun-raw-v1,call000020_f7b00075,exp_20260713_frbaseline_v2_rerun-raw-v1#fullrewrite/fonteng4/rt10/backward
exp_20260713_frbaseline_v2_rerun,foodmenu2,foodmenu,fullrewrite,1,forward,true,,fullrewrite,success,not_applicable,,,,3025,73226,76251,1415425,none,none,exp_20260713_frbaseline_v2_rerun-raw-v1,call000001_c9a9d6e4,exp_20260713_frbaseline_v2_rerun-raw-v1#fullrewrite/foodmenu2/rt01/forward
exp_20260713_frbaseline_v2_rerun,foodmenu2,foodmenu,fullrewrite,1,backward,true,,fullrewrite,success,not_applicable,,0.9898796952797408,false,3196,36619,39815,301888,none,none,exp_20260713_frbaseline_v2_rerun-raw-v1,call000002_f5c55c7c,exp_20260713_frbaseline_v2_rerun-raw-v1#fullrewrite/foodmenu2/rt01/backward
exp_20260713_frbaseline_v2_rerun,foodmenu2,foodmenu,fullrewrite,2,forward,true,,fullrewrite,degraded,not_applicable,,,,3002,18976,21978,5594741,transport,rate_limit,exp_20260713_frbaseline_v2_rerun-raw-v1,call000003_d6cfe7c8,exp_20260713_frbaseline_v2_rerun-raw-v1#fullrewrite/foodmenu2/rt02/forward
exp_20260713_frbaseline_v2_rerun,foodmenu2,foodmenu,fullrewrite,2,backward,true,,fullrewrite,success,not_applicable,,0.9809923815222842,false,6203,9871,16074,75910,none,none,exp_20260713_frbaseline_v2_rerun-raw-v1,call000004_084b8c70,exp_20260713_frbaseline_v2_rerun-raw-v1#fullrewrite/foodmenu2/rt02/backward
exp_20260713_frbaseline_v2_rerun,foodmenu2,foodmenu,fullrewrite,3,forward,true,,fullrewrite,success,not_applicable,,,,3218,31293,34511,429727,none,none,exp_20260713_frbaseline_v2_rerun-raw-v1,call000005_53244d31,exp_20260713_frbaseline_v2_rerun-raw-v1#fullrewrite/foodmenu2/rt03/forward
exp_20260713_frbaseline_v2_rerun,foodmenu2,foodmenu,fullrewrite,3,backward,true,,fullrewrite,failure,not_applicable,,0.0,true,7623,5402,13025,81458,model,empty_response,exp_20260713_frbaseline_v2_rerun-raw-v1,call000006_46077416,exp_20260713_frbaseline_v2_rerun-raw-v1#fullrewrite/foodmenu2/rt03/backward
exp_20260713_frbaseline_v2_rerun,foodmenu2,foodmenu,fullrewrite,4,forward,true,,fullrewrite,success,not_applicable,,,,331,1795,2126,30098,none,none,exp_20260713_frbaseline_v2_rerun-raw-v1,call000007_aad3d856,exp_20260713_frbaseline_v2_rerun-raw-v1#fullrewrite/foodmenu2/rt04/forward
exp_20260713_frbaseline_v2_rerun,foodmenu2,foodmenu,fullrewrite,4,backward,true,,fullrewrite,success,not_applicable,,0.00981229514798629,false,988,1095,2083,9244,none,none,exp_20260713_frbaseline_v2_rerun-raw-v1,call000008_69e1b203,exp_20260713_frbaseline_v2_rerun-raw-v1#fullrewrite/foodmenu2/rt04/backward
exp_20260713_frbaseline_v2_rerun,foodmenu2,foodmenu,fullrewrite,5,forward,true,,fullrewrite,success,not_applicable,,,,639,4566,5205,47189,none,none,exp_20260713_frbaseline_v2_rerun-raw-v1,call000009_fb067534,exp_20260713_frbaseline_v2_rerun-raw-v1#fullrewrite/foodmenu2/rt05/forward
exp_20260713_frbaseline_v2_rerun,foodmenu2,foodmenu,fullrewrite,5,backward,true,,fullrewrite,success,not_applicable,,0.09953073786996572,false,688,2749,3437,30971,none,none,exp_20260713_frbaseline_v2_rerun-raw-v1,call000010_7c919919,exp_20260713_frbaseline_v2_rerun-raw-v1#fullrewrite/foodmenu2/rt05/backward
exp_20260713_frbaseline_v2_rerun,foodmenu2,foodmenu,fullrewrite,6,forward,true,,fullrewrite,success,not_applicable,,,,543,2117,2660,18862,none,none,exp_20260713_frbaseline_v2_rerun-raw-v1,call000011_c4f6252b,exp_20260713_frbaseline_v2_rerun-raw-v1#fullrewrite/foodmenu2/rt06/forward
exp_20260713_frbaseline_v2_rerun,foodmenu2,foodmenu,fullrewrite,6,backward,true,,fullrewrite,success,not_applicable,,0.09953073786996572,false,712,2038,2750,18708,none,none,exp_20260713_frbaseline_v2_rerun-raw-v1,call000012_08b42e49,exp_20260713_frbaseline_v2_rerun-raw-v1#fullrewrite/foodmenu2/rt06/backward
exp_20260713_frbaseline_v2_rerun,foodmenu2,foodmenu,fullrewrite,7,forward,true,,fullrewrite,success,not_applicable,,,,588,2812,3400,29651,none,none,exp_20260713_frbaseline_v2_rerun-raw-v1,call000013_414d2c66,exp_20260713_frbaseline_v2_rerun-raw-v1#fullrewrite/foodmenu2/rt07/forward
exp_20260713_frbaseline_v2_rerun,foodmenu2,foodmenu,fullrewrite,7,backward,true,,fullrewrite,success,not_applicable,,0.00981229514798629,false,803,606,1409,11036,none,none,exp_20260713_frbaseline_v2_rerun-raw-v1,call000014_5f243bdc,exp_20260713_frbaseline_v2_rerun-raw-v1#fullrewrite/foodmenu2/rt07/backward
exp_20260713_frbaseline_v2_rerun,foodmenu2,foodmenu,fullrewrite,8,forward,true,,fullrewrite,failure,not_applicable,,0.0,,593,5391,5984,176398,model,empty_response,exp_20260713_frbaseline_v2_rerun-raw-v1,call000015_7a612c6e,exp_20260713_frbaseline_v2_rerun-raw-v1#fullrewrite/foodmenu2/rt08/forward
exp_20260713_frbaseline_v2_rerun,foodmenu2,foodmenu,fullrewrite,8,backward,true,,fullrewrite,failure,not_applicable,,0.0,true,287,481,768,6114,quality,content_regression,exp_20260713_frbaseline_v2_rerun-raw-v1,call000016_ac1ae742,exp_20260713_frbaseline_v2_rerun-raw-v1#fullrewrite/foodmenu2/rt08/backward
exp_20260713_frbaseline_v2_rerun,foodmenu2,foodmenu,fullrewrite,9,forward,true,,fullrewrite,degraded,unchanged,,0.0,,375,734,1109,10722,quality,content_regression,exp_20260713_frbaseline_v2_rerun-raw-v1,call000017_423fb6c2,exp_20260713_frbaseline_v2_rerun-raw-v1#fullrewrite/foodmenu2/rt09/forward
exp_20260713_frbaseline_v2_rerun,foodmenu2,foodmenu,fullrewrite,9,backward,true,,fullrewrite,failure,not_applicable,,0.0,false,295,391,686,4586,quality,content_regression,exp_20260713_frbaseline_v2_rerun-raw-v1,call000018_c0c79f56,exp_20260713_frbaseline_v2_rerun-raw-v1#fullrewrite/foodmenu2/rt09/backward
exp_20260713_frbaseline_v2_rerun,foodmenu2,foodmenu,fullrewrite,10,forward,true,,fullrewrite,success,not_applicable,,,,331,4977,5308,65410,none,none,exp_20260713_frbaseline_v2_rerun-raw-v1,call000019_729e27c2,exp_20260713_frbaseline_v2_rerun-raw-v1#fullrewrite/foodmenu2/rt10/forward
exp_20260713_frbaseline_v2_rerun,foodmenu2,foodmenu,fullrewrite,10,backward,true,,fullrewrite,success,not_applicable,,0.015447481588393533,false,955,1540,2495,16200,none,none,exp_20260713_frbaseline_v2_rerun-raw-v1,call000020_3b2cd3e6,exp_20260713_frbaseline_v2_rerun-raw-v1#fullrewrite/foodmenu2/rt10/backward
exp_20260713_frbaseline_v2_rerun,foodmenu4,foodmenu,fullrewrite,1,forward,true,,fullrewrite,success,not_applicable,,,,2990,18048,21038,185972,none,none,exp_20260713_frbaseline_v2_rerun-raw-v1,call000001_0dba5972,exp_20260713_frbaseline_v2_rerun-raw-v1#fullrewrite/foodmenu4/rt01/forward
exp_20260713_frbaseline_v2_rerun,foodmenu4,foodmenu,fullrewrite,1,backward,true,,fullrewrite,failure,not_applicable,,0.0,false,3468,25837,29305,320226,model,empty_response,exp_20260713_frbaseline_v2_rerun-raw-v1,call000002_1541ab91,exp_20260713_frbaseline_v2_rerun-raw-v1#fullrewrite/foodmenu4/rt01/backward
exp_20260713_frbaseline_v2_rerun,foodmenu4,foodmenu,fullrewrite,2,forward,true,,fullrewrite,success,not_applicable,,,,358,2159,2517,23233,none,none,exp_20260713_frbaseline_v2_rerun-raw-v1,call000003_9bb20f79,exp_20260713_frbaseline_v2_rerun-raw-v1#fullrewrite/foodmenu4/rt02/forward
exp_20260713_frbaseline_v2_rerun,foodmenu4,foodmenu,fullrewrite,2,backward,true,,fullrewrite,success,not_applicable,,0.006791783905127904,false,675,1548,2223,18408,none,none,exp_20260713_frbaseline_v2_rerun-raw-v1,call000004_75b36340,exp_20260713_frbaseline_v2_rerun-raw-v1#fullrewrite/foodmenu4/rt02/backward
exp_20260713_frbaseline_v2_rerun,foodmenu4,foodmenu,fullrewrite,3,forward,true,,fullrewrite,success,not_applicable,,,,566,5272,5838,50437,none,none,exp_20260713_frbaseline_v2_rerun-raw-v1,call000005_444d4206,exp_20260713_frbaseline_v2_rerun-raw-v1#fullrewrite/foodmenu4/rt03/forward
exp_20260713_frbaseline_v2_rerun,foodmenu4,foodmenu,fullrewrite,3,backward,true,,fullrewrite,success,not_applicable,,0.09197945976281975,false,916,931,1847,10544,none,none,exp_20260713_frbaseline_v2_rerun-raw-v1,call000006_844f5f81,exp_20260713_frbaseline_v2_rerun-raw-v1#fullrewrite/foodmenu4/rt03/backward
exp_20260713_frbaseline_v2_rerun,foodmenu4,foodmenu,fullrewrite,4,forward,true,,fullrewrite,success,not_applicable,,,,500,928,1428,12909,none,none,exp_20260713_frbaseline_v2_rerun-raw-v1,call000007_d59b7e1d,exp_20260713_frbaseline_v2_rerun-raw-v1#fullrewrite/foodmenu4/rt04/forward
exp_20260713_frbaseline_v2_rerun,foodmenu4,foodmenu,fullrewrite,4,backward,true,,fullrewrite,success,not_applicable,,0.09197945976281975,false,516,813,1329,13694,none,none,exp_20260713_frbaseline_v2_rerun-raw-v1,call000008_e30675d5,exp_20260713_frbaseline_v2_rerun-raw-v1#fullrewrite/foodmenu4/rt04/backward
exp_20260713_frbaseline_v2_rerun,foodmenu4,foodmenu,fullrewrite,5,forward,true,,fullrewrite,failure,not_applicable,,0.0,,530,6861,7391,59149,model,empty_response,exp_20260713_frbaseline_v2_rerun-raw-v1,call000009_c21d3e5e,exp_20260713_frbaseline_v2_rerun-raw-v1#fullrewrite/foodmenu4/rt05/forward
exp_20260713_frbaseline_v2_rerun,foodmenu4,foodmenu,fullrewrite,5,backward,true,,fullrewrite,success,not_applicable,,0.01292028075740737,false,299,2052,2351,22671,none,none,exp_20260713_frbaseline_v2_rerun-raw-v1,call000010_462e5537,exp_20260713_frbaseline_v2_rerun-raw-v1#fullrewrite/foodmenu4/rt05/backward
exp_20260713_frbaseline_v2_rerun,foodmenu4,foodmenu,fullrewrite,6,forward,true,,fullrewrite,success,not_applicable,,,,904,3832,4736,33580,none,none,exp_20260713_frbaseline_v2_rerun-raw-v1,call000011_ebcfc4d6,exp_20260713_frbaseline_v2_rerun-raw-v1#fullrewrite/foodmenu4/rt06/forward
exp_20260713_frbaseline_v2_rerun,foodmenu4,foodmenu,fullrewrite,6,backward,true,,fullrewrite,success,not_applicable,,0.01292028075740737,false,1459,9591,11050,73526,none,none,exp_20260713_frbaseline_v2_rerun-raw-v1,call000012_9a9ed76d,exp_20260713_frbaseline_v2_rerun-raw-v1#fullrewrite/foodmenu4/rt06/backward
exp_20260713_frbaseline_v2_rerun,foodmenu4,foodmenu,fullrewrite,7,forward,true,,fullrewrite,success,not_applicable,,,,890,16078,16968,211336,none,none,exp_20260713_frbaseline_v2_rerun-raw-v1,call000013_6b4e0a32,exp_20260713_frbaseline_v2_rerun-raw-v1#fullrewrite/foodmenu4/rt07/forward
exp_20260713_frbaseline_v2_rerun,foodmenu4,foodmenu,fullrewrite,7,backward,true,,fullrewrite,success,not_applicable,,0.01288714251591748,false,2002,17822,19824,190786,none,none,exp_20260713_frbaseline_v2_rerun-raw-v1,call000014_120c477f,exp_20260713_frbaseline_v2_rerun-raw-v1#fullrewrite/foodmenu4/rt07/backward
exp_20260713_frbaseline_v2_rerun,foodmenu4,foodmenu,fullrewrite,8,forward,true,,fullrewrite,success,not_applicable,,,,873,1603,2476,17589,none,none,exp_20260713_frbaseline_v2_rerun-raw-v1,call000015_12c8834e,exp_20260713_frbaseline_v2_rerun-raw-v1#fullrewrite/foodmenu4/rt08/forward
exp_20260713_frbaseline_v2_rerun,foodmenu4,foodmenu,fullrewrite,8,backward,true,,fullrewrite,success,not_applicable,,0.012838815913744724,false,885,978,1863,12370,none,none,exp_20260713_frbaseline_v2_rerun-raw-v1,call000016_fc130858,exp_20260713_frbaseline_v2_rerun-raw-v1#fullrewrite/foodmenu4/rt08/backward
exp_20260713_frbaseline_v2_rerun,foodmenu4,foodmenu,fullrewrite,9,forward,true,,fullrewrite,success,not_applicable,,,,881,4320,5201,39663,none,none,exp_20260713_frbaseline_v2_rerun-raw-v1,call000017_02b176e5,exp_20260713_frbaseline_v2_rerun-raw-v1#fullrewrite/foodmenu4/rt09/forward
exp_20260713_frbaseline_v2_rerun,foodmenu4,foodmenu,fullrewrite,9,backward,true,,fullrewrite,success,not_applicable,,0.017099818465100093,false,1370,10248,11618,83255,none,none,exp_20260713_frbaseline_v2_rerun-raw-v1,call000018_82e43794,exp_20260713_frbaseline_v2_rerun-raw-v1#fullrewrite/foodmenu4/rt09/backward
exp_20260713_frbaseline_v2_rerun,foodmenu4,foodmenu,fullrewrite,10,forward,true,,fullrewrite,success,not_applicable,,,,1124,39864,40988,313950,none,none,exp_20260713_frbaseline_v2_rerun-raw-v1,call000019_1c74fe55,exp_20260713_frbaseline_v2_rerun-raw-v1#fullrewrite/foodmenu4/rt10/forward
exp_20260713_frbaseline_v2_rerun,foodmenu4,foodmenu,fullrewrite,10,backward,true,,fullrewrite,success,not_applicable,,0.19274954616275022,false,2179,15766,17945,125301,none,none,exp_20260713_frbaseline_v2_rerun-raw-v1,call000020_9474f8bc,exp_20260713_frbaseline_v2_rerun-raw-v1#fullrewrite/foodmenu4/rt10/backward
exp_20260713_frbaseline_v2_rerun,foodmenu5,foodmenu,fullrewrite,1,forward,true,,fullrewrite,success,not_applicable,,,,2972,49621,52593,370794,none,none,exp_20260713_frbaseline_v2_rerun-raw-v1,call000001_abc4b85b,exp_20260713_frbaseline_v2_rerun-raw-v1#fullrewrite/foodmenu5/rt01/forward
exp_20260713_frbaseline_v2_rerun,foodmenu5,foodmenu,fullrewrite,1,backward,true,,fullrewrite,success,not_applicable,,1.0,false,5744,18650,24394,165688,none,none,exp_20260713_frbaseline_v2_rerun-raw-v1,call000002_27df5b99,exp_20260713_frbaseline_v2_rerun-raw-v1#fullrewrite/foodmenu5/rt01/backward
exp_20260713_frbaseline_v2_rerun,foodmenu5,foodmenu,fullrewrite,2,forward,true,,fullrewrite,success,not_applicable,,,,3016,30245,33261,255282,none,none,exp_20260713_frbaseline_v2_rerun-raw-v1,call000003_e4c8b520,exp_20260713_frbaseline_v2_rerun-raw-v1#fullrewrite/foodmenu5/rt02/forward
exp_20260713_frbaseline_v2_rerun,foodmenu5,foodmenu,fullrewrite,2,backward,true,,fullrewrite,degraded,not_applicable,,0.3399100529100529,true,9466,20769,30235,169828,quality,content_regression,exp_20260713_frbaseline_v2_rerun-raw-v1,call000004_849ba732,exp_20260713_frbaseline_v2_rerun-raw-v1#fullrewrite/foodmenu5/rt02/backward
exp_20260713_frbaseline_v2_rerun,foodmenu5,foodmenu,fullrewrite,3,forward,true,,fullrewrite,failure,not_applicable,,0.0,,3210,42500,45710,1272210,model,empty_response,exp_20260713_frbaseline_v2_rerun-raw-v1,call000005_769075f4,exp_20260713_frbaseline_v2_rerun-raw-v1#fullrewrite/foodmenu5/rt03/forward
exp_20260713_frbaseline_v2_rerun,foodmenu5,foodmenu,fullrewrite,3,backward,true,,fullrewrite,failure,not_applicable,,0.0,true,322,590,912,13104,quality,content_regression,exp_20260713_frbaseline_v2_rerun-raw-v1,call000006_9792dd68,exp_20260713_frbaseline_v2_rerun-raw-v1#fullrewrite/foodmenu5/rt03/backward
exp_20260713_frbaseline_v2_rerun,foodmenu5,foodmenu,fullrewrite,4,forward,true,,fullrewrite,success,not_applicable,,,,300,953,1253,16258,none,none,exp_20260713_frbaseline_v2_rerun-raw-v1,call000007_da035eab,exp_20260713_frbaseline_v2_rerun-raw-v1#fullrewrite/foodmenu5/rt04/forward
exp_20260713_frbaseline_v2_rerun,foodmenu5,foodmenu,fullrewrite,4,backward,true,,fullrewrite,success,not_applicable,,0.0,false,826,1603,2429,11251,none,none,exp_20260713_frbaseline_v2_rerun-raw-v1,call000008_1373179e,exp_20260713_frbaseline_v2_rerun-raw-v1#fullrewrite/foodmenu5/rt04/backward
exp_20260713_frbaseline_v2_rerun,foodmenu5,foodmenu,fullrewrite,5,forward,true,,fullrewrite,success,unchanged,,,,807,1079,1886,10107,none,none,exp_20260713_frbaseline_v2_rerun-raw-v1,call000009_e53a1aa4,exp_20260713_frbaseline_v2_rerun-raw-v1#fullrewrite/foodmenu5/rt05/forward
exp_20260713_frbaseline_v2_rerun,foodmenu5,foodmenu,fullrewrite,5,backward,true,,fullrewrite,success,not_applicable,,0.0,false,747,933,1680,8349,none,none,exp_20260713_frbaseline_v2_rerun-raw-v1,call000010_01099376,exp_20260713_frbaseline_v2_rerun-raw-v1#fullrewrite/foodmenu5/rt05/backward
exp_20260713_frbaseline_v2_rerun,foodmenu5,foodmenu,fullrewrite,6,forward,true,,fullrewrite,success,not_applicable,,,,745,3647,4392,32443,none,none,exp_20260713_frbaseline_v2_rerun-raw-v1,call000011_390690be,exp_20260713_frbaseline_v2_rerun-raw-v1#fullrewrite/foodmenu5/rt06/forward
exp_20260713_frbaseline_v2_rerun,foodmenu5,foodmenu,fullrewrite,6,backward,true,,fullrewrite,success,not_applicable,,0.0,false,1945,821,2766,12865,none,none,exp_20260713_frbaseline_v2_rerun-raw-v1,call000012_c29606dc,exp_20260713_frbaseline_v2_rerun-raw-v1#fullrewrite/foodmenu5/rt06/backward
exp_20260713_frbaseline_v2_rerun,foodmenu5,foodmenu,fullrewrite,7,forward,true,,fullrewrite,success,not_applicable,,,,877,9829,10706,138493,none,none,exp_20260713_frbaseline_v2_rerun-raw-v1,call000013_b6b17ae5,exp_20260713_frbaseline_v2_rerun-raw-v1#fullrewrite/foodmenu5/rt07/forward
exp_20260713_frbaseline_v2_rerun,foodmenu5,foodmenu,fullrewrite,7,backward,true,,fullrewrite,success,not_applicable,,0.0,false,1601,2486,4087,21917,none,none,exp_20260713_frbaseline_v2_rerun-raw-v1,call000014_4578fe50,exp_20260713_frbaseline_v2_rerun-raw-v1#fullrewrite/foodmenu5/rt07/backward
exp_20260713_frbaseline_v2_rerun,foodmenu5,foodmenu,fullrewrite,8,forward,true,,fullrewrite,success,not_applicable,,,,862,4470,5332,38010,none,none,exp_20260713_frbaseline_v2_rerun-raw-v1,call000015_12962517,exp_20260713_frbaseline_v2_rerun-raw-v1#fullrewrite/foodmenu5/rt08/forward
exp_20260713_frbaseline_v2_rerun,foodmenu5,foodmenu,fullrewrite,8,backward,true,,fullrewrite,success,not_applicable,,0.0,false,903,1749,2652,12173,none,none,exp_20260713_frbaseline_v2_rerun-raw-v1,call000016_9fb145bc,exp_20260713_frbaseline_v2_rerun-raw-v1#fullrewrite/foodmenu5/rt08/backward
exp_20260713_frbaseline_v2_rerun,foodmenu5,foodmenu,fullrewrite,9,forward,true,,fullrewrite,success,not_applicable,,,,906,6970,7876,54344,none,none,exp_20260713_frbaseline_v2_rerun-raw-v1,call000017_3cab4858,exp_20260713_frbaseline_v2_rerun-raw-v1#fullrewrite/foodmenu5/rt09/forward
exp_20260713_frbaseline_v2_rerun,foodmenu5,foodmenu,fullrewrite,9,backward,true,,fullrewrite,success,not_applicable,,0.012144049967531916,false,1711,2566,4277,17502,none,none,exp_20260713_frbaseline_v2_rerun-raw-v1,call000018_69f9a696,exp_20260713_frbaseline_v2_rerun-raw-v1#fullrewrite/foodmenu5/rt09/backward
exp_20260713_frbaseline_v2_rerun,foodmenu5,foodmenu,fullrewrite,10,forward,true,,fullrewrite,success,not_applicable,,,,1262,26610,27872,232021,none,none,exp_20260713_frbaseline_v2_rerun-raw-v1,call000019_ff9bbf0c,exp_20260713_frbaseline_v2_rerun-raw-v1#fullrewrite/foodmenu5/rt10/forward
exp_20260713_frbaseline_v2_rerun,foodmenu5,foodmenu,fullrewrite,10,backward,true,,fullrewrite,success,not_applicable,,0.10536012491882979,false,3325,3762,7087,28469,none,none,exp_20260713_frbaseline_v2_rerun-raw-v1,call000020_b39aa5be,exp_20260713_frbaseline_v2_rerun-raw-v1#fullrewrite/foodmenu5/rt10/backward
exp_20260713_frbaseline_v2_rerun,foodmenu6,foodmenu,fullrewrite,1,forward,true,,fullrewrite,success,not_applicable,,,,3422,4594,8016,43868,none,none,exp_20260713_frbaseline_v2_rerun-raw-v1,call000001_6b849bfe,exp_20260713_frbaseline_v2_rerun-raw-v1#fullrewrite/foodmenu6/rt01/forward
exp_20260713_frbaseline_v2_rerun,foodmenu6,foodmenu,fullrewrite,1,backward,true,,fullrewrite,success,not_applicable,,1.0,false,3511,3639,7150,26706,none,none,exp_20260713_frbaseline_v2_rerun-raw-v1,call000002_23b34c5b,exp_20260713_frbaseline_v2_rerun-raw-v1#fullrewrite/foodmenu6/rt01/backward
exp_20260713_frbaseline_v2_rerun,foodmenu6,foodmenu,fullrewrite,2,forward,true,,fullrewrite,success,not_applicable,,,,3509,24303,27812,869037,none,none,exp_20260713_frbaseline_v2_rerun-raw-v1,call000003_3eb4ee02,exp_20260713_frbaseline_v2_rerun-raw-v1#fullrewrite/foodmenu6/rt02/forward
exp_20260713_frbaseline_v2_rerun,foodmenu6,foodmenu,fullrewrite,2,backward,true,,fullrewrite,success,not_applicable,,1.0,false,9426,32296,41722,252286,none,none,exp_20260713_frbaseline_v2_rerun-raw-v1,call000004_611d8e33,exp_20260713_frbaseline_v2_rerun-raw-v1#fullrewrite/foodmenu6/rt02/backward
exp_20260713_frbaseline_v2_rerun,foodmenu6,foodmenu,fullrewrite,3,forward,true,,fullrewrite,success,not_applicable,,,,3687,90797,94484,742047,none,none,exp_20260713_frbaseline_v2_rerun-raw-v1,call000005_b4f55f94,exp_20260713_frbaseline_v2_rerun-raw-v1#fullrewrite/foodmenu6/rt03/forward
exp_20260713_frbaseline_v2_rerun,foodmenu6,foodmenu,fullrewrite,3,backward,true,,fullrewrite,success,not_applicable,,1.0,false,4472,6823,11295,49423,none,none,exp_20260713_frbaseline_v2_rerun-raw-v1,call000006_dd17e10a,exp_20260713_frbaseline_v2_rerun-raw-v1#fullrewrite/foodmenu6/rt03/backward
exp_20260713_frbaseline_v2_rerun,foodmenu6,foodmenu,fullrewrite,4,forward,true,,fullrewrite,success,not_applicable,,,,3675,25558,29233,1224819,none,none,exp_20260713_frbaseline_v2_rerun-raw-v1,call000007_b034f513,exp_20260713_frbaseline_v2_rerun-raw-v1#fullrewrite/foodmenu6/rt04/forward
exp_20260713_frbaseline_v2_rerun,foodmenu6,foodmenu,fullrewrite,4,backward,true,,fullrewrite,success,not_applicable,,1.0,false,7197,13181,20378,88640,none,none,exp_20260713_frbaseline_v2_rerun-raw-v1,call000008_4eafaec9,exp_20260713_frbaseline_v2_rerun-raw-v1#fullrewrite/foodmenu6/rt04/backward
exp_20260713_frbaseline_v2_rerun,foodmenu6,foodmenu,fullrewrite,5,forward,true,,fullrewrite,success,not_applicable,,,,3747,40354,44101,252626,none,none,exp_20260713_frbaseline_v2_rerun-raw-v1,call000009_b21bcb62,exp_20260713_frbaseline_v2_rerun-raw-v1#fullrewrite/foodmenu6/rt05/forward
exp_20260713_frbaseline_v2_rerun,foodmenu6,foodmenu,fullrewrite,5,backward,true,,fullrewrite,success,not_applicable,,1.0,false,5450,53877,59327,457411,none,none,exp_20260713_frbaseline_v2_rerun-raw-v1,call000010_73d749c2,exp_20260713_frbaseline_v2_rerun-raw-v1#fullrewrite/foodmenu6/rt05/backward
exp_20260713_frbaseline_v2_rerun,foodmenu6,foodmenu,fullrewrite,6,forward,true,,fullrewrite,success,not_applicable,,,,3465,46469,49934,443210,none,none,exp_20260713_frbaseline_v2_rerun-raw-v1,call000011_f3621533,exp_20260713_frbaseline_v2_rerun-raw-v1#fullrewrite/foodmenu6/rt06/forward
exp_20260713_frbaseline_v2_rerun,foodmenu6,foodmenu,fullrewrite,6,backward,true,,fullrewrite,success,not_applicable,,1.0,false,8069,3358,11427,22231,none,none,exp_20260713_frbaseline_v2_rerun-raw-v1,call000012_662761a8,exp_20260713_frbaseline_v2_rerun-raw-v1#fullrewrite/foodmenu6/rt06/backward
exp_20260713_frbaseline_v2_rerun,foodmenu6,foodmenu,fullrewrite,7,forward,true,,fullrewrite,success,not_applicable,,,,3460,7367,10827,62017,none,none,exp_20260713_frbaseline_v2_rerun-raw-v1,call000013_fdb8f475,exp_20260713_frbaseline_v2_rerun-raw-v1#fullrewrite/foodmenu6/rt07/forward
exp_20260713_frbaseline_v2_rerun,foodmenu6,foodmenu,fullrewrite,7,backward,true,,fullrewrite,success,not_applicable,,1.0,false,3772,5828,9600,40573,none,none,exp_20260713_frbaseline_v2_rerun-raw-v1,call000014_c6c5d38c,exp_20260713_frbaseline_v2_rerun-raw-v1#fullrewrite/foodmenu6/rt07/backward
exp_20260713_frbaseline_v2_rerun,foodmenu6,foodmenu,fullrewrite,8,forward,true,,fullrewrite,success,not_applicable,,,,3455,16229,19684,137347,none,none,exp_20260713_frbaseline_v2_rerun-raw-v1,call000015_50a3082a,exp_20260713_frbaseline_v2_rerun-raw-v1#fullrewrite/foodmenu6/rt08/forward
exp_20260713_frbaseline_v2_rerun,foodmenu6,foodmenu,fullrewrite,8,backward,true,,fullrewrite,degraded,not_applicable,,0.8574125,true,3474,50480,53954,591514,quality,content_regression,exp_20260713_frbaseline_v2_rerun-raw-v1,call000016_6346db76,exp_20260713_frbaseline_v2_rerun-raw-v1#fullrewrite/foodmenu6/rt08/backward
exp_20260713_frbaseline_v2_rerun,foodmenu6,foodmenu,fullrewrite,9,forward,true,,fullrewrite,success,not_applicable,,,,3267,22291,25558,160108,none,none,exp_20260713_frbaseline_v2_rerun-raw-v1,call000017_16f484a2,exp_20260713_frbaseline_v2_rerun-raw-v1#fullrewrite/foodmenu6/rt09/forward
exp_20260713_frbaseline_v2_rerun,foodmenu6,foodmenu,fullrewrite,9,backward,true,,fullrewrite,success,not_applicable,,0.8574125,false,3904,15490,19394,114447,none,none,exp_20260713_frbaseline_v2_rerun-raw-v1,call000018_6764c55c,exp_20260713_frbaseline_v2_rerun-raw-v1#fullrewrite/foodmenu6/rt09/backward
exp_20260713_frbaseline_v2_rerun,foodmenu6,foodmenu,fullrewrite,10,forward,true,,fullrewrite,success,not_applicable,,,,3272,54618,57890,409858,none,none,exp_20260713_frbaseline_v2_rerun-raw-v1,call000019_ebf6b07b,exp_20260713_frbaseline_v2_rerun-raw-v1#fullrewrite/foodmenu6/rt10/forward
exp_20260713_frbaseline_v2_rerun,foodmenu6,foodmenu,fullrewrite,10,backward,true,,fullrewrite,success,not_applicable,,0.8574125,false,4193,9144,13337,145283,none,none,exp_20260713_frbaseline_v2_rerun-raw-v1,call000020_f11b1660,exp_20260713_frbaseline_v2_rerun-raw-v1#fullrewrite/foodmenu6/rt10/backward
exp_20260713_frbaseline_v2_rerun,geodata1,geodata,fullrewrite,1,forward,true,,fullrewrite,success,not_applicable,,,,4859,73646,78505,505093,none,none,exp_20260713_frbaseline_v2_rerun-raw-v1,call000001_8e7c6018,exp_20260713_frbaseline_v2_rerun-raw-v1#fullrewrite/geodata1/rt01/forward
exp_20260713_frbaseline_v2_rerun,geodata1,geodata,fullrewrite,1,backward,true,,fullrewrite,success,not_applicable,,1.0,false,5974,7906,13880,48118,none,none,exp_20260713_frbaseline_v2_rerun-raw-v1,call000002_c979b1ce,exp_20260713_frbaseline_v2_rerun-raw-v1#fullrewrite/geodata1/rt01/backward
exp_20260713_frbaseline_v2_rerun,geodata1,geodata,fullrewrite,2,forward,true,,fullrewrite,success,not_applicable,,,,4720,9012,13732,79427,none,none,exp_20260713_frbaseline_v2_rerun-raw-v1,call000003_19c0f802,exp_20260713_frbaseline_v2_rerun-raw-v1#fullrewrite/geodata1/rt02/forward
exp_20260713_frbaseline_v2_rerun,geodata1,geodata,fullrewrite,2,backward,true,,fullrewrite,failure,not_applicable,,0.0,true,5055,3341,8396,20654,model,text_truncated,exp_20260713_frbaseline_v2_rerun-raw-v1,call000004_e75d961d,exp_20260713_frbaseline_v2_rerun-raw-v1#fullrewrite/geodata1/rt02/backward
exp_20260713_frbaseline_v2_rerun,geodata1,geodata,fullrewrite,3,forward,true,,fullrewrite,success,not_applicable,,,,365,792,1157,9903,none,none,exp_20260713_frbaseline_v2_rerun-raw-v1,call000005_fa7b3b57,exp_20260713_frbaseline_v2_rerun-raw-v1#fullrewrite/geodata1/rt03/forward
exp_20260713_frbaseline_v2_rerun,geodata1,geodata,fullrewrite,3,backward,true,,fullrewrite,failure,not_applicable,,0.0,false,475,521,996,4531,quality,content_regression,exp_20260713_frbaseline_v2_rerun-raw-v1,call000006_9c508d6e,exp_20260713_frbaseline_v2_rerun-raw-v1#fullrewrite/geodata1/rt03/backward
exp_20260713_frbaseline_v2_rerun,geodata1,geodata,fullrewrite,4,forward,true,,fullrewrite,failure,not_applicable,,0.0,,351,536,887,5133,quality,content_regression,exp_20260713_frbaseline_v2_rerun-raw-v1,call000007_ed41b35b,exp_20260713_frbaseline_v2_rerun-raw-v1#fullrewrite/geodata1/rt04/forward
exp_20260713_frbaseline_v2_rerun,geodata1,geodata,fullrewrite,4,backward,true,,fullrewrite,failure,not_applicable,,0.0,false,339,482,821,9206,quality,content_regression,exp_20260713_frbaseline_v2_rerun-raw-v1,call000008_9818e895,exp_20260713_frbaseline_v2_rerun-raw-v1#fullrewrite/geodata1/rt04/backward
exp_20260713_frbaseline_v2_rerun,geodata1,geodata,fullrewrite,5,forward,true,,fullrewrite,degraded,unchanged,,0.0,,358,356,714,4903,quality,content_regression,exp_20260713_frbaseline_v2_rerun-raw-v1,call000009_d01ff8f8,exp_20260713_frbaseline_v2_rerun-raw-v1#fullrewrite/geodata1/rt05/forward
exp_20260713_frbaseline_v2_rerun,geodata1,geodata,fullrewrite,5,backward,true,,fullrewrite,success,not_applicable,,0.0,false,297,235,532,3568,none,none,exp_20260713_frbaseline_v2_rerun-raw-v1,call000010_10914b1b,exp_20260713_frbaseline_v2_rerun-raw-v1#fullrewrite/geodata1/rt05/backward
exp_20260713_frbaseline_v2_rerun,geodata1,geodata,fullrewrite,6,forward,true,,fullrewrite,success,not_applicable,,,,430,99158,99588,802600,none,none,exp_20260713_frbaseline_v2_rerun-raw-v1,call000011_7848970f,exp_20260713_frbaseline_v2_rerun-raw-v1#fullrewrite/geodata1/rt06/forward
exp_20260713_frbaseline_v2_rerun,geodata1,geodata,fullrewrite,6,backward,true,,fullrewrite,failure,not_applicable,,0.0,false,3378,971,4349,5755,model,text_truncated,exp_20260713_frbaseline_v2_rerun-raw-v1,call000012_a24d20af,exp_20260713_frbaseline_v2_rerun-raw-v1#fullrewrite/geodata1/rt06/backward
exp_20260713_frbaseline_v2_rerun,geodata1,geodata,fullrewrite,7,forward,true,,fullrewrite,degraded,unchanged,,0.0,,363,319,682,3962,quality,content_regression,exp_20260713_frbaseline_v2_rerun-raw-v1,call000013_92323b6b,exp_20260713_frbaseline_v2_rerun-raw-v1#fullrewrite/geodata1/rt07/forward
exp_20260713_frbaseline_v2_rerun,geodata1,geodata,fullrewrite,7,backward,true,,fullrewrite,failure,not_applicable,,0.0,false,307,557,864,6852,quality,content_regression,exp_20260713_frbaseline_v2_rerun-raw-v1,call000014_414a2945,exp_20260713_frbaseline_v2_rerun-raw-v1#fullrewrite/geodata1/rt07/backward
exp_20260713_frbaseline_v2_rerun,geodata1,geodata,fullrewrite,8,forward,true,,fullrewrite,degraded,unchanged,,0.0,,358,496,854,6727,quality,content_regression,exp_20260713_frbaseline_v2_rerun-raw-v1,call000015_c19b3ec3,exp_20260713_frbaseline_v2_rerun-raw-v1#fullrewrite/geodata1/rt08/forward
exp_20260713_frbaseline_v2_rerun,geodata1,geodata,fullrewrite,8,backward,true,,fullrewrite,success,not_applicable,,0.0,false,297,360,657,4496,none,none,exp_20260713_frbaseline_v2_rerun-raw-v1,call000016_aca4fd5a,exp_20260713_frbaseline_v2_rerun-raw-v1#fullrewrite/geodata1/rt08/backward
exp_20260713_frbaseline_v2_rerun,geodata1,geodata,fullrewrite,9,forward,true,,fullrewrite,success,not_applicable,,,,381,1446,1827,12357,none,none,exp_20260713_frbaseline_v2_rerun-raw-v1,call000017_889fef3a,exp_20260713_frbaseline_v2_rerun-raw-v1#fullrewrite/geodata1/rt09/forward
exp_20260713_frbaseline_v2_rerun,geodata1,geodata,fullrewrite,9,backward,true,,fullrewrite,failure,not_applicable,,0.0,false,1266,802,2068,5490,model,text_truncated,exp_20260713_frbaseline_v2_rerun-raw-v1,call000018_85bc185e,exp_20260713_frbaseline_v2_rerun-raw-v1#fullrewrite/geodata1/rt09/backward
exp_20260713_frbaseline_v2_rerun,geodata1,geodata,fullrewrite,10,forward,true,,fullrewrite,success,not_applicable,,,,351,910,1261,7435,none,none,exp_20260713_frbaseline_v2_rerun-raw-v1,call000019_bbc942e9,exp_20260713_frbaseline_v2_rerun-raw-v1#fullrewrite/geodata1/rt10/forward
exp_20260713_frbaseline_v2_rerun,geodata1,geodata,fullrewrite,10,backward,true,,fullrewrite,success,not_applicable,,0.0,false,774,782,1556,5681,none,none,exp_20260713_frbaseline_v2_rerun-raw-v1,call000020_088a05ec,exp_20260713_frbaseline_v2_rerun-raw-v1#fullrewrite/geodata1/rt10/backward
exp_20260713_frbaseline_v2_rerun,geodata4,geodata,fullrewrite,1,forward,true,,fullrewrite,failure,not_applicable,,0.0,,3830,666,4496,5025,model,empty_response,exp_20260713_frbaseline_v2_rerun-raw-v1,call000001_57ba23c6,exp_20260713_frbaseline_v2_rerun-raw-v1#fullrewrite/geodata4/rt01/forward
exp_20260713_frbaseline_v2_rerun,geodata4,geodata,fullrewrite,1,backward,true,,fullrewrite,success,not_applicable,,0.0,false,322,1098,1420,11795,none,none,exp_20260713_frbaseline_v2_rerun-raw-v1,call000002_6544cd06,exp_20260713_frbaseline_v2_rerun-raw-v1#fullrewrite/geodata4/rt01/backward
exp_20260713_frbaseline_v2_rerun,geodata4,geodata,fullrewrite,2,forward,true,,fullrewrite,failure,not_applicable,,0.0,,494,1020,1514,4213384,transport,rate_limit,exp_20260713_frbaseline_v2_rerun-raw-v1,call000003_f75702c3,exp_20260713_frbaseline_v2_rerun-raw-v1#fullrewrite/geodata4/rt02/forward
exp_20260713_frbaseline_v2_rerun,geodata4,geodata,fullrewrite,2,backward,true,,fullrewrite,success,not_applicable,,0.0,false,378,941,1319,11622,none,none,exp_20260713_frbaseline_v2_rerun-raw-v1,call000004_cde19a86,exp_20260713_frbaseline_v2_rerun-raw-v1#fullrewrite/geodata4/rt02/backward
exp_20260713_frbaseline_v2_rerun,geodata4,geodata,fullrewrite,3,forward,true,,fullrewrite,success,not_applicable,,,,504,973,1477,12184,none,none,exp_20260713_frbaseline_v2_rerun-raw-v1,call000005_221c16c7,exp_20260713_frbaseline_v2_rerun-raw-v1#fullrewrite/geodata4/rt03/forward
exp_20260713_frbaseline_v2_rerun,geodata4,geodata,fullrewrite,3,backward,true,,fullrewrite,degraded,not_applicable,,0.0,false,308,131,439,5769,model,near_empty_response,exp_20260713_frbaseline_v2_rerun-raw-v1,call000006_92d70c21,exp_20260713_frbaseline_v2_rerun-raw-v1#fullrewrite/geodata4/rt03/backward
exp_20260713_frbaseline_v2_rerun,geodata4,geodata,fullrewrite,4,forward,true,,fullrewrite,degraded,not_applicable,,,,449,274,723,4057,model,near_empty_response,exp_20260713_frbaseline_v2_rerun-raw-v1,call000007_52da3bf0,exp_20260713_frbaseline_v2_rerun-raw-v1#fullrewrite/geodata4/rt04/forward
exp_20260713_frbaseline_v2_rerun,geodata4,geodata,fullrewrite,4,backward,true,,fullrewrite,degraded,not_applicable,,0.0,false,338,231,569,2782,model,near_empty_response,exp_20260713_frbaseline_v2_rerun-raw-v1,call000008_780e2a1f,exp_20260713_frbaseline_v2_rerun-raw-v1#fullrewrite/geodata4/rt04/backward
exp_20260713_frbaseline_v2_rerun,geodata4,geodata,fullrewrite,5,forward,true,,fullrewrite,degraded,unchanged,,,,346,218,564,2932,model,near_empty_response,exp_20260713_frbaseline_v2_rerun-raw-v1,call000009_426cdb9a,exp_20260713_frbaseline_v2_rerun-raw-v1#fullrewrite/geodata4/rt05/forward
exp_20260713_frbaseline_v2_rerun,geodata4,geodata,fullrewrite,5,backward,true,,fullrewrite,degraded,not_applicable,,0.0,false,319,179,498,2198,model,near_empty_response,exp_20260713_frbaseline_v2_rerun-raw-v1,call000010_18fd4c08,exp_20260713_frbaseline_v2_rerun-raw-v1#fullrewrite/geodata4/rt05/backward
exp_20260713_frbaseline_v2_rerun,geodata4,geodata,fullrewrite,6,forward,true,,fullrewrite,degraded,unchanged,,,,409,340,749,3422,model,near_empty_response,exp_20260713_frbaseline_v2_rerun-raw-v1,call000011_7c640702,exp_20260713_frbaseline_v2_rerun-raw-v1#fullrewrite/geodata4/rt06/forward
exp_20260713_frbaseline_v2_rerun,geodata4,geodata,fullrewrite,6,backward,true,,fullrewrite,degraded,not_applicable,,0.0,false,327,171,498,2102,model,near_empty_response,exp_20260713_frbaseline_v2_rerun-raw-v1,call000012_1c88525b,exp_20260713_frbaseline_v2_rerun-raw-v1#fullrewrite/geodata4/rt06/backward
exp_20260713_frbaseline_v2_rerun,geodata4,geodata,fullrewrite,7,forward,true,,fullrewrite,success,not_applicable,,,,374,1184,1558,9790,none,none,exp_20260713_frbaseline_v2_rerun-raw-v1,call000013_c26348a8,exp_20260713_frbaseline_v2_rerun-raw-v1#fullrewrite/geodata4/rt07/forward
exp_20260713_frbaseline_v2_rerun,geodata4,geodata,fullrewrite,7,backward,true,,fullrewrite,degraded,not_applicable,,0.0,false,949,320,1269,3670,model,near_empty_response,exp_20260713_frbaseline_v2_rerun-raw-v1,call000014_0ccc990f,exp_20260713_frbaseline_v2_rerun-raw-v1#fullrewrite/geodata4/rt07/backward
exp_20260713_frbaseline_v2_rerun,geodata4,geodata,fullrewrite,8,forward,true,,fullrewrite,degraded,unchanged,,,,346,217,563,3201,model,near_empty_response,exp_20260713_frbaseline_v2_rerun-raw-v1,call000015_cee1dd45,exp_20260713_frbaseline_v2_rerun-raw-v1#fullrewrite/geodata4/rt08/forward
exp_20260713_frbaseline_v2_rerun,geodata4,geodata,fullrewrite,8,backward,true,,fullrewrite,degraded,not_applicable,,0.0,false,319,155,474,1883,model,near_empty_response,exp_20260713_frbaseline_v2_rerun-raw-v1,call000016_78e94cee,exp_20260713_frbaseline_v2_rerun-raw-v1#fullrewrite/geodata4/rt08/backward
exp_20260713_frbaseline_v2_rerun,geodata4,geodata,fullrewrite,9,forward,true,,fullrewrite,degraded,unchanged,,,,359,313,672,3721,model,near_empty_response,exp_20260713_frbaseline_v2_rerun-raw-v1,call000017_a21d165c,exp_20260713_frbaseline_v2_rerun-raw-v1#fullrewrite/geodata4/rt09/forward
exp_20260713_frbaseline_v2_rerun,geodata4,geodata,fullrewrite,9,backward,true,,fullrewrite,degraded,not_applicable,,0.0,false,308,112,420,1582,model,near_empty_response,exp_20260713_frbaseline_v2_rerun-raw-v1,call000018_4c11a17b,exp_20260713_frbaseline_v2_rerun-raw-v1#fullrewrite/geodata4/rt09/backward
exp_20260713_frbaseline_v2_rerun,geodata4,geodata,fullrewrite,10,forward,true,,fullrewrite,success,not_applicable,,,,449,401,850,6040,none,none,exp_20260713_frbaseline_v2_rerun-raw-v1,call000019_328949ab,exp_20260713_frbaseline_v2_rerun-raw-v1#fullrewrite/geodata4/rt10/forward
exp_20260713_frbaseline_v2_rerun,geodata4,geodata,fullrewrite,10,backward,true,,fullrewrite,degraded,not_applicable,,0.0,false,338,491,829,5609,model,near_empty_response,exp_20260713_frbaseline_v2_rerun-raw-v1,call000020_4b922067,exp_20260713_frbaseline_v2_rerun-raw-v1#fullrewrite/geodata4/rt10/backward
exp_20260713_frbaseline_v2_rerun,geotrack5,geotrack,fullrewrite,1,forward,true,,fullrewrite,success,not_applicable,,,,4230,6584,10814,39535,none,none,exp_20260713_frbaseline_v2_rerun-raw-v1,call000001_2351c28f,exp_20260713_frbaseline_v2_rerun-raw-v1#fullrewrite/geotrack5/rt01/forward
exp_20260713_frbaseline_v2_rerun,geotrack5,geotrack,fullrewrite,1,backward,true,,fullrewrite,failure,not_applicable,,0.0,false,2209,4331,6540,33104,model,text_truncated,exp_20260713_frbaseline_v2_rerun-raw-v1,call000002_fc2b2fd9,exp_20260713_frbaseline_v2_rerun-raw-v1#fullrewrite/geotrack5/rt01/backward
exp_20260713_frbaseline_v2_rerun,geotrack5,geotrack,fullrewrite,2,forward,true,,fullrewrite,success,not_applicable,,,,322,3460,3782,26243,none,none,exp_20260713_frbaseline_v2_rerun-raw-v1,call000003_3f6c1eeb,exp_20260713_frbaseline_v2_rerun-raw-v1#fullrewrite/geotrack5/rt02/forward
exp_20260713_frbaseline_v2_rerun,geotrack5,geotrack,fullrewrite,2,backward,true,,fullrewrite,success,not_applicable,,0.325,false,3115,4832,7947,31927,none,none,exp_20260713_frbaseline_v2_rerun-raw-v1,call000004_766cc94c,exp_20260713_frbaseline_v2_rerun-raw-v1#fullrewrite/geotrack5/rt02/backward
exp_20260713_frbaseline_v2_rerun,geotrack5,geotrack,fullrewrite,3,forward,true,,fullrewrite,success,not_applicable,,,,3089,8288,11377,49249,none,none,exp_20260713_frbaseline_v2_rerun-raw-v1,call000005_ff51cd62,exp_20260713_frbaseline_v2_rerun-raw-v1#fullrewrite/geotrack5/rt03/forward
exp_20260713_frbaseline_v2_rerun,geotrack5,geotrack,fullrewrite,3,backward,true,,fullrewrite,success,not_applicable,,0.325,false,3769,2925,6694,19728,none,none,exp_20260713_frbaseline_v2_rerun-raw-v1,call000006_2a7a2d0d,exp_20260713_frbaseline_v2_rerun-raw-v1#fullrewrite/geotrack5/rt03/backward
exp_20260713_frbaseline_v2_rerun,geotrack5,geotrack,fullrewrite,4,forward,true,,fullrewrite,success,not_applicable,,,,3137,89959,93096,549959,none,none,exp_20260713_frbaseline_v2_rerun-raw-v1,call000007_6e5ea0d6,exp_20260713_frbaseline_v2_rerun-raw-v1#fullrewrite/geotrack5/rt04/forward
exp_20260713_frbaseline_v2_rerun,geotrack5,geotrack,fullrewrite,4,backward,true,,fullrewrite,failure,not_applicable,,0.0,true,6440,1353,7793,10904,model,text_truncated,exp_20260713_frbaseline_v2_rerun-raw-v1,call000008_904d2f31,exp_20260713_frbaseline_v2_rerun-raw-v1#fullrewrite/geotrack5/rt04/backward
exp_20260713_frbaseline_v2_rerun,geotrack5,geotrack,fullrewrite,5,forward,true,,fullrewrite,degraded,unchanged,,0.0,,313,683,996,7658,quality,content_regression,exp_20260713_frbaseline_v2_rerun-raw-v1,call000009_38fd0718,exp_20260713_frbaseline_v2_rerun-raw-v1#fullrewrite/geotrack5/rt05/forward
exp_20260713_frbaseline_v2_rerun,geotrack5,geotrack,fullrewrite,5,backward,true,,fullrewrite,failure,not_applicable,,0.0,false,291,437,728,5451,quality,content_regression,exp_20260713_frbaseline_v2_rerun-raw-v1,call000010_85ff95bf,exp_20260713_frbaseline_v2_rerun-raw-v1#fullrewrite/geotrack5/rt05/backward
exp_20260713_frbaseline_v2_rerun,geotrack5,geotrack,fullrewrite,6,forward,true,,fullrewrite,degraded,unchanged,,0.0,,331,5155,5486,34443,model,empty_response,exp_20260713_frbaseline_v2_rerun-raw-v1,call000011_43636e64,exp_20260713_frbaseline_v2_rerun-raw-v1#fullrewrite/geotrack5/rt06/forward
exp_20260713_frbaseline_v2_rerun,geotrack5,geotrack,fullrewrite,6,backward,true,,fullrewrite,failure,not_applicable,,0.0,false,296,397,693,3819,quality,content_regression,exp_20260713_frbaseline_v2_rerun-raw-v1,call000012_789c7437,exp_20260713_frbaseline_v2_rerun-raw-v1#fullrewrite/geotrack5/rt06/backward
exp_20260713_frbaseline_v2_rerun,geotrack5,geotrack,fullrewrite,7,forward,true,,fullrewrite,degraded,unchanged,,0.0,,363,419,782,6323,quality,content_regression,exp_20260713_frbaseline_v2_rerun-raw-v1,call000013_3e84a66b,exp_20260713_frbaseline_v2_rerun-raw-v1#fullrewrite/geotrack5/rt07/forward
exp_20260713_frbaseline_v2_rerun,geotrack5,geotrack,fullrewrite,7,backward,true,,fullrewrite,failure,not_applicable,,0.0,false,359,435,794,5777,quality,content_regression,exp_20260713_frbaseline_v2_rerun-raw-v1,call000014_463c7ab2,exp_20260713_frbaseline_v2_rerun-raw-v1#fullrewrite/geotrack5/rt07/backward
exp_20260713_frbaseline_v2_rerun,geotrack5,geotrack,fullrewrite,8,forward,true,,fullrewrite,success,not_applicable,,,,313,1898,2211,13415,none,none,exp_20260713_frbaseline_v2_rerun-raw-v1,call000015_e93caa60,exp_20260713_frbaseline_v2_rerun-raw-v1#fullrewrite/geotrack5/rt08/forward
exp_20260713_frbaseline_v2_rerun,geotrack5,geotrack,fullrewrite,8,backward,true,,fullrewrite,success,not_applicable,,0.073,false,1612,2480,4092,18057,none,none,exp_20260713_frbaseline_v2_rerun-raw-v1,call000016_c01ac59d,exp_20260713_frbaseline_v2_rerun-raw-v1#fullrewrite/geotrack5/rt08/backward
exp_20260713_frbaseline_v2_rerun,geotrack5,geotrack,fullrewrite,9,forward,true,,fullrewrite,success,not_applicable,,,,1635,2466,4101,16690,none,none,exp_20260713_frbaseline_v2_rerun-raw-v1,call000017_c6b9cbe5,exp_20260713_frbaseline_v2_rerun-raw-v1#fullrewrite/geotrack5/rt09/forward
exp_20260713_frbaseline_v2_rerun,geotrack5,geotrack,fullrewrite,9,backward,true,,fullrewrite,failure,not_applicable,,0.0,true,1835,967,2802,6550,model,text_truncated,exp_20260713_frbaseline_v2_rerun-raw-v1,call000018_20f1e08f,exp_20260713_frbaseline_v2_rerun-raw-v1#fullrewrite/geotrack5/rt09/backward
exp_20260713_frbaseline_v2_rerun,geotrack5,geotrack,fullrewrite,10,forward,true,,fullrewrite,degraded,unchanged,,0.0,,375,10549,10924,82070,model,empty_response,exp_20260713_frbaseline_v2_rerun-raw-v1,call000019_adda16ab,exp_20260713_frbaseline_v2_rerun-raw-v1#fullrewrite/geotrack5/rt10/forward
exp_20260713_frbaseline_v2_rerun,geotrack5,geotrack,fullrewrite,10,backward,true,,fullrewrite,success,not_applicable,,0.2665,false,322,1181,1503,10116,none,none,exp_20260713_frbaseline_v2_rerun-raw-v1,call000020_fc36c2b9,exp_20260713_frbaseline_v2_rerun-raw-v1#fullrewrite/geotrack5/rt10/backward
exp_20260713_frbaseline_v2_rerun,geotrack6,geotrack,fullrewrite,1,forward,true,,fullrewrite,failure,not_applicable,,0.0,,3490,2802,6292,19608,model,empty_response,exp_20260713_frbaseline_v2_rerun-raw-v1,call000001_f0934e7f,exp_20260713_frbaseline_v2_rerun-raw-v1#fullrewrite/geotrack6/rt01/forward
exp_20260713_frbaseline_v2_rerun,geotrack6,geotrack,fullrewrite,1,backward,true,,fullrewrite,success,not_applicable,,0.2,false,293,941,1234,10490,none,none,exp_20260713_frbaseline_v2_rerun-raw-v1,call000002_01be2518,exp_20260713_frbaseline_v2_rerun-raw-v1#fullrewrite/geotrack6/rt01/backward
exp_20260713_frbaseline_v2_rerun,geotrack6,geotrack,fullrewrite,2,forward,true,,fullrewrite,success,not_applicable,,,,465,2661,3126,17823,none,none,exp_20260713_frbaseline_v2_rerun-raw-v1,call000003_0523752b,exp_20260713_frbaseline_v2_rerun-raw-v1#fullrewrite/geotrack6/rt02/forward
exp_20260713_frbaseline_v2_rerun,geotrack6,geotrack,fullrewrite,2,backward,true,,fullrewrite,failure,not_applicable,,0.0,true,1568,1300,2868,10993,model,text_truncated,exp_20260713_frbaseline_v2_rerun-raw-v1,call000004_f255090e,exp_20260713_frbaseline_v2_rerun-raw-v1#fullrewrite/geotrack6/rt02/backward
exp_20260713_frbaseline_v2_rerun,geotrack6,geotrack,fullrewrite,3,forward,true,,fullrewrite,success,not_applicable,,,,332,2669,3001,20787,none,none,exp_20260713_frbaseline_v2_rerun-raw-v1,call000005_d3a9aeac,exp_20260713_frbaseline_v2_rerun-raw-v1#fullrewrite/geotrack6/rt03/forward
exp_20260713_frbaseline_v2_rerun,geotrack6,geotrack,fullrewrite,3,backward,true,,fullrewrite,success,not_applicable,,0.3068,false,2337,2160,4497,12865,none,none,exp_20260713_frbaseline_v2_rerun-raw-v1,call000006_9b472765,exp_20260713_frbaseline_v2_rerun-raw-v1#fullrewrite/geotrack6/rt03/backward
exp_20260713_frbaseline_v2_rerun,geotrack6,geotrack,fullrewrite,4,forward,true,,fullrewrite,success,not_applicable,,,,2295,3515,5810,22325,none,none,exp_20260713_frbaseline_v2_rerun-raw-v1,call000007_cc90b272,exp_20260713_frbaseline_v2_rerun-raw-v1#fullrewrite/geotrack6/rt04/forward
exp_20260713_frbaseline_v2_rerun,geotrack6,geotrack,fullrewrite,4,backward,true,,fullrewrite,success,not_applicable,,0.3068,false,1655,4522,6177,29383,none,none,exp_20260713_frbaseline_v2_rerun-raw-v1,call000008_8e744540,exp_20260713_frbaseline_v2_rerun-raw-v1#fullrewrite/geotrack6/rt04/backward
exp_20260713_frbaseline_v2_rerun,geotrack6,geotrack,fullrewrite,5,forward,true,,fullrewrite,success,not_applicable,,,,2513,4041,6554,25500,none,none,exp_20260713_frbaseline_v2_rerun-raw-v1,call000009_7ef46ee3,exp_20260713_frbaseline_v2_rerun-raw-v1#fullrewrite/geotrack6/rt05/forward
exp_20260713_frbaseline_v2_rerun,geotrack6,geotrack,fullrewrite,5,backward,true,,fullrewrite,failure,not_applicable,,0.0,true,2514,918,3432,5583,model,text_truncated,exp_20260713_frbaseline_v2_rerun-raw-v1,call000010_67ddaf7e,exp_20260713_frbaseline_v2_rerun-raw-v1#fullrewrite/geotrack6/rt05/backward
exp_20260713_frbaseline_v2_rerun,geotrack6,geotrack,fullrewrite,6,forward,true,,fullrewrite,success,not_applicable,,,,341,2298,2639,15378,none,none,exp_20260713_frbaseline_v2_rerun-raw-v1,call000011_e40a3562,exp_20260713_frbaseline_v2_rerun-raw-v1#fullrewrite/geotrack6/rt06/forward
exp_20260713_frbaseline_v2_rerun,geotrack6,geotrack,fullrewrite,6,backward,true,,fullrewrite,success,not_applicable,,0.2,false,2578,28738,31316,176381,none,none,exp_20260713_frbaseline_v2_rerun-raw-v1,call000012_27aa48fb,exp_20260713_frbaseline_v2_rerun-raw-v1#fullrewrite/geotrack6/rt06/backward
exp_20260713_frbaseline_v2_rerun,geotrack6,geotrack,fullrewrite,7,forward,true,,fullrewrite,success,not_applicable,,,,2409,5610,8019,29794,none,none,exp_20260713_frbaseline_v2_rerun-raw-v1,call000013_d394f98b,exp_20260713_frbaseline_v2_rerun-raw-v1#fullrewrite/geotrack6/rt07/forward
exp_20260713_frbaseline_v2_rerun,geotrack6,geotrack,fullrewrite,7,backward,true,,fullrewrite,success,not_applicable,,0.30642857142857144,false,2583,23974,26557,176227,none,none,exp_20260713_frbaseline_v2_rerun-raw-v1,call000014_3f183673,exp_20260713_frbaseline_v2_rerun-raw-v1#fullrewrite/geotrack6/rt07/backward
exp_20260713_frbaseline_v2_rerun,geotrack6,geotrack,fullrewrite,8,forward,true,,fullrewrite,success,not_applicable,,,,2418,6862,9280,42503,none,none,exp_20260713_frbaseline_v2_rerun-raw-v1,call000015_6d58610e,exp_20260713_frbaseline_v2_rerun-raw-v1#fullrewrite/geotrack6/rt08/forward
exp_20260713_frbaseline_v2_rerun,geotrack6,geotrack,fullrewrite,8,backward,true,,fullrewrite,success,not_applicable,,0.30642857142857144,false,2398,2459,4857,16944,none,none,exp_20260713_frbaseline_v2_rerun-raw-v1,call000016_742ee958,exp_20260713_frbaseline_v2_rerun-raw-v1#fullrewrite/geotrack6/rt08/backward
exp_20260713_frbaseline_v2_rerun,geotrack6,geotrack,fullrewrite,9,forward,true,,fullrewrite,failure,not_applicable,,0.0,,2421,3842,6263,43606,model,empty_response,exp_20260713_frbaseline_v2_rerun-raw-v1,call000017_6d3430cc,exp_20260713_frbaseline_v2_rerun-raw-v1#fullrewrite/geotrack6/rt09/forward
exp_20260713_frbaseline_v2_rerun,geotrack6,geotrack,fullrewrite,9,backward,true,,fullrewrite,failure,not_applicable,,0.0,true,287,363,650,4596,quality,content_regression,exp_20260713_frbaseline_v2_rerun-raw-v1,call000018_817f1ce2,exp_20260713_frbaseline_v2_rerun-raw-v1#fullrewrite/geotrack6/rt09/backward
exp_20260713_frbaseline_v2_rerun,geotrack6,geotrack,fullrewrite,10,forward,true,,fullrewrite,success,not_applicable,,,,335,4207,4542,28615,none,none,exp_20260713_frbaseline_v2_rerun-raw-v1,call000019_6a121379,exp_20260713_frbaseline_v2_rerun-raw-v1#fullrewrite/geotrack6/rt10/forward
exp_20260713_frbaseline_v2_rerun,geotrack6,geotrack,fullrewrite,10,backward,true,,fullrewrite,success,not_applicable,,0.2918627450980392,false,3994,7021,11015,49803,none,none,exp_20260713_frbaseline_v2_rerun-raw-v1,call000020_28a1c83c,exp_20260713_frbaseline_v2_rerun-raw-v1#fullrewrite/geotrack6/rt10/backward
exp_20260713_frbaseline_v2_rerun,graphviz1,graphviz,fullrewrite,1,forward,true,,fullrewrite,success,not_applicable,,,,4937,48170,53107,334908,none,none,exp_20260713_frbaseline_v2_rerun-raw-v1,call000001_74220df7,exp_20260713_frbaseline_v2_rerun-raw-v1#fullrewrite/graphviz1/rt01/forward
exp_20260713_frbaseline_v2_rerun,graphviz1,graphviz,fullrewrite,1,backward,true,,fullrewrite,success,not_applicable,,0.6940496957292377,false,7444,23233,30677,148727,none,none,exp_20260713_frbaseline_v2_rerun-raw-v1,call000002_5c3cc7b4,exp_20260713_frbaseline_v2_rerun-raw-v1#fullrewrite/graphviz1/rt01/backward
exp_20260713_frbaseline_v2_rerun,graphviz1,graphviz,fullrewrite,2,forward,true,,fullrewrite,success,not_applicable,,,,4014,40440,44454,251940,none,none,exp_20260713_frbaseline_v2_rerun-raw-v1,call000003_84142513,exp_20260713_frbaseline_v2_rerun-raw-v1#fullrewrite/graphviz1/rt02/forward
exp_20260713_frbaseline_v2_rerun,graphviz1,graphviz,fullrewrite,2,backward,true,,fullrewrite,degraded,not_applicable,,0.47794362667242124,true,6813,48099,54912,314350,quality,content_regression,exp_20260713_frbaseline_v2_rerun-raw-v1,call000004_ee41e9a6,exp_20260713_frbaseline_v2_rerun-raw-v1#fullrewrite/graphviz1/rt02/backward
exp_20260713_frbaseline_v2_rerun,graphviz1,graphviz,fullrewrite,3,forward,true,,fullrewrite,success,not_applicable,,,,3995,18845,22840,136377,none,none,exp_20260713_frbaseline_v2_rerun-raw-v1,call000005_cac01209,exp_20260713_frbaseline_v2_rerun-raw-v1#fullrewrite/graphviz1/rt03/forward
exp_20260713_frbaseline_v2_rerun,graphviz1,graphviz,fullrewrite,3,backward,true,,fullrewrite,success,not_applicable,,0.47794362667242124,false,4206,14626,18832,103201,none,none,exp_20260713_frbaseline_v2_rerun-raw-v1,call000006_051b1ece,exp_20260713_frbaseline_v2_rerun-raw-v1#fullrewrite/graphviz1/rt03/backward
exp_20260713_frbaseline_v2_rerun,graphviz1,graphviz,fullrewrite,4,forward,true,,fullrewrite,success,not_applicable,,,,3815,3944,7759,28707,none,none,exp_20260713_frbaseline_v2_rerun-raw-v1,call000007_01fbb412,exp_20260713_frbaseline_v2_rerun-raw-v1#fullrewrite/graphviz1/rt04/forward
exp_20260713_frbaseline_v2_rerun,graphviz1,graphviz,fullrewrite,4,backward,true,,fullrewrite,success,not_applicable,,0.47794362667242124,false,3852,23011,26863,158594,none,none,exp_20260713_frbaseline_v2_rerun-raw-v1,call000008_37dbd468,exp_20260713_frbaseline_v2_rerun-raw-v1#fullrewrite/graphviz1/rt04/backward
exp_20260713_frbaseline_v2_rerun,graphviz1,graphviz,fullrewrite,5,forward,true,,fullrewrite,success,not_applicable,,,,3830,47308,51138,313509,none,none,exp_20260713_frbaseline_v2_rerun-raw-v1,call000009_28c9724d,exp_20260713_frbaseline_v2_rerun-raw-v1#fullrewrite/graphviz1/rt05/forward
exp_20260713_frbaseline_v2_rerun,graphviz1,graphviz,fullrewrite,5,backward,true,,fullrewrite,success,not_applicable,,0.4717749271011072,false,10155,4921,15076,36141,none,none,exp_20260713_frbaseline_v2_rerun-raw-v1,call000010_e7119fc4,exp_20260713_frbaseline_v2_rerun-raw-v1#fullrewrite/graphviz1/rt05/backward
exp_20260713_frbaseline_v2_rerun,graphviz1,graphviz,fullrewrite,6,forward,true,,fullrewrite,success,not_applicable,,,,3809,10033,13842,80358,none,none,exp_20260713_frbaseline_v2_rerun-raw-v1,call000011_44c1ef2f,exp_20260713_frbaseline_v2_rerun-raw-v1#fullrewrite/graphviz1/rt06/forward
exp_20260713_frbaseline_v2_rerun,graphviz1,graphviz,fullrewrite,6,backward,true,,fullrewrite,success,not_applicable,,0.3789488885988308,false,3381,56137,59518,435495,none,none,exp_20260713_frbaseline_v2_rerun-raw-v1,call000012_65d01f55,exp_20260713_frbaseline_v2_rerun-raw-v1#fullrewrite/graphviz1/rt06/backward
exp_20260713_frbaseline_v2_rerun,graphviz1,graphviz,fullrewrite,7,forward,true,,fullrewrite,success,not_applicable,,,,3622,23008,26630,143437,none,none,exp_20260713_frbaseline_v2_rerun-raw-v1,call000013_c235aad7,exp_20260713_frbaseline_v2_rerun-raw-v1#fullrewrite/graphviz1/rt07/forward
exp_20260713_frbaseline_v2_rerun,graphviz1,graphviz,fullrewrite,7,backward,true,,fullrewrite,failure,not_applicable,,0.0,true,4225,2858,7083,19646,model,text_truncated,exp_20260713_frbaseline_v2_rerun-raw-v1,call000014_2ff7348c,exp_20260713_frbaseline_v2_rerun-raw-v1#fullrewrite/graphviz1/rt07/backward
exp_20260713_frbaseline_v2_rerun,graphviz1,graphviz,fullrewrite,8,forward,true,,fullrewrite,degraded,unchanged,,0.0,,297,308,605,3803,quality,content_regression,exp_20260713_frbaseline_v2_rerun-raw-v1,call000015_945a1ffa,exp_20260713_frbaseline_v2_rerun-raw-v1#fullrewrite/graphviz1/rt08/forward
exp_20260713_frbaseline_v2_rerun,graphviz1,graphviz,fullrewrite,8,backward,true,,fullrewrite,failure,not_applicable,,0.0,false,279,321,600,4091,quality,content_regression,exp_20260713_frbaseline_v2_rerun-raw-v1,call000016_15db8403,exp_20260713_frbaseline_v2_rerun-raw-v1#fullrewrite/graphviz1/rt08/backward
exp_20260713_frbaseline_v2_rerun,graphviz1,graphviz,fullrewrite,9,forward,true,,fullrewrite,degraded,unchanged,,0.0,,304,481,785,7158,quality,content_regression,exp_20260713_frbaseline_v2_rerun-raw-v1,call000017_a55941bf,exp_20260713_frbaseline_v2_rerun-raw-v1#fullrewrite/graphviz1/rt09/forward
exp_20260713_frbaseline_v2_rerun,graphviz1,graphviz,fullrewrite,9,backward,true,,fullrewrite,success,not_applicable,,0.0,false,281,230,511,3566,none,none,exp_20260713_frbaseline_v2_rerun-raw-v1,call000018_a8a566db,exp_20260713_frbaseline_v2_rerun-raw-v1#fullrewrite/graphviz1/rt09/backward
exp_20260713_frbaseline_v2_rerun,graphviz1,graphviz,fullrewrite,10,forward,true,,fullrewrite,success,not_applicable,,,,283,1325,1608,13672,none,none,exp_20260713_frbaseline_v2_rerun-raw-v1,call000019_100a84aa,exp_20260713_frbaseline_v2_rerun-raw-v1#fullrewrite/graphviz1/rt10/forward
exp_20260713_frbaseline_v2_rerun,graphviz1,graphviz,fullrewrite,10,backward,true,,fullrewrite,success,not_applicable,,0.0,false,1284,14813,16097,106235,none,none,exp_20260713_frbaseline_v2_rerun-raw-v1,call000020_724cd0a7,exp_20260713_frbaseline_v2_rerun-raw-v1#fullrewrite/graphviz1/rt10/backward
exp_20260713_frbaseline_v2_rerun,graphviz3,graphviz,fullrewrite,1,forward,true,,fullrewrite,failure,not_applicable,,0.0,,4770,6506,11276,51956,model,empty_response,exp_20260713_frbaseline_v2_rerun-raw-v1,call000001_18f1154b,exp_20260713_frbaseline_v2_rerun-raw-v1#fullrewrite/graphviz3/rt01/forward
exp_20260713_frbaseline_v2_rerun,graphviz3,graphviz,fullrewrite,1,backward,true,,fullrewrite,success,not_applicable,,0.0,false,284,2882,3166,24561,none,none,exp_20260713_frbaseline_v2_rerun-raw-v1,call000002_9fb7a7c8,exp_20260713_frbaseline_v2_rerun-raw-v1#fullrewrite/graphviz3/rt01/backward
exp_20260713_frbaseline_v2_rerun,graphviz3,graphviz,fullrewrite,2,forward,true,,fullrewrite,failure,not_applicable,,0.0,,2389,45435,47824,355135,model,empty_response,exp_20260713_frbaseline_v2_rerun-raw-v1,call000003_bf2dcac5,exp_20260713_frbaseline_v2_rerun-raw-v1#fullrewrite/graphviz3/rt02/forward
exp_20260713_frbaseline_v2_rerun,graphviz3,graphviz,fullrewrite,2,backward,true,,fullrewrite,success,not_applicable,,0.002072402631600606,false,373,3706,4079,36320,none,none,exp_20260713_frbaseline_v2_rerun-raw-v1,call000004_8b6ca039,exp_20260713_frbaseline_v2_rerun-raw-v1#fullrewrite/graphviz3/rt02/backward
exp_20260713_frbaseline_v2_rerun,graphviz3,graphviz,fullrewrite,3,forward,true,,fullrewrite,success,not_applicable,,,,3451,7313,10764,46543,none,none,exp_20260713_frbaseline_v2_rerun-raw-v1,call000005_b28022a4,exp_20260713_frbaseline_v2_rerun-raw-v1#fullrewrite/graphviz3/rt03/forward
exp_20260713_frbaseline_v2_rerun,graphviz3,graphviz,fullrewrite,3,backward,true,,fullrewrite,success,not_applicable,,0.002072402631600606,false,4044,8897,12941,59111,none,none,exp_20260713_frbaseline_v2_rerun-raw-v1,call000006_a2a329b8,exp_20260713_frbaseline_v2_rerun-raw-v1#fullrewrite/graphviz3/rt03/backward
exp_20260713_frbaseline_v2_rerun,graphviz3,graphviz,fullrewrite,4,forward,true,,fullrewrite,failure,not_applicable,,0.0,,3527,8557,12084,59500,model,empty_response,exp_20260713_frbaseline_v2_rerun-raw-v1,call000007_899bb0e0,exp_20260713_frbaseline_v2_rerun-raw-v1#fullrewrite/graphviz3/rt04/forward
exp_20260713_frbaseline_v2_rerun,graphviz3,graphviz,fullrewrite,4,backward,true,,fullrewrite,degraded,not_applicable,,0.0,true,291,1322,1613,12179,quality,content_regression,exp_20260713_frbaseline_v2_rerun-raw-v1,call000008_1f7c324f,exp_20260713_frbaseline_v2_rerun-raw-v1#fullrewrite/graphviz3/rt04/backward
exp_20260713_frbaseline_v2_rerun,graphviz3,graphviz,fullrewrite,5,forward,true,,fullrewrite,failure,not_applicable,,0.0,,1028,4890,5918,54761,model,text_truncated,exp_20260713_frbaseline_v2_rerun-raw-v1,call000009_213cc162,exp_20260713_frbaseline_v2_rerun-raw-v1#fullrewrite/graphviz3/rt05/forward
exp_20260713_frbaseline_v2_rerun,graphviz3,graphviz,fullrewrite,5,backward,true,,fullrewrite,success,not_applicable,,0.0,false,1005,947,1952,8522,none,none,exp_20260713_frbaseline_v2_rerun-raw-v1,call000010_a34ac9f8,exp_20260713_frbaseline_v2_rerun-raw-v1#fullrewrite/graphviz3/rt05/backward
exp_20260713_frbaseline_v2_rerun,graphviz3,graphviz,fullrewrite,6,forward,true,,fullrewrite,failure,not_applicable,,0.0,,1262,1676,2938,13948,model,empty_response,exp_20260713_frbaseline_v2_rerun-raw-v1,call000011_d76ff582,exp_20260713_frbaseline_v2_rerun-raw-v1#fullrewrite/graphviz3/rt06/forward
exp_20260713_frbaseline_v2_rerun,graphviz3,graphviz,fullrewrite,6,backward,true,,fullrewrite,success,not_applicable,,0.0,false,279,701,980,7064,none,none,exp_20260713_frbaseline_v2_rerun-raw-v1,call000012_9219943e,exp_20260713_frbaseline_v2_rerun-raw-v1#fullrewrite/graphviz3/rt06/backward
exp_20260713_frbaseline_v2_rerun,graphviz3,graphviz,fullrewrite,7,forward,true,,fullrewrite,success,not_applicable,,,,541,4223,4764,31390,none,none,exp_20260713_frbaseline_v2_rerun-raw-v1,call000013_64dc63d9,exp_20260713_frbaseline_v2_rerun-raw-v1#fullrewrite/graphviz3/rt07/forward
exp_20260713_frbaseline_v2_rerun,graphviz3,graphviz,fullrewrite,7,backward,true,,fullrewrite,success,not_applicable,,0.0,false,960,1334,2294,9227,none,none,exp_20260713_frbaseline_v2_rerun-raw-v1,call000014_96b445d6,exp_20260713_frbaseline_v2_rerun-raw-v1#fullrewrite/graphviz3/rt07/backward
exp_20260713_frbaseline_v2_rerun,graphviz3,graphviz,fullrewrite,8,forward,true,,fullrewrite,failure,not_applicable,,0.0,,868,5780,6648,96875,model,text_truncated,exp_20260713_frbaseline_v2_rerun-raw-v1,call000015_6b4c0f03,exp_20260713_frbaseline_v2_rerun-raw-v1#fullrewrite/graphviz3/rt08/forward
exp_20260713_frbaseline_v2_rerun,graphviz3,graphviz,fullrewrite,8,backward,true,,fullrewrite,success,not_applicable,,0.0,false,960,1048,2008,10087,none,none,exp_20260713_frbaseline_v2_rerun-raw-v1,call000016_5bf0561b,exp_20260713_frbaseline_v2_rerun-raw-v1#fullrewrite/graphviz3/rt08/backward
exp_20260713_frbaseline_v2_rerun,graphviz3,graphviz,fullrewrite,9,forward,true,,fullrewrite,success,not_applicable,,,,326,607,933,6017,none,none,exp_20260713_frbaseline_v2_rerun-raw-v1,call000017_5097fe3b,exp_20260713_frbaseline_v2_rerun-raw-v1#fullrewrite/graphviz3/rt09/forward
exp_20260713_frbaseline_v2_rerun,graphviz3,graphviz,fullrewrite,9,backward,true,,fullrewrite,success,not_applicable,,0.0,false,876,2596,3472,22671,none,none,exp_20260713_frbaseline_v2_rerun-raw-v1,call000018_33405f12,exp_20260713_frbaseline_v2_rerun-raw-v1#fullrewrite/graphviz3/rt09/backward
exp_20260713_frbaseline_v2_rerun,graphviz3,graphviz,fullrewrite,10,forward,true,,fullrewrite,failure,not_applicable,,0.0,,897,7837,8734,73268,model,text_truncated,exp_20260713_frbaseline_v2_rerun-raw-v1,call000019_96105227,exp_20260713_frbaseline_v2_rerun-raw-v1#fullrewrite/graphviz3/rt10/forward
exp_20260713_frbaseline_v2_rerun,graphviz3,graphviz,fullrewrite,10,backward,true,,fullrewrite,failure,not_applicable,,0.0,false,291,319,610,4145,quality,content_regression,exp_20260713_frbaseline_v2_rerun-raw-v1,call000020_547623e1,exp_20260713_frbaseline_v2_rerun-raw-v1#fullrewrite/graphviz3/rt10/backward
exp_20260713_frbaseline_v2_rerun,graphviz5,graphviz,fullrewrite,1,forward,true,,fullrewrite,failure,not_applicable,,0.0,,3873,6117,9990,43419,model,empty_response,exp_20260713_frbaseline_v2_rerun-raw-v1,call000001_9e8c1f52,exp_20260713_frbaseline_v2_rerun-raw-v1#fullrewrite/graphviz5/rt01/forward
exp_20260713_frbaseline_v2_rerun,graphviz5,graphviz,fullrewrite,1,backward,true,,fullrewrite,failure,not_applicable,,0.0,false,432,417,849,5387,quality,content_regression,exp_20260713_frbaseline_v2_rerun-raw-v1,call000002_389a153f,exp_20260713_frbaseline_v2_rerun-raw-v1#fullrewrite/graphviz5/rt01/backward
exp_20260713_frbaseline_v2_rerun,graphviz5,graphviz,fullrewrite,2,forward,true,,fullrewrite,degraded,unchanged,,0.0,,288,350,638,6791,quality,content_regression,exp_20260713_frbaseline_v2_rerun-raw-v1,call000003_489067d3,exp_20260713_frbaseline_v2_rerun-raw-v1#fullrewrite/graphviz5/rt02/forward
exp_20260713_frbaseline_v2_rerun,graphviz5,graphviz,fullrewrite,2,backward,true,,fullrewrite,success,not_applicable,,0.0,false,267,719,986,5740,none,none,exp_20260713_frbaseline_v2_rerun-raw-v1,call000004_7c2d4188,exp_20260713_frbaseline_v2_rerun-raw-v1#fullrewrite/graphviz5/rt02/backward
exp_20260713_frbaseline_v2_rerun,graphviz5,graphviz,fullrewrite,3,forward,true,,fullrewrite,success,not_applicable,,,,844,5464,6308,40651,none,none,exp_20260713_frbaseline_v2_rerun-raw-v1,call000005_5930ec27,exp_20260713_frbaseline_v2_rerun-raw-v1#fullrewrite/graphviz5/rt03/forward
exp_20260713_frbaseline_v2_rerun,graphviz5,graphviz,fullrewrite,3,backward,true,,fullrewrite,failure,not_applicable,,0.0,false,1302,2585,3887,18608,model,empty_response,exp_20260713_frbaseline_v2_rerun-raw-v1,call000006_030f7a0c,exp_20260713_frbaseline_v2_rerun-raw-v1#fullrewrite/graphviz5/rt03/backward
exp_20260713_frbaseline_v2_rerun,graphviz5,graphviz,fullrewrite,4,forward,true,,fullrewrite,failure,not_applicable,,0.0,,292,1754,2046,14346,quality,content_regression,exp_20260713_frbaseline_v2_rerun-raw-v1,call000007_c45cf754,exp_20260713_frbaseline_v2_rerun-raw-v1#fullrewrite/graphviz5/rt04/forward
exp_20260713_frbaseline_v2_rerun,graphviz5,graphviz,fullrewrite,4,backward,true,,fullrewrite,failure,not_applicable,,0.0,false,1429,3578,5007,26056,model,text_truncated,exp_20260713_frbaseline_v2_rerun-raw-v1,call000008_3c283e84,exp_20260713_frbaseline_v2_rerun-raw-v1#fullrewrite/graphviz5/rt04/backward
exp_20260713_frbaseline_v2_rerun,graphviz5,graphviz,fullrewrite,5,forward,true,,fullrewrite,success,not_applicable,,,,382,5972,6354,68102,none,none,exp_20260713_frbaseline_v2_rerun-raw-v1,call000009_397d805c,exp_20260713_frbaseline_v2_rerun-raw-v1#fullrewrite/graphviz5/rt05/forward
exp_20260713_frbaseline_v2_rerun,graphviz5,graphviz,fullrewrite,5,backward,true,,fullrewrite,success,not_applicable,,0.00023072428488426518,false,3207,5345,8552,41990,none,none,exp_20260713_frbaseline_v2_rerun-raw-v1,call000010_21447e22,exp_20260713_frbaseline_v2_rerun-raw-v1#fullrewrite/graphviz5/rt05/backward
exp_20260713_frbaseline_v2_rerun,graphviz5,graphviz,fullrewrite,6,forward,true,,fullrewrite,success,not_applicable,,,,1479,9616,11095,134442,none,none,exp_20260713_frbaseline_v2_rerun-raw-v1,call000011_c19f4885,exp_20260713_frbaseline_v2_rerun-raw-v1#fullrewrite/graphviz5/rt06/forward
exp_20260713_frbaseline_v2_rerun,graphviz5,graphviz,fullrewrite,6,backward,true,,fullrewrite,failure,not_applicable,,0.0,true,1762,3381,5143,31577,model,empty_response,exp_20260713_frbaseline_v2_rerun-raw-v1,call000012_33652486,exp_20260713_frbaseline_v2_rerun-raw-v1#fullrewrite/graphviz5/rt06/backward
exp_20260713_frbaseline_v2_rerun,graphviz5,graphviz,fullrewrite,7,forward,true,,fullrewrite,success,not_applicable,,,,357,3916,4273,36649,none,none,exp_20260713_frbaseline_v2_rerun-raw-v1,call000013_933fb70f,exp_20260713_frbaseline_v2_rerun-raw-v1#fullrewrite/graphviz5/rt07/forward
exp_20260713_frbaseline_v2_rerun,graphviz5,graphviz,fullrewrite,7,backward,true,,fullrewrite,success,not_applicable,,0.0,false,1240,1129,2369,7978,none,none,exp_20260713_frbaseline_v2_rerun-raw-v1,call000014_25fad777,exp_20260713_frbaseline_v2_rerun-raw-v1#fullrewrite/graphviz5/rt07/backward
exp_20260713_frbaseline_v2_rerun,graphviz5,graphviz,fullrewrite,8,forward,true,,fullrewrite,failure,not_applicable,,0.0,,570,5289,5859,43470,model,text_truncated,exp_20260713_frbaseline_v2_rerun-raw-v1,call000015_f0cdf069,exp_20260713_frbaseline_v2_rerun-raw-v1#fullrewrite/graphviz5/rt08/forward
exp_20260713_frbaseline_v2_rerun,graphviz5,graphviz,fullrewrite,8,backward,true,,fullrewrite,success,not_applicable,,0.0,false,629,3661,4290,42184,none,none,exp_20260713_frbaseline_v2_rerun-raw-v1,call000016_4cfc1194,exp_20260713_frbaseline_v2_rerun-raw-v1#fullrewrite/graphviz5/rt08/backward
exp_20260713_frbaseline_v2_rerun,graphviz5,graphviz,fullrewrite,9,forward,true,,fullrewrite,failure,not_applicable,,0.0,,744,10625,11369,122468,model,empty_response,exp_20260713_frbaseline_v2_rerun-raw-v1,call000017_1b88a01d,exp_20260713_frbaseline_v2_rerun-raw-v1#fullrewrite/graphviz5/rt09/forward
exp_20260713_frbaseline_v2_rerun,graphviz5,graphviz,fullrewrite,9,backward,true,,fullrewrite,success,not_applicable,,0.0,false,306,978,1284,11334,none,none,exp_20260713_frbaseline_v2_rerun-raw-v1,call000018_ec5afddb,exp_20260713_frbaseline_v2_rerun-raw-v1#fullrewrite/graphviz5/rt09/backward
exp_20260713_frbaseline_v2_rerun,graphviz5,graphviz,fullrewrite,10,forward,true,,fullrewrite,failure,not_applicable,,0.0,,304,509,813,4716,quality,content_regression,exp_20260713_frbaseline_v2_rerun-raw-v1,call000019_292311a3,exp_20260713_frbaseline_v2_rerun-raw-v1#fullrewrite/graphviz5/rt10/forward
exp_20260713_frbaseline_v2_rerun,graphviz5,graphviz,fullrewrite,10,backward,true,,fullrewrite,success,not_applicable,,0.0,false,280,5681,5961,49392,none,none,exp_20260713_frbaseline_v2_rerun-raw-v1,call000020_3b6f9f66,exp_20260713_frbaseline_v2_rerun-raw-v1#fullrewrite/graphviz5/rt10/backward
exp_20260713_frbaseline_v2_rerun,graphviz6,graphviz,fullrewrite,1,forward,true,,fullrewrite,failure,not_applicable,,0.0,,3352,850,4202,5275,model,empty_response,exp_20260713_frbaseline_v2_rerun-raw-v1,call000001_5a929dd2,exp_20260713_frbaseline_v2_rerun-raw-v1#fullrewrite/graphviz6/rt01/forward
exp_20260713_frbaseline_v2_rerun,graphviz6,graphviz,fullrewrite,1,backward,true,,fullrewrite,success,not_applicable,,0.0,false,270,1539,1809,16989,none,none,exp_20260713_frbaseline_v2_rerun-raw-v1,call000002_9896567a,exp_20260713_frbaseline_v2_rerun-raw-v1#fullrewrite/graphviz6/rt01/backward
exp_20260713_frbaseline_v2_rerun,graphviz6,graphviz,fullrewrite,2,forward,true,,fullrewrite,failure,not_applicable,,0.0,,1101,10685,11786,104217,model,text_truncated,exp_20260713_frbaseline_v2_rerun-raw-v1,call000003_857cdf56,exp_20260713_frbaseline_v2_rerun-raw-v1#fullrewrite/graphviz6/rt02/forward
exp_20260713_frbaseline_v2_rerun,graphviz6,graphviz,fullrewrite,2,backward,true,,fullrewrite,degraded,not_applicable,,0.0,false,264,496,760,6148,model,near_empty_response,exp_20260713_frbaseline_v2_rerun-raw-v1,call000004_5c75dca0,exp_20260713_frbaseline_v2_rerun-raw-v1#fullrewrite/graphviz6/rt02/backward
exp_20260713_frbaseline_v2_rerun,graphviz6,graphviz,fullrewrite,3,forward,true,,fullrewrite,success,not_applicable,,,,352,4380,4732,36861,none,none,exp_20260713_frbaseline_v2_rerun-raw-v1,call000005_ef93efca,exp_20260713_frbaseline_v2_rerun-raw-v1#fullrewrite/graphviz6/rt03/forward
exp_20260713_frbaseline_v2_rerun,graphviz6,graphviz,fullrewrite,3,backward,true,,fullrewrite,success,not_applicable,,0.0,false,1422,5657,7079,62511,none,none,exp_20260713_frbaseline_v2_rerun-raw-v1,call000006_cff2c313,exp_20260713_frbaseline_v2_rerun-raw-v1#fullrewrite/graphviz6/rt03/backward
exp_20260713_frbaseline_v2_rerun,graphviz6,graphviz,fullrewrite,4,forward,true,,fullrewrite,success,not_applicable,,,,940,10745,11685,82700,none,none,exp_20260713_frbaseline_v2_rerun-raw-v1,call000007_d889fee2,exp_20260713_frbaseline_v2_rerun-raw-v1#fullrewrite/graphviz6/rt04/forward
exp_20260713_frbaseline_v2_rerun,graphviz6,graphviz,fullrewrite,4,backward,true,,fullrewrite,success,not_applicable,,0.0,false,1359,5272,6631,38441,none,none,exp_20260713_frbaseline_v2_rerun-raw-v1,call000008_155d452e,exp_20260713_frbaseline_v2_rerun-raw-v1#fullrewrite/graphviz6/rt04/backward
exp_20260713_frbaseline_v2_rerun,graphviz6,graphviz,fullrewrite,5,forward,true,,fullrewrite,failure,not_applicable,,0.0,,1119,1246,2365,13029,model,text_truncated,exp_20260713_frbaseline_v2_rerun-raw-v1,call000009_e618ffce,exp_20260713_frbaseline_v2_rerun-raw-v1#fullrewrite/graphviz6/rt05/forward
exp_20260713_frbaseline_v2_rerun,graphviz6,graphviz,fullrewrite,5,backward,true,,fullrewrite,failure,not_applicable,,0.0,false,289,454,743,5742,quality,content_regression,exp_20260713_frbaseline_v2_rerun-raw-v1,call000010_f151ab19,exp_20260713_frbaseline_v2_rerun-raw-v1#fullrewrite/graphviz6/rt05/backward
exp_20260713_frbaseline_v2_rerun,graphviz6,graphviz,fullrewrite,6,forward,true,,fullrewrite,success,not_applicable,,,,306,2125,2431,18295,none,none,exp_20260713_frbaseline_v2_rerun-raw-v1,call000011_29bde0ad,exp_20260713_frbaseline_v2_rerun-raw-v1#fullrewrite/graphviz6/rt06/forward
exp_20260713_frbaseline_v2_rerun,graphviz6,graphviz,fullrewrite,6,backward,true,,fullrewrite,failure,not_applicable,,0.0,false,1900,5802,7702,37992,model,empty_response,exp_20260713_frbaseline_v2_rerun-raw-v1,call000012_ccae0c4c,exp_20260713_frbaseline_v2_rerun-raw-v1#fullrewrite/graphviz6/rt06/backward
exp_20260713_frbaseline_v2_rerun,graphviz6,graphviz,fullrewrite,7,forward,true,,fullrewrite,success,not_applicable,,,,278,1725,2003,15437,none,none,exp_20260713_frbaseline_v2_rerun-raw-v1,call000013_5ada350a,exp_20260713_frbaseline_v2_rerun-raw-v1#fullrewrite/graphviz6/rt07/forward
exp_20260713_frbaseline_v2_rerun,graphviz6,graphviz,fullrewrite,7,backward,true,,fullrewrite,success,not_applicable,,0.0,false,786,1223,2009,8643,none,none,exp_20260713_frbaseline_v2_rerun-raw-v1,call000014_1cd14bd0,exp_20260713_frbaseline_v2_rerun-raw-v1#fullrewrite/graphviz6/rt07/backward
exp_20260713_frbaseline_v2_rerun,graphviz6,graphviz,fullrewrite,8,forward,true,,fullrewrite,success,not_applicable,,,,684,5743,6427,50131,none,none,exp_20260713_frbaseline_v2_rerun-raw-v1,call000015_9c03723f,exp_20260713_frbaseline_v2_rerun-raw-v1#fullrewrite/graphviz6/rt08/forward
exp_20260713_frbaseline_v2_rerun,graphviz6,graphviz,fullrewrite,8,backward,true,,fullrewrite,success,not_applicable,,5.45115784837943e-05,false,2925,21297,24222,167696,none,none,exp_20260713_frbaseline_v2_rerun-raw-v1,call000016_ef485e60,exp_20260713_frbaseline_v2_rerun-raw-v1#fullrewrite/graphviz6/rt08/backward
exp_20260713_frbaseline_v2_rerun,graphviz6,graphviz,fullrewrite,9,forward,true,,fullrewrite,success,not_applicable,,,,3005,7282,10287,67560,none,none,exp_20260713_frbaseline_v2_rerun-raw-v1,call000017_9724738e,exp_20260713_frbaseline_v2_rerun-raw-v1#fullrewrite/graphviz6/rt09/forward
exp_20260713_frbaseline_v2_rerun,graphviz6,graphviz,fullrewrite,9,backward,true,,fullrewrite,success,not_applicable,,5.45115784837943e-05,false,2460,4467,6927,33345,none,none,exp_20260713_frbaseline_v2_rerun-raw-v1,call000018_dd957904,exp_20260713_frbaseline_v2_rerun-raw-v1#fullrewrite/graphviz6/rt09/backward
exp_20260713_frbaseline_v2_rerun,graphviz6,graphviz,fullrewrite,10,forward,true,,fullrewrite,failure,not_applicable,,0.0,,2613,3348,5961,24588,model,empty_response,exp_20260713_frbaseline_v2_rerun-raw-v1,call000019_12971d56,exp_20260713_frbaseline_v2_rerun-raw-v1#fullrewrite/graphviz6/rt10/forward
exp_20260713_frbaseline_v2_rerun,graphviz6,graphviz,fullrewrite,10,backward,true,,fullrewrite,degraded,not_applicable,,0.0,true,301,1777,2078,17880,quality,content_regression,exp_20260713_frbaseline_v2_rerun-raw-v1,call000020_c2fd1279,exp_20260713_frbaseline_v2_rerun-raw-v1#fullrewrite/graphviz6/rt10/backward
exp_20260713_frbaseline_v2_rerun,hamradio2,hamradio,fullrewrite,1,forward,true,,fullrewrite,failure,not_applicable,,0.0,,3960,12803,16763,96874,model,empty_response,exp_20260713_frbaseline_v2_rerun-raw-v1,call000001_e6c1cbfd,exp_20260713_frbaseline_v2_rerun-raw-v1#fullrewrite/hamradio2/rt01/forward
exp_20260713_frbaseline_v2_rerun,hamradio2,hamradio,fullrewrite,1,backward,true,,fullrewrite,failure,not_applicable,,0.0,false,295,553,848,5332,quality,content_regression,exp_20260713_frbaseline_v2_rerun-raw-v1,call000002_f64fbb41,exp_20260713_frbaseline_v2_rerun-raw-v1#fullrewrite/hamradio2/rt01/backward
exp_20260713_frbaseline_v2_rerun,hamradio2,hamradio,fullrewrite,2,forward,true,,fullrewrite,degraded,unchanged,,0.0,,334,364,698,4601,quality,content_regression,exp_20260713_frbaseline_v2_rerun-raw-v1,call000003_08eafc8e,exp_20260713_frbaseline_v2_rerun-raw-v1#fullrewrite/hamradio2/rt02/forward
exp_20260713_frbaseline_v2_rerun,hamradio2,hamradio,fullrewrite,2,backward,true,,fullrewrite,success,not_applicable,,0.0,false,291,1233,1524,13246,none,none,exp_20260713_frbaseline_v2_rerun-raw-v1,call000004_21b1aae0,exp_20260713_frbaseline_v2_rerun-raw-v1#fullrewrite/hamradio2/rt02/backward
exp_20260713_frbaseline_v2_rerun,hamradio2,hamradio,fullrewrite,3,forward,true,,fullrewrite,success,not_applicable,,,,454,1314,1768,12318,none,none,exp_20260713_frbaseline_v2_rerun-raw-v1,call000005_65e98af8,exp_20260713_frbaseline_v2_rerun-raw-v1#fullrewrite/hamradio2/rt03/forward
exp_20260713_frbaseline_v2_rerun,hamradio2,hamradio,fullrewrite,3,backward,true,,fullrewrite,success,not_applicable,,0.0,false,375,842,1217,15910,none,none,exp_20260713_frbaseline_v2_rerun-raw-v1,call000006_c27bd365,exp_20260713_frbaseline_v2_rerun-raw-v1#fullrewrite/hamradio2/rt03/backward
exp_20260713_frbaseline_v2_rerun,hamradio2,hamradio,fullrewrite,4,forward,true,,fullrewrite,success,not_applicable,,,,515,1041,1556,10780,none,none,exp_20260713_frbaseline_v2_rerun-raw-v1,call000007_fe4360e5,exp_20260713_frbaseline_v2_rerun-raw-v1#fullrewrite/hamradio2/rt04/forward
exp_20260713_frbaseline_v2_rerun,hamradio2,hamradio,fullrewrite,4,backward,true,,fullrewrite,success,not_applicable,,0.0,false,403,2322,2725,40319,none,none,exp_20260713_frbaseline_v2_rerun-raw-v1,call000008_5c461b8b,exp_20260713_frbaseline_v2_rerun-raw-v1#fullrewrite/hamradio2/rt04/backward
exp_20260713_frbaseline_v2_rerun,hamradio2,hamradio,fullrewrite,5,forward,true,,fullrewrite,success,not_applicable,,,,457,2284,2741,40538,none,none,exp_20260713_frbaseline_v2_rerun-raw-v1,call000009_9c165170,exp_20260713_frbaseline_v2_rerun-raw-v1#fullrewrite/hamradio2/rt05/forward
exp_20260713_frbaseline_v2_rerun,hamradio2,hamradio,fullrewrite,5,backward,true,,fullrewrite,success,not_applicable,,0.0,false,425,854,1279,7996,none,none,exp_20260713_frbaseline_v2_rerun-raw-v1,call000010_80284110,exp_20260713_frbaseline_v2_rerun-raw-v1#fullrewrite/hamradio2/rt05/backward
exp_20260713_frbaseline_v2_rerun,hamradio2,hamradio,fullrewrite,6,forward,true,,fullrewrite,success,not_applicable,,,,407,848,1255,9457,none,none,exp_20260713_frbaseline_v2_rerun-raw-v1,call000011_8b889bb9,exp_20260713_frbaseline_v2_rerun-raw-v1#fullrewrite/hamradio2/rt06/forward
exp_20260713_frbaseline_v2_rerun,hamradio2,hamradio,fullrewrite,6,backward,true,,fullrewrite,degraded,not_applicable,,0.0,false,348,260,608,3622,model,near_empty_response,exp_20260713_frbaseline_v2_rerun-raw-v1,call000012_07b08ca4,exp_20260713_frbaseline_v2_rerun-raw-v1#fullrewrite/hamradio2/rt06/backward
exp_20260713_frbaseline_v2_rerun,hamradio2,hamradio,fullrewrite,7,forward,true,,fullrewrite,success,not_applicable,,,,415,1247,1662,11290,none,none,exp_20260713_frbaseline_v2_rerun-raw-v1,call000013_9d6e0c68,exp_20260713_frbaseline_v2_rerun-raw-v1#fullrewrite/hamradio2/rt07/forward
exp_20260713_frbaseline_v2_rerun,hamradio2,hamradio,fullrewrite,7,backward,true,,fullrewrite,degraded,not_applicable,,0.0,false,364,208,572,2344,model,near_empty_response,exp_20260713_frbaseline_v2_rerun-raw-v1,call000014_881a44e1,exp_20260713_frbaseline_v2_rerun-raw-v1#fullrewrite/hamradio2/rt07/backward
exp_20260713_frbaseline_v2_rerun,hamradio2,hamradio,fullrewrite,8,forward,true,,fullrewrite,success,not_applicable,,,,408,752,1160,6419,none,none,exp_20260713_frbaseline_v2_rerun-raw-v1,call000015_871d9a10,exp_20260713_frbaseline_v2_rerun-raw-v1#fullrewrite/hamradio2/rt08/forward
exp_20260713_frbaseline_v2_rerun,hamradio2,hamradio,fullrewrite,8,backward,true,,fullrewrite,degraded,not_applicable,,0.0,false,346,222,568,4026,model,near_empty_response,exp_20260713_frbaseline_v2_rerun-raw-v1,call000016_f27bd90f,exp_20260713_frbaseline_v2_rerun-raw-v1#fullrewrite/hamradio2/rt08/backward
exp_20260713_frbaseline_v2_rerun,hamradio2,hamradio,fullrewrite,9,forward,true,,fullrewrite,success,not_applicable,,,,428,911,1339,7923,none,none,exp_20260713_frbaseline_v2_rerun-raw-v1,call000017_8a7964f6,exp_20260713_frbaseline_v2_rerun-raw-v1#fullrewrite/hamradio2/rt09/forward
exp_20260713_frbaseline_v2_rerun,hamradio2,hamradio,fullrewrite,9,backward,true,,fullrewrite,degraded,not_applicable,,0.0,false,349,215,564,4180,model,near_empty_response,exp_20260713_frbaseline_v2_rerun-raw-v1,call000018_cdd508d0,exp_20260713_frbaseline_v2_rerun-raw-v1#fullrewrite/hamradio2/rt09/backward
exp_20260713_frbaseline_v2_rerun,hamradio2,hamradio,fullrewrite,10,forward,true,,fullrewrite,success,not_applicable,,,,466,884,1350,8351,none,none,exp_20260713_frbaseline_v2_rerun-raw-v1,call000019_05169e8c,exp_20260713_frbaseline_v2_rerun-raw-v1#fullrewrite/hamradio2/rt10/forward
exp_20260713_frbaseline_v2_rerun,hamradio2,hamradio,fullrewrite,10,backward,true,,fullrewrite,degraded,not_applicable,,0.0,false,354,328,682,3314,model,near_empty_response,exp_20260713_frbaseline_v2_rerun-raw-v1,call000020_cff7a655,exp_20260713_frbaseline_v2_rerun-raw-v1#fullrewrite/hamradio2/rt10/backward
exp_20260713_frbaseline_v2_rerun,infra2,infra,fullrewrite,1,forward,true,,fullrewrite,failure,not_applicable,,0.0,,3310,4685,7995,39719,model,empty_response,exp_20260713_frbaseline_v2_rerun-raw-v1,call000001_f0776517,exp_20260713_frbaseline_v2_rerun-raw-v1#fullrewrite/infra2/rt01/forward
exp_20260713_frbaseline_v2_rerun,infra2,infra,fullrewrite,1,backward,true,,fullrewrite,failure,not_applicable,,0.0,false,288,483,771,8499,quality,content_regression,exp_20260713_frbaseline_v2_rerun-raw-v1,call000002_a77a1c00,exp_20260713_frbaseline_v2_rerun-raw-v1#fullrewrite/infra2/rt01/backward
exp_20260713_frbaseline_v2_rerun,infra2,infra,fullrewrite,2,forward,true,,fullrewrite,success,not_applicable,,,,345,1748,2093,17859,none,none,exp_20260713_frbaseline_v2_rerun-raw-v1,call000003_e82c3cf7,exp_20260713_frbaseline_v2_rerun-raw-v1#fullrewrite/infra2/rt02/forward
exp_20260713_frbaseline_v2_rerun,infra2,infra,fullrewrite,2,backward,true,,fullrewrite,success,not_applicable,,0.0004864827862463902,false,466,678,1144,6863,none,none,exp_20260713_frbaseline_v2_rerun-raw-v1,call000004_73f3e293,exp_20260713_frbaseline_v2_rerun-raw-v1#fullrewrite/infra2/rt02/backward
exp_20260713_frbaseline_v2_rerun,infra2,infra,fullrewrite,3,forward,true,,fullrewrite,success,not_applicable,,,,570,5709,6279,43508,none,none,exp_20260713_frbaseline_v2_rerun-raw-v1,call000005_3fd2d85a,exp_20260713_frbaseline_v2_rerun-raw-v1#fullrewrite/infra2/rt03/forward
exp_20260713_frbaseline_v2_rerun,infra2,infra,fullrewrite,3,backward,true,,fullrewrite,success,not_applicable,,0.005577908084813895,false,934,2708,3642,33350,none,none,exp_20260713_frbaseline_v2_rerun-raw-v1,call000006_49e866a1,exp_20260713_frbaseline_v2_rerun-raw-v1#fullrewrite/infra2/rt03/backward
exp_20260713_frbaseline_v2_rerun,infra2,infra,fullrewrite,4,forward,true,,fullrewrite,failure,not_applicable,,0.0,,938,8576,9514,64286,model,empty_response,exp_20260713_frbaseline_v2_rerun-raw-v1,call000007_59dc1f79,exp_20260713_frbaseline_v2_rerun-raw-v1#fullrewrite/infra2/rt04/forward
exp_20260713_frbaseline_v2_rerun,infra2,infra,fullrewrite,4,backward,true,,fullrewrite,failure,not_applicable,,0.0,true,315,647,962,8466,quality,content_regression,exp_20260713_frbaseline_v2_rerun-raw-v1,call000008_a4c5947f,exp_20260713_frbaseline_v2_rerun-raw-v1#fullrewrite/infra2/rt04/backward
exp_20260713_frbaseline_v2_rerun,infra2,infra,fullrewrite,5,forward,true,,fullrewrite,success,not_applicable,,,,423,9287,9710,67789,none,none,exp_20260713_frbaseline_v2_rerun-raw-v1,call000009_ad082518,exp_20260713_frbaseline_v2_rerun-raw-v1#fullrewrite/infra2/rt05/forward
exp_20260713_frbaseline_v2_rerun,infra2,infra,fullrewrite,5,backward,true,,fullrewrite,success,not_applicable,,0.0025226664232375967,false,3109,5345,8454,40799,none,none,exp_20260713_frbaseline_v2_rerun-raw-v1,call000010_0ff3c9b3,exp_20260713_frbaseline_v2_rerun-raw-v1#fullrewrite/infra2/rt05/backward
exp_20260713_frbaseline_v2_rerun,infra2,infra,fullrewrite,6,forward,true,,fullrewrite,success,not_applicable,,,,2319,3663,5982,29895,none,none,exp_20260713_frbaseline_v2_rerun-raw-v1,call000011_a7f8f64d,exp_20260713_frbaseline_v2_rerun-raw-v1#fullrewrite/infra2/rt06/forward
exp_20260713_frbaseline_v2_rerun,infra2,infra,fullrewrite,6,backward,true,,fullrewrite,success,not_applicable,,0.00312773463026473,false,2141,2292,4433,16814,none,none,exp_20260713_frbaseline_v2_rerun-raw-v1,call000012_875b5da2,exp_20260713_frbaseline_v2_rerun-raw-v1#fullrewrite/infra2/rt06/backward
exp_20260713_frbaseline_v2_rerun,infra2,infra,fullrewrite,7,forward,true,,fullrewrite,success,not_applicable,,,,2041,9094,11135,67608,none,none,exp_20260713_frbaseline_v2_rerun-raw-v1,call000013_d83db109,exp_20260713_frbaseline_v2_rerun-raw-v1#fullrewrite/infra2/rt07/forward
exp_20260713_frbaseline_v2_rerun,infra2,infra,fullrewrite,7,backward,true,,fullrewrite,failure,not_applicable,,0.0,true,2319,1139,3458,7863,model,empty_response,exp_20260713_frbaseline_v2_rerun-raw-v1,call000014_1c37f921,exp_20260713_frbaseline_v2_rerun-raw-v1#fullrewrite/infra2/rt07/backward
exp_20260713_frbaseline_v2_rerun,infra2,infra,fullrewrite,8,forward,true,,fullrewrite,failure,not_applicable,,0.0,,423,2322,2745,21548,quality,content_regression,exp_20260713_frbaseline_v2_rerun-raw-v1,call000015_8d1b28ba,exp_20260713_frbaseline_v2_rerun-raw-v1#fullrewrite/infra2/rt08/forward
exp_20260713_frbaseline_v2_rerun,infra2,infra,fullrewrite,8,backward,true,,fullrewrite,success,not_applicable,,0.00013490921695713225,false,2601,3161,5762,25181,none,none,exp_20260713_frbaseline_v2_rerun-raw-v1,call000016_56ec0cf0,exp_20260713_frbaseline_v2_rerun-raw-v1#fullrewrite/infra2/rt08/backward
exp_20260713_frbaseline_v2_rerun,infra2,infra,fullrewrite,9,forward,true,,fullrewrite,failure,not_applicable,,0.0,,2731,2359,5090,19545,model,empty_response,exp_20260713_frbaseline_v2_rerun-raw-v1,call000017_7c9b3ff7,exp_20260713_frbaseline_v2_rerun-raw-v1#fullrewrite/infra2/rt09/forward
exp_20260713_frbaseline_v2_rerun,infra2,infra,fullrewrite,9,backward,true,,fullrewrite,success,not_applicable,,0.0015609845552146187,false,326,1831,2157,21408,none,none,exp_20260713_frbaseline_v2_rerun-raw-v1,call000018_3484e7fc,exp_20260713_frbaseline_v2_rerun-raw-v1#fullrewrite/infra2/rt09/backward
exp_20260713_frbaseline_v2_rerun,infra2,infra,fullrewrite,10,forward,true,,fullrewrite,success,not_applicable,,,,1325,20589,21914,146492,none,none,exp_20260713_frbaseline_v2_rerun-raw-v1,call000019_1498c476,exp_20260713_frbaseline_v2_rerun-raw-v1#fullrewrite/infra2/rt10/forward
exp_20260713_frbaseline_v2_rerun,infra2,infra,fullrewrite,10,backward,true,,fullrewrite,failure,not_applicable,,0.0,true,3028,7358,10386,57676,model,empty_response,exp_20260713_frbaseline_v2_rerun-raw-v1,call000020_b813db08,exp_20260713_frbaseline_v2_rerun-raw-v1#fullrewrite/infra2/rt10/backward
exp_20260713_frbaseline_v2_rerun,infra6,infra,fullrewrite,1,forward,true,,fullrewrite,failure,not_applicable,,0.0,,3068,1586,4654,16779,model,empty_response,exp_20260713_frbaseline_v2_rerun-raw-v1,call000001_b5ffe734,exp_20260713_frbaseline_v2_rerun-raw-v1#fullrewrite/infra6/rt01/forward
exp_20260713_frbaseline_v2_rerun,infra6,infra,fullrewrite,1,backward,true,,fullrewrite,success,not_applicable,,0.0,false,368,1698,2066,13410,none,none,exp_20260713_frbaseline_v2_rerun-raw-v1,call000002_bcbef1bb,exp_20260713_frbaseline_v2_rerun-raw-v1#fullrewrite/infra6/rt01/backward
exp_20260713_frbaseline_v2_rerun,infra6,infra,fullrewrite,2,forward,true,,fullrewrite,success,not_applicable,,,,1488,13042,14530,168871,none,none,exp_20260713_frbaseline_v2_rerun-raw-v1,call000003_a1c596d2,exp_20260713_frbaseline_v2_rerun-raw-v1#fullrewrite/infra6/rt02/forward
exp_20260713_frbaseline_v2_rerun,infra6,infra,fullrewrite,2,backward,true,,fullrewrite,success,not_applicable,,0.0,false,1714,9500,11214,81119,none,none,exp_20260713_frbaseline_v2_rerun-raw-v1,call000004_7b528438,exp_20260713_frbaseline_v2_rerun-raw-v1#fullrewrite/infra6/rt02/backward
exp_20260713_frbaseline_v2_rerun,infra6,infra,fullrewrite,3,forward,true,,fullrewrite,success,not_applicable,,,,1626,8242,9868,75080,none,none,exp_20260713_frbaseline_v2_rerun-raw-v1,call000005_0d7abfd0,exp_20260713_frbaseline_v2_rerun-raw-v1#fullrewrite/infra6/rt03/forward
exp_20260713_frbaseline_v2_rerun,infra6,infra,fullrewrite,3,backward,true,,fullrewrite,failure,not_applicable,,0.0,false,1708,1017,2725,8581,model,empty_response,exp_20260713_frbaseline_v2_rerun-raw-v1,call000006_29000381,exp_20260713_frbaseline_v2_rerun-raw-v1#fullrewrite/infra6/rt03/backward
exp_20260713_frbaseline_v2_rerun,infra6,infra,fullrewrite,4,forward,true,,fullrewrite,degraded,unchanged,,0.0,,377,12710,13087,99317,model,empty_response,exp_20260713_frbaseline_v2_rerun-raw-v1,call000007_fa35f2a0,exp_20260713_frbaseline_v2_rerun-raw-v1#fullrewrite/infra6/rt04/forward
exp_20260713_frbaseline_v2_rerun,infra6,infra,fullrewrite,4,backward,true,,fullrewrite,success,not_applicable,,0.0,false,290,639,929,7373,none,none,exp_20260713_frbaseline_v2_rerun-raw-v1,call000008_b74f9f19,exp_20260713_frbaseline_v2_rerun-raw-v1#fullrewrite/infra6/rt04/backward
exp_20260713_frbaseline_v2_rerun,infra6,infra,fullrewrite,5,forward,true,,fullrewrite,success,not_applicable,,,,438,3104,3542,33990,none,none,exp_20260713_frbaseline_v2_rerun-raw-v1,call000009_0f4b78a3,exp_20260713_frbaseline_v2_rerun-raw-v1#fullrewrite/infra6/rt05/forward
exp_20260713_frbaseline_v2_rerun,infra6,infra,fullrewrite,5,backward,true,,fullrewrite,degraded,not_applicable,,0.0,false,804,645,1449,7936,model,near_empty_response,exp_20260713_frbaseline_v2_rerun-raw-v1,call000010_63af2700,exp_20260713_frbaseline_v2_rerun-raw-v1#fullrewrite/infra6/rt05/backward
exp_20260713_frbaseline_v2_rerun,infra6,infra,fullrewrite,6,forward,true,,fullrewrite,degraded,not_applicable,,,,449,3495,3944,43615,model,text_truncated,exp_20260713_frbaseline_v2_rerun-raw-v1,call000011_1fe0ef19,exp_20260713_frbaseline_v2_rerun-raw-v1#fullrewrite/infra6/rt06/forward
exp_20260713_frbaseline_v2_rerun,infra6,infra,fullrewrite,6,backward,true,,fullrewrite,success,not_applicable,,0.030296766804229467,false,833,1364,2197,9649,none,none,exp_20260713_frbaseline_v2_rerun-raw-v1,call000012_79a65979,exp_20260713_frbaseline_v2_rerun-raw-v1#fullrewrite/infra6/rt06/backward
exp_20260713_frbaseline_v2_rerun,infra6,infra,fullrewrite,7,forward,true,,fullrewrite,failure,not_applicable,,0.0,,983,5114,6097,48674,model,empty_response,exp_20260713_frbaseline_v2_rerun-raw-v1,call000013_2439a9e9,exp_20260713_frbaseline_v2_rerun-raw-v1#fullrewrite/infra6/rt07/forward
exp_20260713_frbaseline_v2_rerun,infra6,infra,fullrewrite,7,backward,true,,fullrewrite,failure,not_applicable,,0.0,true,368,3470,3838,38701,model,empty_response,exp_20260713_frbaseline_v2_rerun-raw-v1,call000014_2463336a,exp_20260713_frbaseline_v2_rerun-raw-v1#fullrewrite/infra6/rt07/backward
exp_20260713_frbaseline_v2_rerun,infra6,infra,fullrewrite,8,forward,true,,fullrewrite,failure,not_applicable,,0.0,,409,22,431,1187,model,near_empty_response,exp_20260713_frbaseline_v2_rerun-raw-v1,call000015_391e5925,exp_20260713_frbaseline_v2_rerun-raw-v1#fullrewrite/infra6/rt08/forward
exp_20260713_frbaseline_v2_rerun,infra6,infra,fullrewrite,8,backward,true,,fullrewrite,degraded,not_applicable,,0.0,false,304,483,787,6930,model,near_empty_response,exp_20260713_frbaseline_v2_rerun-raw-v1,call000016_f9298623,exp_20260713_frbaseline_v2_rerun-raw-v1#fullrewrite/infra6/rt08/backward
exp_20260713_frbaseline_v2_rerun,infra6,infra,fullrewrite,9,forward,true,,fullrewrite,success,not_applicable,,,,515,1695,2210,14989,none,none,exp_20260713_frbaseline_v2_rerun-raw-v1,call000017_e8b0f6be,exp_20260713_frbaseline_v2_rerun-raw-v1#fullrewrite/infra6/rt09/forward
exp_20260713_frbaseline_v2_rerun,infra6,infra,fullrewrite,9,backward,true,,fullrewrite,failure,not_applicable,,0.0,false,1567,850,2417,8038,model,empty_response,exp_20260713_frbaseline_v2_rerun-raw-v1,call000018_f366bb65,exp_20260713_frbaseline_v2_rerun-raw-v1#fullrewrite/infra6/rt09/backward
exp_20260713_frbaseline_v2_rerun,infra6,infra,fullrewrite,10,forward,true,,fullrewrite,degraded,unchanged,,0.0,,377,650,1027,8877,quality,content_regression,exp_20260713_frbaseline_v2_rerun-raw-v1,call000019_320ba6e3,exp_20260713_frbaseline_v2_rerun-raw-v1#fullrewrite/infra6/rt10/forward
exp_20260713_frbaseline_v2_rerun,infra6,infra,fullrewrite,10,backward,true,,fullrewrite,success,not_applicable,,0.0,false,290,467,757,13179,none,none,exp_20260713_frbaseline_v2_rerun-raw-v1,call000020_7dd511e7,exp_20260713_frbaseline_v2_rerun-raw-v1#fullrewrite/infra6/rt10/backward
exp_20260713_frbaseline_v2_rerun,jobboard2,jobboard,fullrewrite,1,forward,true,,fullrewrite,success,not_applicable,,,,3602,6233,9835,69648,none,none,exp_20260713_frbaseline_v2_rerun-raw-v1,call000001_8a815a44,exp_20260713_frbaseline_v2_rerun-raw-v1#fullrewrite/jobboard2/rt01/forward
exp_20260713_frbaseline_v2_rerun,jobboard2,jobboard,fullrewrite,1,backward,true,,fullrewrite,failure,not_applicable,,0.0,false,4373,3044,7417,26438,model,text_truncated,exp_20260713_frbaseline_v2_rerun-raw-v1,call000002_fc0e64a7,exp_20260713_frbaseline_v2_rerun-raw-v1#fullrewrite/jobboard2/rt01/backward
exp_20260713_frbaseline_v2_rerun,jobboard2,jobboard,fullrewrite,2,forward,true,,fullrewrite,failure,not_applicable,,0.0,,515,26,541,1052,model,near_empty_response,exp_20260713_frbaseline_v2_rerun-raw-v1,call000003_191843e2,exp_20260713_frbaseline_v2_rerun-raw-v1#fullrewrite/jobboard2/rt02/forward
exp_20260713_frbaseline_v2_rerun,jobboard2,jobboard,fullrewrite,2,backward,true,,fullrewrite,success,not_applicable,,0.0,false,388,3313,3701,37641,none,none,exp_20260713_frbaseline_v2_rerun-raw-v1,call000004_07e2474b,exp_20260713_frbaseline_v2_rerun-raw-v1#fullrewrite/jobboard2/rt02/backward
exp_20260713_frbaseline_v2_rerun,jobboard2,jobboard,fullrewrite,3,forward,true,,fullrewrite,failure,not_applicable,,0.0,,1452,7159,8611,87721,model,empty_response,exp_20260713_frbaseline_v2_rerun-raw-v1,call000005_3414aa53,exp_20260713_frbaseline_v2_rerun-raw-v1#fullrewrite/jobboard2/rt03/forward
exp_20260713_frbaseline_v2_rerun,jobboard2,jobboard,fullrewrite,3,backward,true,,fullrewrite,failure,not_applicable,,0.0,false,286,219,505,3722,quality,content_regression,exp_20260713_frbaseline_v2_rerun-raw-v1,call000006_69327eda,exp_20260713_frbaseline_v2_rerun-raw-v1#fullrewrite/jobboard2/rt03/backward
exp_20260713_frbaseline_v2_rerun,jobboard2,jobboard,fullrewrite,4,forward,true,,fullrewrite,success,not_applicable,,,,353,4503,4856,85369,none,none,exp_20260713_frbaseline_v2_rerun-raw-v1,call000007_2148f276,exp_20260713_frbaseline_v2_rerun-raw-v1#fullrewrite/jobboard2/rt04/forward
exp_20260713_frbaseline_v2_rerun,jobboard2,jobboard,fullrewrite,4,backward,true,,fullrewrite,failure,not_applicable,,0.0,false,1058,761,1819,6719,model,text_truncated,exp_20260713_frbaseline_v2_rerun-raw-v1,call000008_278f7c80,exp_20260713_frbaseline_v2_rerun-raw-v1#fullrewrite/jobboard2/rt04/backward
exp_20260713_frbaseline_v2_rerun,jobboard2,jobboard,fullrewrite,5,forward,true,,fullrewrite,degraded,unchanged,,0.0,,343,249,592,5425,quality,content_regression,exp_20260713_frbaseline_v2_rerun-raw-v1,call000009_3b2c07bd,exp_20260713_frbaseline_v2_rerun-raw-v1#fullrewrite/jobboard2/rt05/forward
exp_20260713_frbaseline_v2_rerun,jobboard2,jobboard,fullrewrite,5,backward,true,,fullrewrite,success,not_applicable,,0.0,false,296,563,859,9354,none,none,exp_20260713_frbaseline_v2_rerun-raw-v1,call000010_bfdf3eb8,exp_20260713_frbaseline_v2_rerun-raw-v1#fullrewrite/jobboard2/rt05/backward
exp_20260713_frbaseline_v2_rerun,jobboard2,jobboard,fullrewrite,6,forward,true,,fullrewrite,success,not_applicable,,,,357,537,894,6521,none,none,exp_20260713_frbaseline_v2_rerun-raw-v1,call000011_a3265fdc,exp_20260713_frbaseline_v2_rerun-raw-v1#fullrewrite/jobboard2/rt06/forward
exp_20260713_frbaseline_v2_rerun,jobboard2,jobboard,fullrewrite,6,backward,true,,fullrewrite,failure,not_applicable,,0.0,false,340,513,853,8483,quality,content_regression,exp_20260713_frbaseline_v2_rerun-raw-v1,call000012_da087ade,exp_20260713_frbaseline_v2_rerun-raw-v1#fullrewrite/jobboard2/rt06/backward
exp_20260713_frbaseline_v2_rerun,jobboard2,jobboard,fullrewrite,7,forward,true,,fullrewrite,success,not_applicable,,,,446,135,581,2692,none,none,exp_20260713_frbaseline_v2_rerun-raw-v1,call000013_6bb839f5,exp_20260713_frbaseline_v2_rerun-raw-v1#fullrewrite/jobboard2/rt07/forward
exp_20260713_frbaseline_v2_rerun,jobboard2,jobboard,fullrewrite,7,backward,true,,fullrewrite,success,not_applicable,,0.0,false,469,480,949,5810,none,none,exp_20260713_frbaseline_v2_rerun-raw-v1,call000014_d7f7b8fc,exp_20260713_frbaseline_v2_rerun-raw-v1#fullrewrite/jobboard2/rt07/backward
exp_20260713_frbaseline_v2_rerun,jobboard2,jobboard,fullrewrite,8,forward,true,,fullrewrite,degraded,not_applicable,,,,314,247,561,3481,model,near_empty_response,exp_20260713_frbaseline_v2_rerun-raw-v1,call000015_15e22826,exp_20260713_frbaseline_v2_rerun-raw-v1#fullrewrite/jobboard2/rt08/forward
exp_20260713_frbaseline_v2_rerun,jobboard2,jobboard,fullrewrite,8,backward,true,,fullrewrite,degraded,not_applicable,,0.0,false,341,201,542,3247,model,near_empty_response,exp_20260713_frbaseline_v2_rerun-raw-v1,call000016_9797d49e,exp_20260713_frbaseline_v2_rerun-raw-v1#fullrewrite/jobboard2/rt08/backward
exp_20260713_frbaseline_v2_rerun,jobboard2,jobboard,fullrewrite,9,forward,true,,fullrewrite,degraded,not_applicable,,,,333,409,742,4246,model,near_empty_response,exp_20260713_frbaseline_v2_rerun-raw-v1,call000017_ba89b2cb,exp_20260713_frbaseline_v2_rerun-raw-v1#fullrewrite/jobboard2/rt09/forward
exp_20260713_frbaseline_v2_rerun,jobboard2,jobboard,fullrewrite,9,backward,true,,fullrewrite,success,not_applicable,,0.0,false,325,1082,1407,13678,none,none,exp_20260713_frbaseline_v2_rerun-raw-v1,call000018_01efa554,exp_20260713_frbaseline_v2_rerun-raw-v1#fullrewrite/jobboard2/rt09/backward
exp_20260713_frbaseline_v2_rerun,jobboard2,jobboard,fullrewrite,10,forward,true,,fullrewrite,failure,not_applicable,,0.0,,421,760,1181,8537,quality,content_regression,exp_20260713_frbaseline_v2_rerun-raw-v1,call000019_b2f4faec,exp_20260713_frbaseline_v2_rerun-raw-v1#fullrewrite/jobboard2/rt10/forward
exp_20260713_frbaseline_v2_rerun,jobboard2,jobboard,fullrewrite,10,backward,true,,fullrewrite,failure,not_applicable,,0.0,false,286,345,631,5289,quality,content_regression,exp_20260713_frbaseline_v2_rerun-raw-v1,call000020_2c94299c,exp_20260713_frbaseline_v2_rerun-raw-v1#fullrewrite/jobboard2/rt10/backward
exp_20260713_frbaseline_v2_rerun,jobboard3,jobboard,fullrewrite,1,forward,true,,fullrewrite,failure,not_applicable,,0.0,,3584,3248,6832,37193,model,empty_response,exp_20260713_frbaseline_v2_rerun-raw-v1,call000001_f08f38f5,exp_20260713_frbaseline_v2_rerun-raw-v1#fullrewrite/jobboard3/rt01/forward
exp_20260713_frbaseline_v2_rerun,jobboard3,jobboard,fullrewrite,1,backward,true,,fullrewrite,success,not_applicable,,0.0,false,294,766,1060,9554,none,none,exp_20260713_frbaseline_v2_rerun-raw-v1,call000002_1323d016,exp_20260713_frbaseline_v2_rerun-raw-v1#fullrewrite/jobboard3/rt01/backward
exp_20260713_frbaseline_v2_rerun,jobboard3,jobboard,fullrewrite,2,forward,true,,fullrewrite,success,not_applicable,,,,587,469,1056,5381,none,none,exp_20260713_frbaseline_v2_rerun-raw-v1,call000003_a558e50a,exp_20260713_frbaseline_v2_rerun-raw-v1#fullrewrite/jobboard3/rt02/forward
exp_20260713_frbaseline_v2_rerun,jobboard3,jobboard,fullrewrite,2,backward,true,,fullrewrite,success,not_applicable,,0.0,false,381,3404,3785,31185,none,none,exp_20260713_frbaseline_v2_rerun-raw-v1,call000004_23a5d5d0,exp_20260713_frbaseline_v2_rerun-raw-v1#fullrewrite/jobboard3/rt02/backward
exp_20260713_frbaseline_v2_rerun,jobboard3,jobboard,fullrewrite,3,forward,true,,fullrewrite,success,not_applicable,,,,454,2639,3093,22033,none,none,exp_20260713_frbaseline_v2_rerun-raw-v1,call000005_524f08c1,exp_20260713_frbaseline_v2_rerun-raw-v1#fullrewrite/jobboard3/rt03/forward
exp_20260713_frbaseline_v2_rerun,jobboard3,jobboard,fullrewrite,3,backward,true,,fullrewrite,success,not_applicable,,0.0,false,425,494,919,5652,none,none,exp_20260713_frbaseline_v2_rerun-raw-v1,call000006_256588b6,exp_20260713_frbaseline_v2_rerun-raw-v1#fullrewrite/jobboard3/rt03/backward
exp_20260713_frbaseline_v2_rerun,jobboard3,jobboard,fullrewrite,4,forward,true,,fullrewrite,success,not_applicable,,,,434,761,1195,9854,none,none,exp_20260713_frbaseline_v2_rerun-raw-v1,call000007_63c6804a,exp_20260713_frbaseline_v2_rerun-raw-v1#fullrewrite/jobboard3/rt04/forward
exp_20260713_frbaseline_v2_rerun,jobboard3,jobboard,fullrewrite,4,backward,true,,fullrewrite,success,not_applicable,,0.0,false,704,2307,3011,22512,none,none,exp_20260713_frbaseline_v2_rerun-raw-v1,call000008_ff047b88,exp_20260713_frbaseline_v2_rerun-raw-v1#fullrewrite/jobboard3/rt04/backward
exp_20260713_frbaseline_v2_rerun,jobboard3,jobboard,fullrewrite,5,forward,true,,fullrewrite,success,not_applicable,,,,737,3618,4355,32415,none,none,exp_20260713_frbaseline_v2_rerun-raw-v1,call000009_3415719a,exp_20260713_frbaseline_v2_rerun-raw-v1#fullrewrite/jobboard3/rt05/forward
exp_20260713_frbaseline_v2_rerun,jobboard3,jobboard,fullrewrite,5,backward,true,,fullrewrite,success,not_applicable,,2.04844240185e-06,false,723,1159,1882,15217,none,none,exp_20260713_frbaseline_v2_rerun-raw-v1,call000010_e6c08840,exp_20260713_frbaseline_v2_rerun-raw-v1#fullrewrite/jobboard3/rt05/backward
exp_20260713_frbaseline_v2_rerun,jobboard3,jobboard,fullrewrite,6,forward,true,,fullrewrite,success,not_applicable,,,,718,464,1182,5025,none,none,exp_20260713_frbaseline_v2_rerun-raw-v1,call000011_b5f07bfa,exp_20260713_frbaseline_v2_rerun-raw-v1#fullrewrite/jobboard3/rt06/forward
exp_20260713_frbaseline_v2_rerun,jobboard3,jobboard,fullrewrite,6,backward,true,,fullrewrite,success,not_applicable,,4.466630895566258e-07,false,546,435,981,4913,none,none,exp_20260713_frbaseline_v2_rerun-raw-v1,call000012_a146b250,exp_20260713_frbaseline_v2_rerun-raw-v1#fullrewrite/jobboard3/rt06/backward
exp_20260713_frbaseline_v2_rerun,jobboard3,jobboard,fullrewrite,7,forward,true,,fullrewrite,success,not_applicable,,,,571,1438,2009,29300,none,none,exp_20260713_frbaseline_v2_rerun-raw-v1,call000013_7f837dfe,exp_20260713_frbaseline_v2_rerun-raw-v1#fullrewrite/jobboard3/rt07/forward
exp_20260713_frbaseline_v2_rerun,jobboard3,jobboard,fullrewrite,7,backward,true,,fullrewrite,success,not_applicable,,4.466630895566258e-07,false,752,905,1657,8915,none,none,exp_20260713_frbaseline_v2_rerun-raw-v1,call000014_db98b57c,exp_20260713_frbaseline_v2_rerun-raw-v1#fullrewrite/jobboard3/rt07/backward
exp_20260713_frbaseline_v2_rerun,jobboard3,jobboard,fullrewrite,8,forward,true,,fullrewrite,success,not_applicable,,,,590,910,1500,8552,none,none,exp_20260713_frbaseline_v2_rerun-raw-v1,call000015_31fe4292,exp_20260713_frbaseline_v2_rerun-raw-v1#fullrewrite/jobboard3/rt08/forward
exp_20260713_frbaseline_v2_rerun,jobboard3,jobboard,fullrewrite,8,backward,true,,fullrewrite,success,not_applicable,,4.466630895566258e-07,false,827,1129,1956,9212,none,none,exp_20260713_frbaseline_v2_rerun-raw-v1,call000016_30957e42,exp_20260713_frbaseline_v2_rerun-raw-v1#fullrewrite/jobboard3/rt08/backward
exp_20260713_frbaseline_v2_rerun,jobboard3,jobboard,fullrewrite,9,forward,true,,fullrewrite,success,not_applicable,,,,897,5503,6400,48067,none,none,exp_20260713_frbaseline_v2_rerun-raw-v1,call000017_b092648f,exp_20260713_frbaseline_v2_rerun-raw-v1#fullrewrite/jobboard3/rt09/forward
exp_20260713_frbaseline_v2_rerun,jobboard3,jobboard,fullrewrite,9,backward,true,,fullrewrite,success,not_applicable,,4.466630895566258e-07,false,880,708,1588,9209,none,none,exp_20260713_frbaseline_v2_rerun-raw-v1,call000018_5c3520ca,exp_20260713_frbaseline_v2_rerun-raw-v1#fullrewrite/jobboard3/rt09/backward
exp_20260713_frbaseline_v2_rerun,jobboard3,jobboard,fullrewrite,10,forward,true,,fullrewrite,success,not_applicable,,,,935,2953,3888,24081,none,none,exp_20260713_frbaseline_v2_rerun-raw-v1,call000019_8253e485,exp_20260713_frbaseline_v2_rerun-raw-v1#fullrewrite/jobboard3/rt10/forward
exp_20260713_frbaseline_v2_rerun,jobboard3,jobboard,fullrewrite,10,backward,true,,fullrewrite,success,not_applicable,,4.466630895566258e-07,false,943,809,1752,10751,none,none,exp_20260713_frbaseline_v2_rerun-raw-v1,call000020_bac6cd39,exp_20260713_frbaseline_v2_rerun-raw-v1#fullrewrite/jobboard3/rt10/backward
exp_20260713_frbaseline_v2_rerun,json3,json,fullrewrite,1,forward,true,,fullrewrite,failure,not_applicable,,0.0,,4744,1175,5919,12854,model,text_truncated,exp_20260713_frbaseline_v2_rerun-raw-v1,call000001_4de36578,exp_20260713_frbaseline_v2_rerun-raw-v1#fullrewrite/json3/rt01/forward
exp_20260713_frbaseline_v2_rerun,json3,json,fullrewrite,1,backward,true,,fullrewrite,failure,not_applicable,,0.0,false,273,431,704,5843,quality,content_regression,exp_20260713_frbaseline_v2_rerun-raw-v1,call000002_73e32a84,exp_20260713_frbaseline_v2_rerun-raw-v1#fullrewrite/json3/rt01/backward
exp_20260713_frbaseline_v2_rerun,json3,json,fullrewrite,2,forward,true,,fullrewrite,degraded,unchanged,,0.0,,298,377,675,4108,quality,content_regression,exp_20260713_frbaseline_v2_rerun-raw-v1,call000003_20746fd1,exp_20260713_frbaseline_v2_rerun-raw-v1#fullrewrite/json3/rt02/forward
exp_20260713_frbaseline_v2_rerun,json3,json,fullrewrite,2,backward,true,,fullrewrite,failure,not_applicable,,0.0,false,280,355,635,5205,quality,content_regression,exp_20260713_frbaseline_v2_rerun-raw-v1,call000004_445b12c3,exp_20260713_frbaseline_v2_rerun-raw-v1#fullrewrite/json3/rt02/backward
exp_20260713_frbaseline_v2_rerun,json3,json,fullrewrite,3,forward,true,,fullrewrite,success,not_applicable,,,,324,1416,1740,17559,none,none,exp_20260713_frbaseline_v2_rerun-raw-v1,call000005_8c644ae8,exp_20260713_frbaseline_v2_rerun-raw-v1#fullrewrite/json3/rt03/forward
exp_20260713_frbaseline_v2_rerun,json3,json,fullrewrite,3,backward,true,,fullrewrite,failure,not_applicable,,0.0,false,918,2404,3322,25581,model,empty_response,exp_20260713_frbaseline_v2_rerun-raw-v1,call000006_e8f27948,exp_20260713_frbaseline_v2_rerun-raw-v1#fullrewrite/json3/rt03/backward
exp_20260713_frbaseline_v2_rerun,json3,json,fullrewrite,4,forward,true,,fullrewrite,degraded,unchanged,,0.0,,358,361,719,4059,quality,content_regression,exp_20260713_frbaseline_v2_rerun-raw-v1,call000007_9851040a,exp_20260713_frbaseline_v2_rerun-raw-v1#fullrewrite/json3/rt04/forward
exp_20260713_frbaseline_v2_rerun,json3,json,fullrewrite,4,backward,true,,fullrewrite,failure,not_applicable,,0.0,false,295,338,633,3997,quality,content_regression,exp_20260713_frbaseline_v2_rerun-raw-v1,call000008_c29888a1,exp_20260713_frbaseline_v2_rerun-raw-v1#fullrewrite/json3/rt04/backward
exp_20260713_frbaseline_v2_rerun,json3,json,fullrewrite,5,forward,true,,fullrewrite,success,not_applicable,,,,297,1711,2008,17184,none,none,exp_20260713_frbaseline_v2_rerun-raw-v1,call000009_815b5d8a,exp_20260713_frbaseline_v2_rerun-raw-v1#fullrewrite/json3/rt05/forward
exp_20260713_frbaseline_v2_rerun,json3,json,fullrewrite,5,backward,true,,fullrewrite,success,not_applicable,,0.2731055402930403,false,1518,1325,2843,17768,none,none,exp_20260713_frbaseline_v2_rerun-raw-v1,call000010_28a4c8f6,exp_20260713_frbaseline_v2_rerun-raw-v1#fullrewrite/json3/rt05/backward
exp_20260713_frbaseline_v2_rerun,json3,json,fullrewrite,6,forward,true,,fullrewrite,failure,not_applicable,,0.0,,1431,10268,11699,100585,model,text_truncated,exp_20260713_frbaseline_v2_rerun-raw-v1,call000011_64aabcfc,exp_20260713_frbaseline_v2_rerun-raw-v1#fullrewrite/json3/rt06/forward
exp_20260713_frbaseline_v2_rerun,json3,json,fullrewrite,6,backward,true,,fullrewrite,success,not_applicable,,0.2573946886446886,false,282,1456,1738,23134,none,none,exp_20260713_frbaseline_v2_rerun-raw-v1,call000012_e79d4b72,exp_20260713_frbaseline_v2_rerun-raw-v1#fullrewrite/json3/rt06/backward
exp_20260713_frbaseline_v2_rerun,json3,json,fullrewrite,7,forward,true,,fullrewrite,failure,not_applicable,,0.0,,1091,787,1878,8165,model,text_truncated,exp_20260713_frbaseline_v2_rerun-raw-v1,call000013_3a42368c,exp_20260713_frbaseline_v2_rerun-raw-v1#fullrewrite/json3/rt07/forward
exp_20260713_frbaseline_v2_rerun,json3,json,fullrewrite,7,backward,true,,fullrewrite,failure,not_applicable,,0.0,true,283,264,547,3382,quality,content_regression,exp_20260713_frbaseline_v2_rerun-raw-v1,call000014_12378492,exp_20260713_frbaseline_v2_rerun-raw-v1#fullrewrite/json3/rt07/backward
exp_20260713_frbaseline_v2_rerun,json3,json,fullrewrite,8,forward,true,,fullrewrite,success,not_applicable,,,,274,1054,1328,13857,none,none,exp_20260713_frbaseline_v2_rerun-raw-v1,call000015_f275ee9e,exp_20260713_frbaseline_v2_rerun-raw-v1#fullrewrite/json3/rt08/forward
exp_20260713_frbaseline_v2_rerun,json3,json,fullrewrite,8,backward,true,,fullrewrite,success,not_applicable,,0.20703697344322342,false,669,837,1506,8171,none,none,exp_20260713_frbaseline_v2_rerun-raw-v1,call000016_f04f32dc,exp_20260713_frbaseline_v2_rerun-raw-v1#fullrewrite/json3/rt08/backward
exp_20260713_frbaseline_v2_rerun,json3,json,fullrewrite,9,forward,true,,fullrewrite,success,not_applicable,,,,633,478,1111,5612,none,none,exp_20260713_frbaseline_v2_rerun-raw-v1,call000017_a90ffc90,exp_20260713_frbaseline_v2_rerun-raw-v1#fullrewrite/json3/rt09/forward
exp_20260713_frbaseline_v2_rerun,json3,json,fullrewrite,9,backward,true,,fullrewrite,success,not_applicable,,0.20703697344322342,false,637,446,1083,4526,none,none,exp_20260713_frbaseline_v2_rerun-raw-v1,call000018_b4949fdf,exp_20260713_frbaseline_v2_rerun-raw-v1#fullrewrite/json3/rt09/backward
exp_20260713_frbaseline_v2_rerun,json3,json,fullrewrite,10,forward,true,,fullrewrite,failure,not_applicable,,0.0,,714,1696,2410,13517,model,text_truncated,exp_20260713_frbaseline_v2_rerun-raw-v1,call000019_ac19a065,exp_20260713_frbaseline_v2_rerun-raw-v1#fullrewrite/json3/rt10/forward
exp_20260713_frbaseline_v2_rerun,json3,json,fullrewrite,10,backward,true,,fullrewrite,success,not_applicable,,0.301430404589372,false,295,1881,2176,15371,none,none,exp_20260713_frbaseline_v2_rerun-raw-v1,call000020_e3e89589,exp_20260713_frbaseline_v2_rerun-raw-v1#fullrewrite/json3/rt10/backward
exp_20260713_frbaseline_v2_rerun,json4,json,fullrewrite,1,forward,true,,fullrewrite,success,not_applicable,,,,5823,13996,19819,95632,none,none,exp_20260713_frbaseline_v2_rerun-raw-v1,call000001_5c253552,exp_20260713_frbaseline_v2_rerun-raw-v1#fullrewrite/json4/rt01/forward
exp_20260713_frbaseline_v2_rerun,json4,json,fullrewrite,1,backward,true,,fullrewrite,success,not_applicable,,1.0,false,6737,13235,19972,241430,none,none,exp_20260713_frbaseline_v2_rerun-raw-v1,call000002_7fc34926,exp_20260713_frbaseline_v2_rerun-raw-v1#fullrewrite/json4/rt01/backward
exp_20260713_frbaseline_v2_rerun,json4,json,fullrewrite,2,forward,true,,fullrewrite,success,not_applicable,,,,5870,16704,22574,323604,none,none,exp_20260713_frbaseline_v2_rerun-raw-v1,call000003_58ffd29a,exp_20260713_frbaseline_v2_rerun-raw-v1#fullrewrite/json4/rt02/forward
exp_20260713_frbaseline_v2_rerun,json4,json,fullrewrite,2,backward,true,,fullrewrite,success,not_applicable,,1.0,false,5966,23169,29135,163671,none,none,exp_20260713_frbaseline_v2_rerun-raw-v1,call000004_27a720f0,exp_20260713_frbaseline_v2_rerun-raw-v1#fullrewrite/json4/rt02/backward
exp_20260713_frbaseline_v2_rerun,json4,json,fullrewrite,3,forward,true,,fullrewrite,failure,not_applicable,,0.0,,5872,4240,10112,1844029,model,empty_response,exp_20260713_frbaseline_v2_rerun-raw-v1,call000005_2f4862bd,exp_20260713_frbaseline_v2_rerun-raw-v1#fullrewrite/json4/rt03/forward
exp_20260713_frbaseline_v2_rerun,json4,json,fullrewrite,3,backward,true,,fullrewrite,failure,not_applicable,,0.0,true,290,597,887,9285,evaluator,evaluator_error,exp_20260713_frbaseline_v2_rerun-raw-v1,call000006_41cf6034,exp_20260713_frbaseline_v2_rerun-raw-v1#fullrewrite/json4/rt03/backward
exp_20260713_frbaseline_v2_rerun,json4,json,fullrewrite,4,forward,true,,fullrewrite,degraded,not_applicable,,,,373,1084,1457,14828,model,near_empty_response,exp_20260713_frbaseline_v2_rerun-raw-v1,call000007_1b8d8286,exp_20260713_frbaseline_v2_rerun-raw-v1#fullrewrite/json4/rt04/forward
exp_20260713_frbaseline_v2_rerun,json4,json,fullrewrite,4,backward,true,,fullrewrite,degraded,not_applicable,,0.0021634615384615386,false,335,309,644,3750,model,near_empty_response,exp_20260713_frbaseline_v2_rerun-raw-v1,call000008_d338f7e6,exp_20260713_frbaseline_v2_rerun-raw-v1#fullrewrite/json4/rt04/backward
exp_20260713_frbaseline_v2_rerun,json4,json,fullrewrite,5,forward,true,,fullrewrite,success,not_applicable,,,,326,633,959,7833,none,none,exp_20260713_frbaseline_v2_rerun-raw-v1,call000009_ed0028f6,exp_20260713_frbaseline_v2_rerun-raw-v1#fullrewrite/json4/rt05/forward
exp_20260713_frbaseline_v2_rerun,json4,json,fullrewrite,5,backward,true,,fullrewrite,degraded,not_applicable,,0.0021634615384615386,false,353,325,678,3586,model,near_empty_response,exp_20260713_frbaseline_v2_rerun-raw-v1,call000010_0aabf54f,exp_20260713_frbaseline_v2_rerun-raw-v1#fullrewrite/json4/rt05/backward
exp_20260713_frbaseline_v2_rerun,json4,json,fullrewrite,6,forward,true,,fullrewrite,degraded,not_applicable,,,,319,553,872,6090,model,near_empty_response,exp_20260713_frbaseline_v2_rerun-raw-v1,call000011_8fbbe940,exp_20260713_frbaseline_v2_rerun-raw-v1#fullrewrite/json4/rt06/forward
exp_20260713_frbaseline_v2_rerun,json4,json,fullrewrite,6,backward,true,,fullrewrite,degraded,not_applicable,,0.0021634615384615386,false,308,156,464,1796,model,near_empty_response,exp_20260713_frbaseline_v2_rerun-raw-v1,call000012_0555864d,exp_20260713_frbaseline_v2_rerun-raw-v1#fullrewrite/json4/rt06/backward
exp_20260713_frbaseline_v2_rerun,json4,json,fullrewrite,7,forward,true,,fullrewrite,success,not_applicable,,,,376,305,681,5361,none,none,exp_20260713_frbaseline_v2_rerun-raw-v1,call000013_dc3ad3bf,exp_20260713_frbaseline_v2_rerun-raw-v1#fullrewrite/json4/rt07/forward
exp_20260713_frbaseline_v2_rerun,json4,json,fullrewrite,7,backward,true,,fullrewrite,degraded,not_applicable,,0.0021634615384615386,false,366,236,602,2290,model,near_empty_response,exp_20260713_frbaseline_v2_rerun-raw-v1,call000014_6b3828d0,exp_20260713_frbaseline_v2_rerun-raw-v1#fullrewrite/json4/rt07/backward
exp_20260713_frbaseline_v2_rerun,json4,json,fullrewrite,8,forward,true,,fullrewrite,success,not_applicable,,,,327,314,641,3769,none,none,exp_20260713_frbaseline_v2_rerun-raw-v1,call000015_f180cfe0,exp_20260713_frbaseline_v2_rerun-raw-v1#fullrewrite/json4/rt08/forward
exp_20260713_frbaseline_v2_rerun,json4,json,fullrewrite,8,backward,true,,fullrewrite,degraded,not_applicable,,0.0028846153846153848,false,337,536,873,6307,model,near_empty_response,exp_20260713_frbaseline_v2_rerun-raw-v1,call000016_c4192908,exp_20260713_frbaseline_v2_rerun-raw-v1#fullrewrite/json4/rt08/backward
exp_20260713_frbaseline_v2_rerun,json4,json,fullrewrite,9,forward,true,,fullrewrite,degraded,unchanged,,,,321,527,848,9293,model,near_empty_response,exp_20260713_frbaseline_v2_rerun-raw-v1,call000017_4773c37c,exp_20260713_frbaseline_v2_rerun-raw-v1#fullrewrite/json4/rt09/forward
exp_20260713_frbaseline_v2_rerun,json4,json,fullrewrite,9,backward,true,,fullrewrite,degraded,not_applicable,,0.0028846153846153848,false,310,254,564,3262,model,near_empty_response,exp_20260713_frbaseline_v2_rerun-raw-v1,call000018_6c0feed0,exp_20260713_frbaseline_v2_rerun-raw-v1#fullrewrite/json4/rt09/backward
exp_20260713_frbaseline_v2_rerun,json4,json,fullrewrite,10,forward,true,,fullrewrite,degraded,not_applicable,,,,355,337,692,4159,model,near_empty_response,exp_20260713_frbaseline_v2_rerun-raw-v1,call000019_2ffdf10d,exp_20260713_frbaseline_v2_rerun-raw-v1#fullrewrite/json4/rt10/forward
exp_20260713_frbaseline_v2_rerun,json4,json,fullrewrite,10,backward,true,,fullrewrite,degraded,not_applicable,,0.0028846153846153848,false,340,282,622,3993,model,near_empty_response,exp_20260713_frbaseline_v2_rerun-raw-v1,call000020_1864bdd3,exp_20260713_frbaseline_v2_rerun-raw-v1#fullrewrite/json4/rt10/backward
exp_20260713_frbaseline_v2_rerun,landmarks3,landmarks,fullrewrite,1,forward,true,,fullrewrite,success,not_applicable,,,,4013,6069,10082,110316,none,none,exp_20260713_frbaseline_v2_rerun-raw-v1,call000001_c93fb538,exp_20260713_frbaseline_v2_rerun-raw-v1#fullrewrite/landmarks3/rt01/forward
exp_20260713_frbaseline_v2_rerun,landmarks3,landmarks,fullrewrite,1,backward,true,,fullrewrite,failure,not_applicable,,0.0,false,4004,2588,6592,22884,model,text_truncated,exp_20260713_frbaseline_v2_rerun-raw-v1,call000002_ae4d914e,exp_20260713_frbaseline_v2_rerun-raw-v1#fullrewrite/landmarks3/rt01/backward
exp_20260713_frbaseline_v2_rerun,landmarks3,landmarks,fullrewrite,2,forward,true,,fullrewrite,degraded,unchanged,,0.0,,308,387,695,5136,quality,content_regression,exp_20260713_frbaseline_v2_rerun-raw-v1,call000003_945dfaaa,exp_20260713_frbaseline_v2_rerun-raw-v1#fullrewrite/landmarks3/rt02/forward
exp_20260713_frbaseline_v2_rerun,landmarks3,landmarks,fullrewrite,2,backward,true,,fullrewrite,success,not_applicable,,0.0,false,286,1040,1326,10738,none,none,exp_20260713_frbaseline_v2_rerun-raw-v1,call000004_e0616efa,exp_20260713_frbaseline_v2_rerun-raw-v1#fullrewrite/landmarks3/rt02/backward
exp_20260713_frbaseline_v2_rerun,landmarks3,landmarks,fullrewrite,3,forward,true,,fullrewrite,success,not_applicable,,,,1210,9698,10908,74306,none,none,exp_20260713_frbaseline_v2_rerun-raw-v1,call000005_95072956,exp_20260713_frbaseline_v2_rerun-raw-v1#fullrewrite/landmarks3/rt03/forward
exp_20260713_frbaseline_v2_rerun,landmarks3,landmarks,fullrewrite,3,backward,true,,fullrewrite,failure,not_applicable,,0.0,false,2208,2408,4616,25167,model,empty_response,exp_20260713_frbaseline_v2_rerun-raw-v1,call000006_d88c73ea,exp_20260713_frbaseline_v2_rerun-raw-v1#fullrewrite/landmarks3/rt03/backward
exp_20260713_frbaseline_v2_rerun,landmarks3,landmarks,fullrewrite,4,forward,true,,fullrewrite,degraded,unchanged,,0.0,,480,17387,17867,340390,model,empty_response,exp_20260713_frbaseline_v2_rerun-raw-v1,call000007_f04e8a49,exp_20260713_frbaseline_v2_rerun-raw-v1#fullrewrite/landmarks3/rt04/forward
exp_20260713_frbaseline_v2_rerun,landmarks3,landmarks,fullrewrite,4,backward,true,,fullrewrite,success,not_applicable,,0.0,false,321,2139,2460,39028,none,none,exp_20260713_frbaseline_v2_rerun-raw-v1,call000008_563741c2,exp_20260713_frbaseline_v2_rerun-raw-v1#fullrewrite/landmarks3/rt04/backward
exp_20260713_frbaseline_v2_rerun,landmarks3,landmarks,fullrewrite,5,forward,true,,fullrewrite,failure,not_applicable,,0.0,,1351,1223,2574,10866,model,text_truncated,exp_20260713_frbaseline_v2_rerun-raw-v1,call000009_4c2de512,exp_20260713_frbaseline_v2_rerun-raw-v1#fullrewrite/landmarks3/rt05/forward
exp_20260713_frbaseline_v2_rerun,landmarks3,landmarks,fullrewrite,5,backward,true,,fullrewrite,success,not_applicable,,0.0,false,294,2504,2798,18387,none,none,exp_20260713_frbaseline_v2_rerun-raw-v1,call000010_70d0310e,exp_20260713_frbaseline_v2_rerun-raw-v1#fullrewrite/landmarks3/rt05/backward
exp_20260713_frbaseline_v2_rerun,landmarks3,landmarks,fullrewrite,6,forward,true,,fullrewrite,success,not_applicable,,,,2532,1932,4464,22445,none,none,exp_20260713_frbaseline_v2_rerun-raw-v1,call000011_bfcb6788,exp_20260713_frbaseline_v2_rerun-raw-v1#fullrewrite/landmarks3/rt06/forward
exp_20260713_frbaseline_v2_rerun,landmarks3,landmarks,fullrewrite,6,backward,true,,fullrewrite,failure,not_applicable,,0.0,false,1560,1155,2715,9086,model,text_truncated,exp_20260713_frbaseline_v2_rerun-raw-v1,call000012_78733c73,exp_20260713_frbaseline_v2_rerun-raw-v1#fullrewrite/landmarks3/rt06/backward
exp_20260713_frbaseline_v2_rerun,landmarks3,landmarks,fullrewrite,7,forward,true,,fullrewrite,degraded,unchanged,,0.0,,323,340,663,4080,quality,content_regression,exp_20260713_frbaseline_v2_rerun-raw-v1,call000013_d26c2f33,exp_20260713_frbaseline_v2_rerun-raw-v1#fullrewrite/landmarks3/rt07/forward
exp_20260713_frbaseline_v2_rerun,landmarks3,landmarks,fullrewrite,7,backward,true,,fullrewrite,success,not_applicable,,0.0,false,288,806,1094,11494,none,none,exp_20260713_frbaseline_v2_rerun-raw-v1,call000014_3bef82ad,exp_20260713_frbaseline_v2_rerun-raw-v1#fullrewrite/landmarks3/rt07/backward
exp_20260713_frbaseline_v2_rerun,landmarks3,landmarks,fullrewrite,8,forward,true,,fullrewrite,failure,not_applicable,,0.0,,465,529,994,9206,quality,content_regression,exp_20260713_frbaseline_v2_rerun-raw-v1,call000015_b64182b8,exp_20260713_frbaseline_v2_rerun-raw-v1#fullrewrite/landmarks3/rt08/forward
exp_20260713_frbaseline_v2_rerun,landmarks3,landmarks,fullrewrite,8,backward,true,,fullrewrite,failure,not_applicable,,0.0,false,286,472,758,6575,quality,content_regression,exp_20260713_frbaseline_v2_rerun-raw-v1,call000016_8edf456e,exp_20260713_frbaseline_v2_rerun-raw-v1#fullrewrite/landmarks3/rt08/backward
exp_20260713_frbaseline_v2_rerun,landmarks3,landmarks,fullrewrite,9,forward,true,,fullrewrite,success,not_applicable,,,,279,2282,2561,28242,none,none,exp_20260713_frbaseline_v2_rerun-raw-v1,call000017_10ef2408,exp_20260713_frbaseline_v2_rerun-raw-v1#fullrewrite/landmarks3/rt09/forward
exp_20260713_frbaseline_v2_rerun,landmarks3,landmarks,fullrewrite,9,backward,true,,fullrewrite,success,not_applicable,,0.00017238804210554758,false,1325,2589,3914,23190,none,none,exp_20260713_frbaseline_v2_rerun-raw-v1,call000018_d6b9fb02,exp_20260713_frbaseline_v2_rerun-raw-v1#fullrewrite/landmarks3/rt09/backward
exp_20260713_frbaseline_v2_rerun,landmarks3,landmarks,fullrewrite,10,forward,true,,fullrewrite,failure,not_applicable,,0.0,,1574,33366,34940,1860208,model,empty_response,exp_20260713_frbaseline_v2_rerun-raw-v1,call000019_63051e28,exp_20260713_frbaseline_v2_rerun-raw-v1#fullrewrite/landmarks3/rt10/forward
exp_20260713_frbaseline_v2_rerun,landmarks3,landmarks,fullrewrite,10,backward,true,,fullrewrite,degraded,not_applicable,,0.0,true,321,1684,2005,16549,quality,content_regression,exp_20260713_frbaseline_v2_rerun-raw-v1,call000020_ab7995de,exp_20260713_frbaseline_v2_rerun-raw-v1#fullrewrite/landmarks3/rt10/backward
exp_20260713_frbaseline_v2_rerun,latex1,latex,fullrewrite,1,forward,true,,fullrewrite,success,not_applicable,,,,6107,29818,35925,221847,none,none,exp_20260713_frbaseline_v2_rerun-raw-v1,call000001_6fe197cf,exp_20260713_frbaseline_v2_rerun-raw-v1#fullrewrite/latex1/rt01/forward
exp_20260713_frbaseline_v2_rerun,latex1,latex,fullrewrite,1,backward,true,,fullrewrite,success,not_applicable,,0.9999751058003485,false,6670,13328,19998,86407,none,none,exp_20260713_frbaseline_v2_rerun-raw-v1,call000002_566d205b,exp_20260713_frbaseline_v2_rerun-raw-v1#fullrewrite/latex1/rt01/backward
exp_20260713_frbaseline_v2_rerun,latex1,latex,fullrewrite,2,forward,true,,fullrewrite,failure,not_applicable,,0.0,,6202,2238,8440,17531,model,empty_response,exp_20260713_frbaseline_v2_rerun-raw-v1,call000003_ea09b1e6,exp_20260713_frbaseline_v2_rerun-raw-v1#fullrewrite/latex1/rt02/forward
exp_20260713_frbaseline_v2_rerun,latex1,latex,fullrewrite,2,backward,true,,fullrewrite,degraded,not_applicable,,0.005865921787709497,true,368,2012,2380,25168,quality,content_regression,exp_20260713_frbaseline_v2_rerun-raw-v1,call000004_32a0de0e,exp_20260713_frbaseline_v2_rerun-raw-v1#fullrewrite/latex1/rt02/backward
exp_20260713_frbaseline_v2_rerun,latex1,latex,fullrewrite,3,forward,true,,fullrewrite,success,not_applicable,,,,1284,1815,3099,16409,none,none,exp_20260713_frbaseline_v2_rerun-raw-v1,call000005_0d86c264,exp_20260713_frbaseline_v2_rerun-raw-v1#fullrewrite/latex1/rt03/forward
exp_20260713_frbaseline_v2_rerun,latex1,latex,fullrewrite,3,backward,true,,fullrewrite,success,not_applicable,,0.005865921787709497,false,1268,1467,2735,14554,none,none,exp_20260713_frbaseline_v2_rerun-raw-v1,call000006_2ffe3fef,exp_20260713_frbaseline_v2_rerun-raw-v1#fullrewrite/latex1/rt03/backward
exp_20260713_frbaseline_v2_rerun,latex1,latex,fullrewrite,4,forward,true,,fullrewrite,success,not_applicable,,,,1365,2646,4011,22534,none,none,exp_20260713_frbaseline_v2_rerun-raw-v1,call000007_d6eca3ee,exp_20260713_frbaseline_v2_rerun-raw-v1#fullrewrite/latex1/rt04/forward
exp_20260713_frbaseline_v2_rerun,latex1,latex,fullrewrite,4,backward,true,,fullrewrite,failure,not_applicable,,0.0,true,1392,782,2174,8689,model,empty_response,exp_20260713_frbaseline_v2_rerun-raw-v1,call000008_5b6e8dab,exp_20260713_frbaseline_v2_rerun-raw-v1#fullrewrite/latex1/rt04/backward
exp_20260713_frbaseline_v2_rerun,latex1,latex,fullrewrite,5,forward,true,,fullrewrite,degraded,unchanged,,0.0,,336,314,650,4463,quality,content_regression,exp_20260713_frbaseline_v2_rerun-raw-v1,call000009_1eefa55d,exp_20260713_frbaseline_v2_rerun-raw-v1#fullrewrite/latex1/rt05/forward
exp_20260713_frbaseline_v2_rerun,latex1,latex,fullrewrite,5,backward,true,,fullrewrite,success,not_applicable,,0.005704307334109429,false,333,3989,4322,50444,none,none,exp_20260713_frbaseline_v2_rerun-raw-v1,call000010_ac744f78,exp_20260713_frbaseline_v2_rerun-raw-v1#fullrewrite/latex1/rt05/backward
exp_20260713_frbaseline_v2_rerun,latex1,latex,fullrewrite,6,forward,true,,fullrewrite,success,not_applicable,,,,2503,11839,14342,120731,none,none,exp_20260713_frbaseline_v2_rerun-raw-v1,call000011_777eb7ee,exp_20260713_frbaseline_v2_rerun-raw-v1#fullrewrite/latex1/rt06/forward
exp_20260713_frbaseline_v2_rerun,latex1,latex,fullrewrite,6,backward,true,,fullrewrite,success,not_applicable,,0.005704307334109429,false,2720,3380,6100,24690,none,none,exp_20260713_frbaseline_v2_rerun-raw-v1,call000012_4d33972e,exp_20260713_frbaseline_v2_rerun-raw-v1#fullrewrite/latex1/rt06/backward
exp_20260713_frbaseline_v2_rerun,latex1,latex,fullrewrite,7,forward,true,,fullrewrite,success,not_applicable,,,,2430,2974,5404,26519,none,none,exp_20260713_frbaseline_v2_rerun-raw-v1,call000013_a09b06f4,exp_20260713_frbaseline_v2_rerun-raw-v1#fullrewrite/latex1/rt07/forward
exp_20260713_frbaseline_v2_rerun,latex1,latex,fullrewrite,7,backward,true,,fullrewrite,success,not_applicable,,0.005704307334109429,false,2414,3379,5793,24132,none,none,exp_20260713_frbaseline_v2_rerun-raw-v1,call000014_3c725f67,exp_20260713_frbaseline_v2_rerun-raw-v1#fullrewrite/latex1/rt07/backward
exp_20260713_frbaseline_v2_rerun,latex1,latex,fullrewrite,8,forward,true,,fullrewrite,success,not_applicable,,,,2465,5658,8123,40751,none,none,exp_20260713_frbaseline_v2_rerun-raw-v1,call000015_5afa4f21,exp_20260713_frbaseline_v2_rerun-raw-v1#fullrewrite/latex1/rt08/forward
exp_20260713_frbaseline_v2_rerun,latex1,latex,fullrewrite,8,backward,true,,fullrewrite,success,not_applicable,,0.0032563548762252867,false,1959,5602,7561,46460,none,none,exp_20260713_frbaseline_v2_rerun-raw-v1,call000016_692277a1,exp_20260713_frbaseline_v2_rerun-raw-v1#fullrewrite/latex1/rt08/backward
exp_20260713_frbaseline_v2_rerun,latex1,latex,fullrewrite,9,forward,true,,fullrewrite,success,not_applicable,,,,2607,13919,16526,112559,none,none,exp_20260713_frbaseline_v2_rerun-raw-v1,call000017_963e9681,exp_20260713_frbaseline_v2_rerun-raw-v1#fullrewrite/latex1/rt09/forward
exp_20260713_frbaseline_v2_rerun,latex1,latex,fullrewrite,9,backward,true,,fullrewrite,success,not_applicable,,0.007388762585254952,false,2698,2638,5336,23462,none,none,exp_20260713_frbaseline_v2_rerun-raw-v1,call000018_c1047f59,exp_20260713_frbaseline_v2_rerun-raw-v1#fullrewrite/latex1/rt09/backward
exp_20260713_frbaseline_v2_rerun,latex1,latex,fullrewrite,10,forward,true,,fullrewrite,success,not_applicable,,,,2736,17063,19799,131114,none,none,exp_20260713_frbaseline_v2_rerun-raw-v1,call000019_ced86b18,exp_20260713_frbaseline_v2_rerun-raw-v1#fullrewrite/latex1/rt10/forward
exp_20260713_frbaseline_v2_rerun,latex1,latex,fullrewrite,10,backward,true,,fullrewrite,success,not_applicable,,0.003161873156342183,false,2235,2288,4523,16861,none,none,exp_20260713_frbaseline_v2_rerun-raw-v1,call000020_a4fd8a07,exp_20260713_frbaseline_v2_rerun-raw-v1#fullrewrite/latex1/rt10/backward
exp_20260713_frbaseline_v2_rerun,latex4,latex,fullrewrite,1,forward,true,,fullrewrite,success,not_applicable,,,,6159,23085,29244,167739,none,none,exp_20260713_frbaseline_v2_rerun-raw-v1,call000001_27917e0e,exp_20260713_frbaseline_v2_rerun-raw-v1#fullrewrite/latex4/rt01/forward
exp_20260713_frbaseline_v2_rerun,latex4,latex,fullrewrite,1,backward,true,,fullrewrite,success,not_applicable,,0.999931907394056,false,7070,14247,21317,129582,none,none,exp_20260713_frbaseline_v2_rerun-raw-v1,call000002_2b4961df,exp_20260713_frbaseline_v2_rerun-raw-v1#fullrewrite/latex4/rt01/backward
exp_20260713_frbaseline_v2_rerun,latex4,latex,fullrewrite,2,forward,true,,fullrewrite,success,not_applicable,,,,6172,20470,26642,148766,none,none,exp_20260713_frbaseline_v2_rerun-raw-v1,call000003_8eccfd02,exp_20260713_frbaseline_v2_rerun-raw-v1#fullrewrite/latex4/rt02/forward
exp_20260713_frbaseline_v2_rerun,latex4,latex,fullrewrite,2,backward,true,,fullrewrite,degraded,not_applicable,,0.8815501897595825,true,6416,12968,19384,88463,quality,content_regression,exp_20260713_frbaseline_v2_rerun-raw-v1,call000004_5154dfe8,exp_20260713_frbaseline_v2_rerun-raw-v1#fullrewrite/latex4/rt02/backward
exp_20260713_frbaseline_v2_rerun,latex4,latex,fullrewrite,3,forward,true,,fullrewrite,failure,not_applicable,,0.0,,6268,45248,51516,437902,model,text_truncated,exp_20260713_frbaseline_v2_rerun-raw-v1,call000005_fe38f25c,exp_20260713_frbaseline_v2_rerun-raw-v1#fullrewrite/latex4/rt03/forward
exp_20260713_frbaseline_v2_rerun,latex4,latex,fullrewrite,3,backward,true,,fullrewrite,degraded,not_applicable,,0.007609165585819281,true,799,6941,7740,88471,quality,content_regression,exp_20260713_frbaseline_v2_rerun-raw-v1,call000006_cbb42bd0,exp_20260713_frbaseline_v2_rerun-raw-v1#fullrewrite/latex4/rt03/backward
exp_20260713_frbaseline_v2_rerun,latex4,latex,fullrewrite,4,forward,true,,fullrewrite,success,not_applicable,,,,3180,22075,25255,175052,none,none,exp_20260713_frbaseline_v2_rerun-raw-v1,call000007_63ec440f,exp_20260713_frbaseline_v2_rerun-raw-v1#fullrewrite/latex4/rt04/forward
exp_20260713_frbaseline_v2_rerun,latex4,latex,fullrewrite,4,backward,true,,fullrewrite,success,not_applicable,,0.008061212659891024,false,9437,10642,20079,57449,none,none,exp_20260713_frbaseline_v2_rerun-raw-v1,call000008_d1f13cfc,exp_20260713_frbaseline_v2_rerun-raw-v1#fullrewrite/latex4/rt04/backward
exp_20260713_frbaseline_v2_rerun,latex4,latex,fullrewrite,5,forward,true,,fullrewrite,success,not_applicable,,,,7544,37785,45329,271863,none,none,exp_20260713_frbaseline_v2_rerun-raw-v1,call000009_aa41aa59,exp_20260713_frbaseline_v2_rerun-raw-v1#fullrewrite/latex4/rt05/forward
exp_20260713_frbaseline_v2_rerun,latex4,latex,fullrewrite,5,backward,true,,fullrewrite,success,not_applicable,,0.008045356371490281,false,9083,24137,33220,178464,none,none,exp_20260713_frbaseline_v2_rerun-raw-v1,call000010_450297aa,exp_20260713_frbaseline_v2_rerun-raw-v1#fullrewrite/latex4/rt05/backward
exp_20260713_frbaseline_v2_rerun,latex4,latex,fullrewrite,6,forward,true,,fullrewrite,success,not_applicable,,,,7510,17939,25449,165807,none,none,exp_20260713_frbaseline_v2_rerun-raw-v1,call000011_c68bf61d,exp_20260713_frbaseline_v2_rerun-raw-v1#fullrewrite/latex4/rt06/forward
exp_20260713_frbaseline_v2_rerun,latex4,latex,fullrewrite,6,backward,true,,fullrewrite,success,not_applicable,,0.008045356371490281,false,8450,9305,17755,60267,none,none,exp_20260713_frbaseline_v2_rerun-raw-v1,call000012_fc5ca263,exp_20260713_frbaseline_v2_rerun-raw-v1#fullrewrite/latex4/rt06/backward
exp_20260713_frbaseline_v2_rerun,latex4,latex,fullrewrite,7,forward,true,,fullrewrite,success,not_applicable,,,,7518,15689,23207,111093,none,none,exp_20260713_frbaseline_v2_rerun-raw-v1,call000013_05e342a2,exp_20260713_frbaseline_v2_rerun-raw-v1#fullrewrite/latex4/rt07/forward
exp_20260713_frbaseline_v2_rerun,latex4,latex,fullrewrite,7,backward,true,,fullrewrite,success,not_applicable,,0.007717351091379947,false,8543,9540,18083,56611,none,none,exp_20260713_frbaseline_v2_rerun-raw-v1,call000014_e2533031,exp_20260713_frbaseline_v2_rerun-raw-v1#fullrewrite/latex4/rt07/backward
exp_20260713_frbaseline_v2_rerun,latex4,latex,fullrewrite,8,forward,true,,fullrewrite,success,not_applicable,,,,7817,7914,15731,46790,none,none,exp_20260713_frbaseline_v2_rerun-raw-v1,call000015_082678fa,exp_20260713_frbaseline_v2_rerun-raw-v1#fullrewrite/latex4/rt08/forward
exp_20260713_frbaseline_v2_rerun,latex4,latex,fullrewrite,8,backward,true,,fullrewrite,success,not_applicable,,0.007717351091379947,false,7808,9340,17148,61042,none,none,exp_20260713_frbaseline_v2_rerun-raw-v1,call000016_82a5a4f8,exp_20260713_frbaseline_v2_rerun-raw-v1#fullrewrite/latex4/rt08/backward
exp_20260713_frbaseline_v2_rerun,latex4,latex,fullrewrite,9,forward,true,,fullrewrite,success,not_applicable,,,,7822,25434,33256,177293,none,none,exp_20260713_frbaseline_v2_rerun-raw-v1,call000017_1a4e6e5e,exp_20260713_frbaseline_v2_rerun-raw-v1#fullrewrite/latex4/rt09/forward
exp_20260713_frbaseline_v2_rerun,latex4,latex,fullrewrite,9,backward,true,,fullrewrite,failure,not_applicable,,0.0,true,10746,66134,76880,501772,model,empty_response,exp_20260713_frbaseline_v2_rerun-raw-v1,call000018_8899516b,exp_20260713_frbaseline_v2_rerun-raw-v1#fullrewrite/latex4/rt09/backward
exp_20260713_frbaseline_v2_rerun,latex4,latex,fullrewrite,10,forward,true,,fullrewrite,success,not_applicable,,,,359,15814,16173,139832,none,none,exp_20260713_frbaseline_v2_rerun-raw-v1,call000019_400dcf3e,exp_20260713_frbaseline_v2_rerun-raw-v1#fullrewrite/latex4/rt10/forward
exp_20260713_frbaseline_v2_rerun,latex4,latex,fullrewrite,10,backward,true,,fullrewrite,success,not_applicable,,0.007694214876033057,false,1776,2833,4609,21414,none,none,exp_20260713_frbaseline_v2_rerun-raw-v1,call000020_d138c876,exp_20260713_frbaseline_v2_rerun-raw-v1#fullrewrite/latex4/rt10/backward
exp_20260713_frbaseline_v2_rerun,latex6,latex,fullrewrite,1,forward,true,,fullrewrite,success,not_applicable,,,,7961,38426,46387,294305,none,none,exp_20260713_frbaseline_v2_rerun-raw-v1,call000001_4b65c862,exp_20260713_frbaseline_v2_rerun-raw-v1#fullrewrite/latex6/rt01/forward
exp_20260713_frbaseline_v2_rerun,latex6,latex,fullrewrite,1,backward,true,,fullrewrite,success,not_applicable,,0.9820567755751204,false,7979,20877,28856,135486,none,none,exp_20260713_frbaseline_v2_rerun-raw-v1,call000002_51df9cd6,exp_20260713_frbaseline_v2_rerun-raw-v1#fullrewrite/latex6/rt01/backward
exp_20260713_frbaseline_v2_rerun,latex6,latex,fullrewrite,2,forward,true,,fullrewrite,success,not_applicable,,,,8075,32171,40246,223857,none,none,exp_20260713_frbaseline_v2_rerun-raw-v1,call000003_3557dc07,exp_20260713_frbaseline_v2_rerun-raw-v1#fullrewrite/latex6/rt02/forward
exp_20260713_frbaseline_v2_rerun,latex6,latex,fullrewrite,2,backward,true,,fullrewrite,failure,not_applicable,,0.0,true,9212,8566,17778,64106,model,empty_response,exp_20260713_frbaseline_v2_rerun-raw-v1,call000004_937ad7c6,exp_20260713_frbaseline_v2_rerun-raw-v1#fullrewrite/latex6/rt02/backward
exp_20260713_frbaseline_v2_rerun,latex6,latex,fullrewrite,3,forward,true,,fullrewrite,failure,not_applicable,,0.0,,448,25,473,1329,model,near_empty_response,exp_20260713_frbaseline_v2_rerun-raw-v1,call000005_0fd4f095,exp_20260713_frbaseline_v2_rerun-raw-v1#fullrewrite/latex6/rt03/forward
exp_20260713_frbaseline_v2_rerun,latex6,latex,fullrewrite,3,backward,true,,fullrewrite,failure,not_applicable,,0.0,false,323,29,352,3464,model,near_empty_response,exp_20260713_frbaseline_v2_rerun-raw-v1,call000006_6ebfcde0,exp_20260713_frbaseline_v2_rerun-raw-v1#fullrewrite/latex6/rt03/backward
exp_20260713_frbaseline_v2_rerun,latex6,latex,fullrewrite,4,forward,true,,fullrewrite,success,not_applicable,,,,445,5739,6184,49263,none,none,exp_20260713_frbaseline_v2_rerun-raw-v1,call000007_2f57d991,exp_20260713_frbaseline_v2_rerun-raw-v1#fullrewrite/latex6/rt04/forward
exp_20260713_frbaseline_v2_rerun,latex6,latex,fullrewrite,4,backward,true,,fullrewrite,success,not_applicable,,0.005100424507381359,false,3939,32050,35989,243807,none,none,exp_20260713_frbaseline_v2_rerun-raw-v1,call000008_6f08333e,exp_20260713_frbaseline_v2_rerun-raw-v1#fullrewrite/latex6/rt04/backward
exp_20260713_frbaseline_v2_rerun,latex6,latex,fullrewrite,5,forward,true,,fullrewrite,success,not_applicable,,,,2447,5570,8017,43708,none,none,exp_20260713_frbaseline_v2_rerun-raw-v1,call000009_03e39884,exp_20260713_frbaseline_v2_rerun-raw-v1#fullrewrite/latex6/rt05/forward
exp_20260713_frbaseline_v2_rerun,latex6,latex,fullrewrite,5,backward,true,,fullrewrite,success,not_applicable,,0.005100424507381359,false,2590,3833,6423,30515,none,none,exp_20260713_frbaseline_v2_rerun-raw-v1,call000010_344c0191,exp_20260713_frbaseline_v2_rerun-raw-v1#fullrewrite/latex6/rt05/backward
exp_20260713_frbaseline_v2_rerun,latex6,latex,fullrewrite,6,forward,true,,fullrewrite,success,not_applicable,,,,2501,7591,10092,61345,none,none,exp_20260713_frbaseline_v2_rerun-raw-v1,call000011_433af4ec,exp_20260713_frbaseline_v2_rerun-raw-v1#fullrewrite/latex6/rt06/forward
exp_20260713_frbaseline_v2_rerun,latex6,latex,fullrewrite,6,backward,true,,fullrewrite,success,not_applicable,,0.006828387096774193,false,3289,3271,6560,31500,none,none,exp_20260713_frbaseline_v2_rerun-raw-v1,call000012_4a0ec049,exp_20260713_frbaseline_v2_rerun-raw-v1#fullrewrite/latex6/rt06/backward
exp_20260713_frbaseline_v2_rerun,latex6,latex,fullrewrite,7,forward,true,,fullrewrite,success,not_applicable,,,,3279,39075,42354,299614,none,none,exp_20260713_frbaseline_v2_rerun-raw-v1,call000013_bc9c2247,exp_20260713_frbaseline_v2_rerun-raw-v1#fullrewrite/latex6/rt07/forward
exp_20260713_frbaseline_v2_rerun,latex6,latex,fullrewrite,7,backward,true,,fullrewrite,success,not_applicable,,0.00704428834753151,false,5076,43575,48651,304977,none,none,exp_20260713_frbaseline_v2_rerun-raw-v1,call000014_bd0f3773,exp_20260713_frbaseline_v2_rerun-raw-v1#fullrewrite/latex6/rt07/backward
exp_20260713_frbaseline_v2_rerun,latex6,latex,fullrewrite,8,forward,true,,fullrewrite,success,not_applicable,,,,3421,11826,15247,86312,none,none,exp_20260713_frbaseline_v2_rerun-raw-v1,call000015_53b7d595,exp_20260713_frbaseline_v2_rerun-raw-v1#fullrewrite/latex6/rt08/forward
exp_20260713_frbaseline_v2_rerun,latex6,latex,fullrewrite,8,backward,true,,fullrewrite,success,not_applicable,,0.007053424452536539,false,3708,11881,15589,87247,none,none,exp_20260713_frbaseline_v2_rerun-raw-v1,call000016_9f7860f7,exp_20260713_frbaseline_v2_rerun-raw-v1#fullrewrite/latex6/rt08/backward
exp_20260713_frbaseline_v2_rerun,latex6,latex,fullrewrite,9,forward,true,,fullrewrite,success,not_applicable,,,,3323,6715,10038,68537,none,none,exp_20260713_frbaseline_v2_rerun-raw-v1,call000017_75957788,exp_20260713_frbaseline_v2_rerun-raw-v1#fullrewrite/latex6/rt09/forward
exp_20260713_frbaseline_v2_rerun,latex6,latex,fullrewrite,9,backward,true,,fullrewrite,success,not_applicable,,0.007053424452536539,false,3345,4850,8195,32118,none,none,exp_20260713_frbaseline_v2_rerun-raw-v1,call000018_60c171dc,exp_20260713_frbaseline_v2_rerun-raw-v1#fullrewrite/latex6/rt09/backward
exp_20260713_frbaseline_v2_rerun,latex6,latex,fullrewrite,10,forward,true,,fullrewrite,failure,not_applicable,,0.0,,3445,7761,11206,61162,model,empty_response,exp_20260713_frbaseline_v2_rerun-raw-v1,call000019_e97c3a20,exp_20260713_frbaseline_v2_rerun-raw-v1#fullrewrite/latex6/rt10/forward
exp_20260713_frbaseline_v2_rerun,latex6,latex,fullrewrite,10,backward,true,,fullrewrite,success,not_applicable,,0.0031069684864624943,false,317,5064,5381,45038,none,none,exp_20260713_frbaseline_v2_rerun-raw-v1,call000020_58ece2bf,exp_20260713_frbaseline_v2_rerun-raw-v1#fullrewrite/latex6/rt10/backward
exp_20260713_frbaseline_v2_rerun,makefile3,makefile,fullrewrite,1,forward,true,,fullrewrite,failure,not_applicable,,0.0,,2236,11998,14234,90501,model,text_truncated,exp_20260713_frbaseline_v2_rerun-raw-v1,call000001_38a436f0,exp_20260713_frbaseline_v2_rerun-raw-v1#fullrewrite/makefile3/rt01/forward
exp_20260713_frbaseline_v2_rerun,makefile3,makefile,fullrewrite,1,backward,true,,fullrewrite,failure,not_applicable,,0.0,false,270,322,592,4900,model,near_empty_response,exp_20260713_frbaseline_v2_rerun-raw-v1,call000002_666ea03a,exp_20260713_frbaseline_v2_rerun-raw-v1#fullrewrite/makefile3/rt01/backward
exp_20260713_frbaseline_v2_rerun,makefile3,makefile,fullrewrite,2,forward,true,,fullrewrite,success,not_applicable,,,,334,1432,1766,16937,none,none,exp_20260713_frbaseline_v2_rerun-raw-v1,call000003_898d66f5,exp_20260713_frbaseline_v2_rerun-raw-v1#fullrewrite/makefile3/rt02/forward
exp_20260713_frbaseline_v2_rerun,makefile3,makefile,fullrewrite,2,backward,true,,fullrewrite,success,not_applicable,,0.05187736550632911,false,672,1003,1675,6502,none,none,exp_20260713_frbaseline_v2_rerun-raw-v1,call000004_c1a38fac,exp_20260713_frbaseline_v2_rerun-raw-v1#fullrewrite/makefile3/rt02/backward
exp_20260713_frbaseline_v2_rerun,makefile3,makefile,fullrewrite,3,forward,true,,fullrewrite,success,not_applicable,,,,464,16588,17052,132213,none,none,exp_20260713_frbaseline_v2_rerun-raw-v1,call000005_081013d8,exp_20260713_frbaseline_v2_rerun-raw-v1#fullrewrite/makefile3/rt03/forward
exp_20260713_frbaseline_v2_rerun,makefile3,makefile,fullrewrite,3,backward,true,,fullrewrite,success,not_applicable,,0.10794670329670328,false,1826,3992,5818,29701,none,none,exp_20260713_frbaseline_v2_rerun-raw-v1,call000006_701bffd7,exp_20260713_frbaseline_v2_rerun-raw-v1#fullrewrite/makefile3/rt03/backward
exp_20260713_frbaseline_v2_rerun,makefile3,makefile,fullrewrite,4,forward,true,,fullrewrite,success,not_applicable,,,,867,1758,2625,17232,none,none,exp_20260713_frbaseline_v2_rerun-raw-v1,call000007_1416550c,exp_20260713_frbaseline_v2_rerun-raw-v1#fullrewrite/makefile3/rt04/forward
exp_20260713_frbaseline_v2_rerun,makefile3,makefile,fullrewrite,4,backward,true,,fullrewrite,success,not_applicable,,0.10794670329670328,false,1065,877,1942,9649,none,none,exp_20260713_frbaseline_v2_rerun-raw-v1,call000008_e667728f,exp_20260713_frbaseline_v2_rerun-raw-v1#fullrewrite/makefile3/rt04/backward
exp_20260713_frbaseline_v2_rerun,makefile3,makefile,fullrewrite,5,forward,true,,fullrewrite,failure,not_applicable,,0.0,,936,17878,18814,146813,model,empty_response,exp_20260713_frbaseline_v2_rerun-raw-v1,call000009_bd4963a2,exp_20260713_frbaseline_v2_rerun-raw-v1#fullrewrite/makefile3/rt05/forward
exp_20260713_frbaseline_v2_rerun,makefile3,makefile,fullrewrite,5,backward,true,,fullrewrite,success,not_applicable,,0.09220103336472009,false,301,1150,1451,11036,none,none,exp_20260713_frbaseline_v2_rerun-raw-v1,call000010_5eeb265d,exp_20260713_frbaseline_v2_rerun-raw-v1#fullrewrite/makefile3/rt05/backward
exp_20260713_frbaseline_v2_rerun,makefile3,makefile,fullrewrite,6,forward,true,,fullrewrite,degraded,unchanged,,0.0,,847,1610,2457,15781,quality,content_regression,exp_20260713_frbaseline_v2_rerun-raw-v1,call000011_9cf129f5,exp_20260713_frbaseline_v2_rerun-raw-v1#fullrewrite/makefile3/rt06/forward
exp_20260713_frbaseline_v2_rerun,makefile3,makefile,fullrewrite,6,backward,true,,fullrewrite,degraded,not_applicable,,0.09099988407411157,false,831,2505,3336,6026564,transport,rate_limit,exp_20260713_frbaseline_v2_rerun-raw-v1,call000012_c613de83,exp_20260713_frbaseline_v2_rerun-raw-v1#fullrewrite/makefile3/rt06/backward
exp_20260713_frbaseline_v2_rerun,makefile3,makefile,fullrewrite,7,forward,true,,fullrewrite,success,not_applicable,,,,1005,2326,3331,20379,none,none,exp_20260713_frbaseline_v2_rerun-raw-v1,call000013_2eee0843,exp_20260713_frbaseline_v2_rerun-raw-v1#fullrewrite/makefile3/rt07/forward
exp_20260713_frbaseline_v2_rerun,makefile3,makefile,fullrewrite,7,backward,true,,fullrewrite,success,not_applicable,,0.10772813459604517,false,1651,2826,4477,24963,none,none,exp_20260713_frbaseline_v2_rerun-raw-v1,call000014_4a069372,exp_20260713_frbaseline_v2_rerun-raw-v1#fullrewrite/makefile3/rt07/backward
exp_20260713_frbaseline_v2_rerun,makefile3,makefile,fullrewrite,8,forward,true,,fullrewrite,failure,not_applicable,,0.0,,1642,1620,3262,26577,model,text_truncated,exp_20260713_frbaseline_v2_rerun-raw-v1,call000015_8a8e2f4c,exp_20260713_frbaseline_v2_rerun-raw-v1#fullrewrite/makefile3/rt08/forward
exp_20260713_frbaseline_v2_rerun,makefile3,makefile,fullrewrite,8,backward,true,,fullrewrite,success,not_applicable,,0.05404941176470589,false,282,1302,1584,23152,none,none,exp_20260713_frbaseline_v2_rerun-raw-v1,call000016_edd8fc69,exp_20260713_frbaseline_v2_rerun-raw-v1#fullrewrite/makefile3/rt08/backward
exp_20260713_frbaseline_v2_rerun,makefile3,makefile,fullrewrite,9,forward,true,,fullrewrite,success,not_applicable,,,,1174,1985,3159,17564,none,none,exp_20260713_frbaseline_v2_rerun-raw-v1,call000017_fc77e4d8,exp_20260713_frbaseline_v2_rerun-raw-v1#fullrewrite/makefile3/rt09/forward
exp_20260713_frbaseline_v2_rerun,makefile3,makefile,fullrewrite,9,backward,true,,fullrewrite,failure,not_applicable,,0.0,true,1412,1948,3360,21533,model,empty_response,exp_20260713_frbaseline_v2_rerun-raw-v1,call000018_0485d36f,exp_20260713_frbaseline_v2_rerun-raw-v1#fullrewrite/makefile3/rt09/backward
exp_20260713_frbaseline_v2_rerun,makefile3,makefile,fullrewrite,10,forward,true,,fullrewrite,success,not_applicable,,,,373,11875,12248,117112,none,none,exp_20260713_frbaseline_v2_rerun-raw-v1,call000019_0e268e9a,exp_20260713_frbaseline_v2_rerun-raw-v1#fullrewrite/makefile3/rt10/forward
exp_20260713_frbaseline_v2_rerun,makefile3,makefile,fullrewrite,10,backward,true,,fullrewrite,failure,not_applicable,,0.0,false,1439,2457,3896,28572,model,empty_response,exp_20260713_frbaseline_v2_rerun-raw-v1,call000020_a442b7b4,exp_20260713_frbaseline_v2_rerun-raw-v1#fullrewrite/makefile3/rt10/backward
exp_20260713_frbaseline_v2_rerun,makefile6,makefile,fullrewrite,1,forward,true,,fullrewrite,success,not_applicable,,,,5608,10568,16176,150581,none,none,exp_20260713_frbaseline_v2_rerun-raw-v1,call000001_8b7dadaa,exp_20260713_frbaseline_v2_rerun-raw-v1#fullrewrite/makefile6/rt01/forward
exp_20260713_frbaseline_v2_rerun,makefile6,makefile,fullrewrite,1,backward,true,,fullrewrite,success,not_applicable,,0.95,false,5735,6385,12120,43578,none,none,exp_20260713_frbaseline_v2_rerun-raw-v1,call000002_3a482991,exp_20260713_frbaseline_v2_rerun-raw-v1#fullrewrite/makefile6/rt01/backward
exp_20260713_frbaseline_v2_rerun,makefile6,makefile,fullrewrite,2,forward,true,,fullrewrite,success,not_applicable,,,,5755,10901,16656,145316,none,none,exp_20260713_frbaseline_v2_rerun-raw-v1,call000003_c14087cc,exp_20260713_frbaseline_v2_rerun-raw-v1#fullrewrite/makefile6/rt02/forward
exp_20260713_frbaseline_v2_rerun,makefile6,makefile,fullrewrite,2,backward,true,,fullrewrite,failure,not_applicable,,0.0,true,9632,13286,22918,124473,model,text_truncated,exp_20260713_frbaseline_v2_rerun-raw-v1,call000004_f866dcae,exp_20260713_frbaseline_v2_rerun-raw-v1#fullrewrite/makefile6/rt02/backward
exp_20260713_frbaseline_v2_rerun,makefile6,makefile,fullrewrite,3,forward,true,,fullrewrite,degraded,unchanged,,0.0,,325,333,658,5060,quality,content_regression,exp_20260713_frbaseline_v2_rerun-raw-v1,call000005_4dc64a59,exp_20260713_frbaseline_v2_rerun-raw-v1#fullrewrite/makefile6/rt03/forward
exp_20260713_frbaseline_v2_rerun,makefile6,makefile,fullrewrite,3,backward,true,,fullrewrite,failure,not_applicable,,0.0,false,298,26,324,1387,model,near_empty_response,exp_20260713_frbaseline_v2_rerun-raw-v1,call000006_4a647310,exp_20260713_frbaseline_v2_rerun-raw-v1#fullrewrite/makefile6/rt03/backward
exp_20260713_frbaseline_v2_rerun,makefile6,makefile,fullrewrite,4,forward,true,,fullrewrite,degraded,unchanged,,0.0,,355,25,380,1313,model,near_empty_response,exp_20260713_frbaseline_v2_rerun-raw-v1,call000007_7df0ec5c,exp_20260713_frbaseline_v2_rerun-raw-v1#fullrewrite/makefile6/rt04/forward
exp_20260713_frbaseline_v2_rerun,makefile6,makefile,fullrewrite,4,backward,true,,fullrewrite,failure,not_applicable,,0.0,false,293,975,1268,13295,evaluator,evaluator_error,exp_20260713_frbaseline_v2_rerun-raw-v1,call000008_aec791d6,exp_20260713_frbaseline_v2_rerun-raw-v1#fullrewrite/makefile6/rt04/backward
exp_20260713_frbaseline_v2_rerun,makefile6,makefile,fullrewrite,5,forward,true,,fullrewrite,success,not_applicable,,,,315,2213,2528,37359,none,none,exp_20260713_frbaseline_v2_rerun-raw-v1,call000009_827ebae2,exp_20260713_frbaseline_v2_rerun-raw-v1#fullrewrite/makefile6/rt05/forward
exp_20260713_frbaseline_v2_rerun,makefile6,makefile,fullrewrite,5,backward,true,,fullrewrite,failure,not_applicable,,0.0,false,1602,5829,7431,52843,evaluator,evaluator_error,exp_20260713_frbaseline_v2_rerun-raw-v1,call000010_6581b6ee,exp_20260713_frbaseline_v2_rerun-raw-v1#fullrewrite/makefile6/rt05/backward
exp_20260713_frbaseline_v2_rerun,makefile6,makefile,fullrewrite,6,forward,true,,fullrewrite,success,not_applicable,,,,1698,4574,6272,60870,none,none,exp_20260713_frbaseline_v2_rerun-raw-v1,call000011_613f8a70,exp_20260713_frbaseline_v2_rerun-raw-v1#fullrewrite/makefile6/rt06/forward
exp_20260713_frbaseline_v2_rerun,makefile6,makefile,fullrewrite,6,backward,true,,fullrewrite,failure,not_applicable,,0.0,false,3123,955,4078,6665,model,text_truncated,exp_20260713_frbaseline_v2_rerun-raw-v1,call000012_1e6fe6e5,exp_20260713_frbaseline_v2_rerun-raw-v1#fullrewrite/makefile6/rt06/backward
exp_20260713_frbaseline_v2_rerun,makefile6,makefile,fullrewrite,7,forward,true,,fullrewrite,degraded,unchanged,,0.0,,281,364,645,10804,quality,content_regression,exp_20260713_frbaseline_v2_rerun-raw-v1,call000013_8a243a28,exp_20260713_frbaseline_v2_rerun-raw-v1#fullrewrite/makefile6/rt07/forward
exp_20260713_frbaseline_v2_rerun,makefile6,makefile,fullrewrite,7,backward,true,,fullrewrite,failure,not_applicable,,0.0,false,275,448,723,9486,quality,content_regression,exp_20260713_frbaseline_v2_rerun-raw-v1,call000014_79b3c8b0,exp_20260713_frbaseline_v2_rerun-raw-v1#fullrewrite/makefile6/rt07/backward
exp_20260713_frbaseline_v2_rerun,makefile6,makefile,fullrewrite,8,forward,true,,fullrewrite,success,not_applicable,,,,279,1653,1932,19314,none,none,exp_20260713_frbaseline_v2_rerun-raw-v1,call000015_e1c7b63d,exp_20260713_frbaseline_v2_rerun-raw-v1#fullrewrite/makefile6/rt08/forward
exp_20260713_frbaseline_v2_rerun,makefile6,makefile,fullrewrite,8,backward,true,,fullrewrite,failure,not_applicable,,0.0,false,1575,1372,2947,18802,model,text_truncated,exp_20260713_frbaseline_v2_rerun-raw-v1,call000016_dd410599,exp_20260713_frbaseline_v2_rerun-raw-v1#fullrewrite/makefile6/rt08/backward
exp_20260713_frbaseline_v2_rerun,makefile6,makefile,fullrewrite,9,forward,true,,fullrewrite,success,not_applicable,,,,279,1026,1305,17128,none,none,exp_20260713_frbaseline_v2_rerun-raw-v1,call000017_840e7ac8,exp_20260713_frbaseline_v2_rerun-raw-v1#fullrewrite/makefile6/rt09/forward
exp_20260713_frbaseline_v2_rerun,makefile6,makefile,fullrewrite,9,backward,true,,fullrewrite,failure,not_applicable,,0.0,false,924,1401,2325,20520,model,text_truncated,exp_20260713_frbaseline_v2_rerun-raw-v1,call000018_c14059ea,exp_20260713_frbaseline_v2_rerun-raw-v1#fullrewrite/makefile6/rt09/backward
exp_20260713_frbaseline_v2_rerun,makefile6,makefile,fullrewrite,10,forward,true,,fullrewrite,success,not_applicable,,,,347,2480,2827,33652,none,none,exp_20260713_frbaseline_v2_rerun-raw-v1,call000019_b44d8c09,exp_20260713_frbaseline_v2_rerun-raw-v1#fullrewrite/makefile6/rt10/forward
exp_20260713_frbaseline_v2_rerun,makefile6,makefile,fullrewrite,10,backward,true,,fullrewrite,success,not_applicable,,0.03934840374012638,false,1221,4676,5897,46578,none,none,exp_20260713_frbaseline_v2_rerun-raw-v1,call000020_758469a5,exp_20260713_frbaseline_v2_rerun-raw-v1#fullrewrite/makefile6/rt10/backward
exp_20260713_frbaseline_v2_rerun,malware6,malware,fullrewrite,1,forward,true,,fullrewrite,failure,not_applicable,,0.0,,3020,2157,5177,17022,model,empty_response,exp_20260713_frbaseline_v2_rerun-raw-v1,call000001_2e34d846,exp_20260713_frbaseline_v2_rerun-raw-v1#fullrewrite/malware6/rt01/forward
exp_20260713_frbaseline_v2_rerun,malware6,malware,fullrewrite,1,backward,true,,fullrewrite,success,not_applicable,,0.0,false,295,1919,2214,26661,none,none,exp_20260713_frbaseline_v2_rerun-raw-v1,call000002_ed1e41b8,exp_20260713_frbaseline_v2_rerun-raw-v1#fullrewrite/malware6/rt01/backward
exp_20260713_frbaseline_v2_rerun,malware6,malware,fullrewrite,2,forward,true,,fullrewrite,success,not_applicable,,,,750,11009,11759,108329,none,none,exp_20260713_frbaseline_v2_rerun-raw-v1,call000003_d1f0ce22,exp_20260713_frbaseline_v2_rerun-raw-v1#fullrewrite/malware6/rt02/forward
exp_20260713_frbaseline_v2_rerun,malware6,malware,fullrewrite,2,backward,true,,fullrewrite,success,not_applicable,,0.0,false,850,756,1606,5692,none,none,exp_20260713_frbaseline_v2_rerun-raw-v1,call000004_a556a526,exp_20260713_frbaseline_v2_rerun-raw-v1#fullrewrite/malware6/rt02/backward
exp_20260713_frbaseline_v2_rerun,malware6,malware,fullrewrite,3,forward,true,,fullrewrite,success,unchanged,,,,752,1775,2527,13067,none,none,exp_20260713_frbaseline_v2_rerun-raw-v1,call000005_ccd840c8,exp_20260713_frbaseline_v2_rerun-raw-v1#fullrewrite/malware6/rt03/forward
exp_20260713_frbaseline_v2_rerun,malware6,malware,fullrewrite,3,backward,true,,fullrewrite,success,not_applicable,,0.0,false,643,3628,4271,35294,none,none,exp_20260713_frbaseline_v2_rerun-raw-v1,call000006_9f0cdf9b,exp_20260713_frbaseline_v2_rerun-raw-v1#fullrewrite/malware6/rt03/backward
exp_20260713_frbaseline_v2_rerun,malware6,malware,fullrewrite,4,forward,true,,fullrewrite,failure,not_applicable,,0.0,,713,2594,3307,42314,model,empty_response,exp_20260713_frbaseline_v2_rerun-raw-v1,call000007_ed4f0518,exp_20260713_frbaseline_v2_rerun-raw-v1#fullrewrite/malware6/rt04/forward
exp_20260713_frbaseline_v2_rerun,malware6,malware,fullrewrite,4,backward,true,,fullrewrite,success,not_applicable,,0.0,false,318,3604,3922,43949,none,none,exp_20260713_frbaseline_v2_rerun-raw-v1,call000008_883e924e,exp_20260713_frbaseline_v2_rerun-raw-v1#fullrewrite/malware6/rt04/backward
exp_20260713_frbaseline_v2_rerun,malware6,malware,fullrewrite,5,forward,true,,fullrewrite,success,not_applicable,,,,1536,5429,6965,45968,none,none,exp_20260713_frbaseline_v2_rerun-raw-v1,call000009_c5ec5753,exp_20260713_frbaseline_v2_rerun-raw-v1#fullrewrite/malware6/rt05/forward
exp_20260713_frbaseline_v2_rerun,malware6,malware,fullrewrite,5,backward,true,,fullrewrite,failure,not_applicable,,0.0,false,1706,1263,2969,12837,model,empty_response,exp_20260713_frbaseline_v2_rerun-raw-v1,call000010_a8127d45,exp_20260713_frbaseline_v2_rerun-raw-v1#fullrewrite/malware6/rt05/backward
exp_20260713_frbaseline_v2_rerun,malware6,malware,fullrewrite,6,forward,true,,fullrewrite,success,not_applicable,,,,385,3121,3506,28140,none,none,exp_20260713_frbaseline_v2_rerun-raw-v1,call000011_0af015bf,exp_20260713_frbaseline_v2_rerun-raw-v1#fullrewrite/malware6/rt06/forward
exp_20260713_frbaseline_v2_rerun,malware6,malware,fullrewrite,6,backward,true,,fullrewrite,success,not_applicable,,0.0,false,1151,2908,4059,24833,none,none,exp_20260713_frbaseline_v2_rerun-raw-v1,call000012_776b2baa,exp_20260713_frbaseline_v2_rerun-raw-v1#fullrewrite/malware6/rt06/backward
exp_20260713_frbaseline_v2_rerun,malware6,malware,fullrewrite,7,forward,true,,fullrewrite,failure,not_applicable,,0.0,,986,25287,26273,340903,model,empty_response,exp_20260713_frbaseline_v2_rerun-raw-v1,call000013_d7e18762,exp_20260713_frbaseline_v2_rerun-raw-v1#fullrewrite/malware6/rt07/forward
exp_20260713_frbaseline_v2_rerun,malware6,malware,fullrewrite,7,backward,true,,fullrewrite,success,not_applicable,,0.0,false,295,1887,2182,191426,none,none,exp_20260713_frbaseline_v2_rerun-raw-v1,call000014_64eadf04,exp_20260713_frbaseline_v2_rerun-raw-v1#fullrewrite/malware6/rt07/backward
exp_20260713_frbaseline_v2_rerun,malware6,malware,fullrewrite,8,forward,true,,fullrewrite,success,not_applicable,,,,1871,10029,11900,70625,none,none,exp_20260713_frbaseline_v2_rerun-raw-v1,call000015_096964ed,exp_20260713_frbaseline_v2_rerun-raw-v1#fullrewrite/malware6/rt08/forward
exp_20260713_frbaseline_v2_rerun,malware6,malware,fullrewrite,8,backward,true,,fullrewrite,failure,not_applicable,,0.0,false,2083,1500,3583,13236,model,text_truncated,exp_20260713_frbaseline_v2_rerun-raw-v1,call000016_5912f40f,exp_20260713_frbaseline_v2_rerun-raw-v1#fullrewrite/malware6/rt08/backward
exp_20260713_frbaseline_v2_rerun,malware6,malware,fullrewrite,9,forward,true,,fullrewrite,degraded,unchanged,,0.0,,427,6673,7100,69766,model,text_truncated,exp_20260713_frbaseline_v2_rerun-raw-v1,call000017_6d00771a,exp_20260713_frbaseline_v2_rerun-raw-v1#fullrewrite/malware6/rt09/forward
exp_20260713_frbaseline_v2_rerun,malware6,malware,fullrewrite,9,backward,true,,fullrewrite,success,not_applicable,,0.0,false,318,1288,1606,20355,none,none,exp_20260713_frbaseline_v2_rerun-raw-v1,call000018_3763f7d6,exp_20260713_frbaseline_v2_rerun-raw-v1#fullrewrite/malware6/rt09/backward
exp_20260713_frbaseline_v2_rerun,malware6,malware,fullrewrite,10,forward,true,,fullrewrite,success,not_applicable,,,,878,1993,2871,18205,none,none,exp_20260713_frbaseline_v2_rerun-raw-v1,call000019_e4607dfb,exp_20260713_frbaseline_v2_rerun-raw-v1#fullrewrite/malware6/rt10/forward
exp_20260713_frbaseline_v2_rerun,malware6,malware,fullrewrite,10,backward,true,,fullrewrite,success,not_applicable,,0.0,false,912,897,1809,7122,none,none,exp_20260713_frbaseline_v2_rerun-raw-v1,call000020_986ec82f,exp_20260713_frbaseline_v2_rerun-raw-v1#fullrewrite/malware6/rt10/backward
exp_20260713_frbaseline_v2_rerun,mathlean3,mathlean,fullrewrite,1,forward,true,,fullrewrite,failure,not_applicable,,0.0,,4237,6562,10799,78356,model,empty_response,exp_20260713_frbaseline_v2_rerun-raw-v1,call000001_513691e5,exp_20260713_frbaseline_v2_rerun-raw-v1#fullrewrite/mathlean3/rt01/forward
exp_20260713_frbaseline_v2_rerun,mathlean3,mathlean,fullrewrite,1,backward,true,,fullrewrite,failure,not_applicable,,0.0,false,284,2367,2651,42111,quality,content_regression,exp_20260713_frbaseline_v2_rerun-raw-v1,call000002_bce09015,exp_20260713_frbaseline_v2_rerun-raw-v1#fullrewrite/mathlean3/rt01/backward
exp_20260713_frbaseline_v2_rerun,mathlean3,mathlean,fullrewrite,2,forward,true,,fullrewrite,degraded,not_applicable,,,,328,786,1114,7986,model,near_empty_response,exp_20260713_frbaseline_v2_rerun-raw-v1,call000003_d80951d7,exp_20260713_frbaseline_v2_rerun-raw-v1#fullrewrite/mathlean3/rt02/forward
exp_20260713_frbaseline_v2_rerun,mathlean3,mathlean,fullrewrite,2,backward,true,,fullrewrite,degraded,not_applicable,,0.0032811334824757645,false,337,360,697,4353,model,near_empty_response,exp_20260713_frbaseline_v2_rerun-raw-v1,call000004_73e36984,exp_20260713_frbaseline_v2_rerun-raw-v1#fullrewrite/mathlean3/rt02/backward
exp_20260713_frbaseline_v2_rerun,mathlean3,mathlean,fullrewrite,3,forward,true,,fullrewrite,success,not_applicable,,,,461,18498,18959,268593,none,none,exp_20260713_frbaseline_v2_rerun-raw-v1,call000005_f339800f,exp_20260713_frbaseline_v2_rerun-raw-v1#fullrewrite/mathlean3/rt03/forward
exp_20260713_frbaseline_v2_rerun,mathlean3,mathlean,fullrewrite,3,backward,true,,fullrewrite,success,not_applicable,,0.01183042285451439,false,396,404,800,4965,none,none,exp_20260713_frbaseline_v2_rerun-raw-v1,call000006_45a7014a,exp_20260713_frbaseline_v2_rerun-raw-v1#fullrewrite/mathlean3/rt03/backward
exp_20260713_frbaseline_v2_rerun,mathlean3,mathlean,fullrewrite,4,forward,true,,fullrewrite,success,not_applicable,,,,369,279,648,3942,none,none,exp_20260713_frbaseline_v2_rerun-raw-v1,call000007_9d89996b,exp_20260713_frbaseline_v2_rerun-raw-v1#fullrewrite/mathlean3/rt04/forward
exp_20260713_frbaseline_v2_rerun,mathlean3,mathlean,fullrewrite,4,backward,true,,fullrewrite,success,not_applicable,,0.01876821852579618,false,394,473,867,5336,none,none,exp_20260713_frbaseline_v2_rerun-raw-v1,call000008_c0d8758a,exp_20260713_frbaseline_v2_rerun-raw-v1#fullrewrite/mathlean3/rt04/backward
exp_20260713_frbaseline_v2_rerun,mathlean3,mathlean,fullrewrite,5,forward,true,,fullrewrite,success,not_applicable,,,,401,621,1022,6674,none,none,exp_20260713_frbaseline_v2_rerun-raw-v1,call000009_d2b58a91,exp_20260713_frbaseline_v2_rerun-raw-v1#fullrewrite/mathlean3/rt05/forward
exp_20260713_frbaseline_v2_rerun,mathlean3,mathlean,fullrewrite,5,backward,true,,fullrewrite,success,not_applicable,,0.01808651470384961,false,428,5387,5815,55547,none,none,exp_20260713_frbaseline_v2_rerun-raw-v1,call000010_ec354786,exp_20260713_frbaseline_v2_rerun-raw-v1#fullrewrite/mathlean3/rt05/backward
exp_20260713_frbaseline_v2_rerun,mathlean3,mathlean,fullrewrite,6,forward,true,,fullrewrite,success,unchanged,,,,427,632,1059,7151,none,none,exp_20260713_frbaseline_v2_rerun-raw-v1,call000011_c187b217,exp_20260713_frbaseline_v2_rerun-raw-v1#fullrewrite/mathlean3/rt06/forward
exp_20260713_frbaseline_v2_rerun,mathlean3,mathlean,fullrewrite,6,backward,true,,fullrewrite,success,not_applicable,,0.01808651470384961,false,425,555,980,7746,none,none,exp_20260713_frbaseline_v2_rerun-raw-v1,call000012_26cde597,exp_20260713_frbaseline_v2_rerun-raw-v1#fullrewrite/mathlean3/rt06/backward
exp_20260713_frbaseline_v2_rerun,mathlean3,mathlean,fullrewrite,7,forward,true,,fullrewrite,success,not_applicable,,,,415,2080,2495,28849,none,none,exp_20260713_frbaseline_v2_rerun-raw-v1,call000013_081cc44e,exp_20260713_frbaseline_v2_rerun-raw-v1#fullrewrite/mathlean3/rt07/forward
exp_20260713_frbaseline_v2_rerun,mathlean3,mathlean,fullrewrite,7,backward,true,,fullrewrite,success,not_applicable,,0.01876821852579618,false,424,527,951,5514,none,none,exp_20260713_frbaseline_v2_rerun-raw-v1,call000014_8729cf38,exp_20260713_frbaseline_v2_rerun-raw-v1#fullrewrite/mathlean3/rt07/backward
exp_20260713_frbaseline_v2_rerun,mathlean3,mathlean,fullrewrite,8,forward,true,,fullrewrite,success,not_applicable,,,,394,1248,1642,11014,none,none,exp_20260713_frbaseline_v2_rerun-raw-v1,call000015_5e65807a,exp_20260713_frbaseline_v2_rerun-raw-v1#fullrewrite/mathlean3/rt08/forward
exp_20260713_frbaseline_v2_rerun,mathlean3,mathlean,fullrewrite,8,backward,true,,fullrewrite,success,not_applicable,,0.07671467497496189,false,500,308,808,2753,none,none,exp_20260713_frbaseline_v2_rerun-raw-v1,call000016_32c1e8ea,exp_20260713_frbaseline_v2_rerun-raw-v1#fullrewrite/mathlean3/rt08/backward
exp_20260713_frbaseline_v2_rerun,mathlean3,mathlean,fullrewrite,9,forward,true,,fullrewrite,success,unchanged,,,,518,1847,2365,20054,none,none,exp_20260713_frbaseline_v2_rerun-raw-v1,call000017_4927db34,exp_20260713_frbaseline_v2_rerun-raw-v1#fullrewrite/mathlean3/rt09/forward
exp_20260713_frbaseline_v2_rerun,mathlean3,mathlean,fullrewrite,9,backward,true,,fullrewrite,success,not_applicable,,0.07556992302001492,false,509,504,1013,10271,none,none,exp_20260713_frbaseline_v2_rerun-raw-v1,call000018_20b2c13e,exp_20260713_frbaseline_v2_rerun-raw-v1#fullrewrite/mathlean3/rt09/backward
exp_20260713_frbaseline_v2_rerun,mathlean3,mathlean,fullrewrite,10,forward,true,,fullrewrite,success,not_applicable,,,,469,246,715,2157,none,none,exp_20260713_frbaseline_v2_rerun-raw-v1,call000019_5b95ab27,exp_20260713_frbaseline_v2_rerun-raw-v1#fullrewrite/mathlean3/rt10/forward
exp_20260713_frbaseline_v2_rerun,mathlean3,mathlean,fullrewrite,10,backward,true,,fullrewrite,success,not_applicable,,0.07556992302001492,false,468,260,728,5005,none,none,exp_20260713_frbaseline_v2_rerun-raw-v1,call000020_74424dc9,exp_20260713_frbaseline_v2_rerun-raw-v1#fullrewrite/mathlean3/rt10/backward
exp_20260713_frbaseline_v2_rerun,mathlean6,mathlean,fullrewrite,1,forward,true,,fullrewrite,success,not_applicable,,,,4012,19527,23539,182656,none,none,exp_20260713_frbaseline_v2_rerun-raw-v1,call000001_fcad7416,exp_20260713_frbaseline_v2_rerun-raw-v1#fullrewrite/mathlean6/rt01/forward
exp_20260713_frbaseline_v2_rerun,mathlean6,mathlean,fullrewrite,1,backward,true,,fullrewrite,success,not_applicable,,0.9857300725508097,false,4323,39472,43795,399783,none,none,exp_20260713_frbaseline_v2_rerun-raw-v1,call000002_5c02ee7e,exp_20260713_frbaseline_v2_rerun-raw-v1#fullrewrite/mathlean6/rt01/backward
exp_20260713_frbaseline_v2_rerun,mathlean6,mathlean,fullrewrite,2,forward,true,,fullrewrite,success,not_applicable,,,,4018,4262,8280,56841,none,none,exp_20260713_frbaseline_v2_rerun-raw-v1,call000003_9c2a9726,exp_20260713_frbaseline_v2_rerun-raw-v1#fullrewrite/mathlean6/rt02/forward
exp_20260713_frbaseline_v2_rerun,mathlean6,mathlean,fullrewrite,2,backward,true,,fullrewrite,success,not_applicable,,0.9857300725508097,false,4012,3973,7985,30268,none,none,exp_20260713_frbaseline_v2_rerun-raw-v1,call000004_6af18d05,exp_20260713_frbaseline_v2_rerun-raw-v1#fullrewrite/mathlean6/rt02/backward
exp_20260713_frbaseline_v2_rerun,mathlean6,mathlean,fullrewrite,3,forward,true,,fullrewrite,success,not_applicable,,,,4020,23122,27142,225634,none,none,exp_20260713_frbaseline_v2_rerun-raw-v1,call000005_e7d73bff,exp_20260713_frbaseline_v2_rerun-raw-v1#fullrewrite/mathlean6/rt03/forward
exp_20260713_frbaseline_v2_rerun,mathlean6,mathlean,fullrewrite,3,backward,true,,fullrewrite,success,not_applicable,,0.9854246837392431,false,4110,8388,12498,86470,none,none,exp_20260713_frbaseline_v2_rerun-raw-v1,call000006_a202388d,exp_20260713_frbaseline_v2_rerun-raw-v1#fullrewrite/mathlean6/rt03/backward
exp_20260713_frbaseline_v2_rerun,mathlean6,mathlean,fullrewrite,4,forward,true,,fullrewrite,success,not_applicable,,,,4051,27516,31567,234527,none,none,exp_20260713_frbaseline_v2_rerun-raw-v1,call000007_d4281187,exp_20260713_frbaseline_v2_rerun-raw-v1#fullrewrite/mathlean6/rt04/forward
exp_20260713_frbaseline_v2_rerun,mathlean6,mathlean,fullrewrite,4,backward,true,,fullrewrite,success,not_applicable,,0.9180171945779886,false,4039,25910,29949,196331,none,none,exp_20260713_frbaseline_v2_rerun-raw-v1,call000008_483dedd4,exp_20260713_frbaseline_v2_rerun-raw-v1#fullrewrite/mathlean6/rt04/backward
exp_20260713_frbaseline_v2_rerun,mathlean6,mathlean,fullrewrite,5,forward,true,,fullrewrite,success,not_applicable,,,,3926,25261,29187,216071,none,none,exp_20260713_frbaseline_v2_rerun-raw-v1,call000009_9d8afbb9,exp_20260713_frbaseline_v2_rerun-raw-v1#fullrewrite/mathlean6/rt05/forward
exp_20260713_frbaseline_v2_rerun,mathlean6,mathlean,fullrewrite,5,backward,true,,fullrewrite,success,not_applicable,,0.8892837455904564,false,4053,22091,26144,202888,none,none,exp_20260713_frbaseline_v2_rerun-raw-v1,call000010_858408e7,exp_20260713_frbaseline_v2_rerun-raw-v1#fullrewrite/mathlean6/rt05/backward
exp_20260713_frbaseline_v2_rerun,mathlean6,mathlean,fullrewrite,6,forward,true,,fullrewrite,success,not_applicable,,,,3899,4907,8806,31590,none,none,exp_20260713_frbaseline_v2_rerun-raw-v1,call000011_b762f10b,exp_20260713_frbaseline_v2_rerun-raw-v1#fullrewrite/mathlean6/rt06/forward
exp_20260713_frbaseline_v2_rerun,mathlean6,mathlean,fullrewrite,6,backward,true,,fullrewrite,success,not_applicable,,0.8892598887611419,false,3675,12602,16277,101615,none,none,exp_20260713_frbaseline_v2_rerun-raw-v1,call000012_074c8d8e,exp_20260713_frbaseline_v2_rerun-raw-v1#fullrewrite/mathlean6/rt06/backward
exp_20260713_frbaseline_v2_rerun,mathlean6,mathlean,fullrewrite,7,forward,true,,fullrewrite,success,not_applicable,,,,3851,27129,30980,220844,none,none,exp_20260713_frbaseline_v2_rerun-raw-v1,call000013_0b9805a5,exp_20260713_frbaseline_v2_rerun-raw-v1#fullrewrite/mathlean6/rt07/forward
exp_20260713_frbaseline_v2_rerun,mathlean6,mathlean,fullrewrite,7,backward,true,,fullrewrite,success,not_applicable,,0.9209812817959678,false,4929,15446,20375,131589,none,none,exp_20260713_frbaseline_v2_rerun-raw-v1,call000014_83c4869f,exp_20260713_frbaseline_v2_rerun-raw-v1#fullrewrite/mathlean6/rt07/backward
exp_20260713_frbaseline_v2_rerun,mathlean6,mathlean,fullrewrite,8,forward,true,,fullrewrite,success,not_applicable,,,,3807,5470,9277,43201,none,none,exp_20260713_frbaseline_v2_rerun-raw-v1,call000015_5f51c9e0,exp_20260713_frbaseline_v2_rerun-raw-v1#fullrewrite/mathlean6/rt08/forward
exp_20260713_frbaseline_v2_rerun,mathlean6,mathlean,fullrewrite,8,backward,true,,fullrewrite,failure,not_applicable,,0.0,true,3817,6149,9966,57467,model,empty_response,exp_20260713_frbaseline_v2_rerun-raw-v1,call000016_d23bb2b4,exp_20260713_frbaseline_v2_rerun-raw-v1#fullrewrite/mathlean6/rt08/backward
exp_20260713_frbaseline_v2_rerun,mathlean6,mathlean,fullrewrite,9,forward,true,,fullrewrite,success,not_applicable,,,,301,373,674,4814,none,none,exp_20260713_frbaseline_v2_rerun-raw-v1,call000017_ac8c9b1c,exp_20260713_frbaseline_v2_rerun-raw-v1#fullrewrite/mathlean6/rt09/forward
exp_20260713_frbaseline_v2_rerun,mathlean6,mathlean,fullrewrite,9,backward,true,,fullrewrite,success,not_applicable,,0.02747460839058958,false,580,11664,12244,113220,none,none,exp_20260713_frbaseline_v2_rerun-raw-v1,call000018_6b914277,exp_20260713_frbaseline_v2_rerun-raw-v1#fullrewrite/mathlean6/rt09/backward
exp_20260713_frbaseline_v2_rerun,mathlean6,mathlean,fullrewrite,10,forward,true,,fullrewrite,success,not_applicable,,,,639,6567,7206,72690,none,none,exp_20260713_frbaseline_v2_rerun-raw-v1,call000019_aab0dd38,exp_20260713_frbaseline_v2_rerun-raw-v1#fullrewrite/mathlean6/rt10/forward
exp_20260713_frbaseline_v2_rerun,mathlean6,mathlean,fullrewrite,10,backward,true,,fullrewrite,success,not_applicable,,0.026904382313182075,false,615,8950,9565,67705,none,none,exp_20260713_frbaseline_v2_rerun-raw-v1,call000020_6e61c377,exp_20260713_frbaseline_v2_rerun-raw-v1#fullrewrite/mathlean6/rt10/backward
exp_20260713_frbaseline_v2_rerun,molecule5,molecule,fullrewrite,1,forward,true,,fullrewrite,success,not_applicable,,,,4764,11335,16099,102020,none,none,exp_20260713_frbaseline_v2_rerun-raw-v1,call000001_a5f8d2c5,exp_20260713_frbaseline_v2_rerun-raw-v1#fullrewrite/molecule5/rt01/forward
exp_20260713_frbaseline_v2_rerun,molecule5,molecule,fullrewrite,1,backward,true,,fullrewrite,success,not_applicable,,0.9625,false,4906,4708,9614,29610,none,none,exp_20260713_frbaseline_v2_rerun-raw-v1,call000002_f1a013f3,exp_20260713_frbaseline_v2_rerun-raw-v1#fullrewrite/molecule5/rt01/backward
exp_20260713_frbaseline_v2_rerun,molecule5,molecule,fullrewrite,2,forward,true,,fullrewrite,success,not_applicable,,,,4793,4932,9725,38995,none,none,exp_20260713_frbaseline_v2_rerun-raw-v1,call000003_6e4c6784,exp_20260713_frbaseline_v2_rerun-raw-v1#fullrewrite/molecule5/rt02/forward
exp_20260713_frbaseline_v2_rerun,molecule5,molecule,fullrewrite,2,backward,true,,fullrewrite,success,not_applicable,,0.9625,false,4834,4732,9566,30928,none,none,exp_20260713_frbaseline_v2_rerun-raw-v1,call000004_2d0e5076,exp_20260713_frbaseline_v2_rerun-raw-v1#fullrewrite/molecule5/rt02/backward
exp_20260713_frbaseline_v2_rerun,molecule5,molecule,fullrewrite,3,forward,true,,fullrewrite,success,not_applicable,,,,4834,7315,12149,63424,none,none,exp_20260713_frbaseline_v2_rerun-raw-v1,call000005_aff6063d,exp_20260713_frbaseline_v2_rerun-raw-v1#fullrewrite/molecule5/rt03/forward
exp_20260713_frbaseline_v2_rerun,molecule5,molecule,fullrewrite,3,backward,true,,fullrewrite,success,not_applicable,,0.9625,false,4874,10316,15190,71780,none,none,exp_20260713_frbaseline_v2_rerun-raw-v1,call000006_4ec269b6,exp_20260713_frbaseline_v2_rerun-raw-v1#fullrewrite/molecule5/rt03/backward
exp_20260713_frbaseline_v2_rerun,molecule5,molecule,fullrewrite,4,forward,true,,fullrewrite,success,not_applicable,,,,4798,13072,17870,112719,none,none,exp_20260713_frbaseline_v2_rerun-raw-v1,call000007_73433592,exp_20260713_frbaseline_v2_rerun-raw-v1#fullrewrite/molecule5/rt04/forward
exp_20260713_frbaseline_v2_rerun,molecule5,molecule,fullrewrite,4,backward,true,,fullrewrite,failure,not_applicable,,0.0,true,4841,1001,5842,11395,model,empty_response,exp_20260713_frbaseline_v2_rerun-raw-v1,call000008_7d170dd7,exp_20260713_frbaseline_v2_rerun-raw-v1#fullrewrite/molecule5/rt04/backward
exp_20260713_frbaseline_v2_rerun,molecule5,molecule,fullrewrite,5,forward,true,,fullrewrite,degraded,not_applicable,,,,346,6647,6993,62105,model,text_truncated,exp_20260713_frbaseline_v2_rerun-raw-v1,call000009_8771d0ee,exp_20260713_frbaseline_v2_rerun-raw-v1#fullrewrite/molecule5/rt05/forward
exp_20260713_frbaseline_v2_rerun,molecule5,molecule,fullrewrite,5,backward,true,,fullrewrite,success,not_applicable,,0.0,false,2457,18306,20763,160446,none,none,exp_20260713_frbaseline_v2_rerun-raw-v1,call000010_efb20a59,exp_20260713_frbaseline_v2_rerun-raw-v1#fullrewrite/molecule5/rt05/backward
exp_20260713_frbaseline_v2_rerun,molecule5,molecule,fullrewrite,6,forward,true,,fullrewrite,failure,not_applicable,,0.0,,4806,4446,9252,55138,model,empty_response,exp_20260713_frbaseline_v2_rerun-raw-v1,call000011_d861acf6,exp_20260713_frbaseline_v2_rerun-raw-v1#fullrewrite/molecule5/rt06/forward
exp_20260713_frbaseline_v2_rerun,molecule5,molecule,fullrewrite,6,backward,true,,fullrewrite,failure,not_applicable,,0.0,false,301,388,689,6904,model,near_empty_response,exp_20260713_frbaseline_v2_rerun-raw-v1,call000012_92e3e0b7,exp_20260713_frbaseline_v2_rerun-raw-v1#fullrewrite/molecule5/rt06/backward
exp_20260713_frbaseline_v2_rerun,molecule5,molecule,fullrewrite,7,forward,true,,fullrewrite,failure,not_applicable,,0.0,,329,3138,3467,29569,quality,content_regression,exp_20260713_frbaseline_v2_rerun-raw-v1,call000013_e827fb21,exp_20260713_frbaseline_v2_rerun-raw-v1#fullrewrite/molecule5/rt07/forward
exp_20260713_frbaseline_v2_rerun,molecule5,molecule,fullrewrite,7,backward,true,,fullrewrite,failure,not_applicable,,0.0,false,1047,4531,5578,55756,quality,content_regression,exp_20260713_frbaseline_v2_rerun-raw-v1,call000014_aa28a788,exp_20260713_frbaseline_v2_rerun-raw-v1#fullrewrite/molecule5/rt07/backward
exp_20260713_frbaseline_v2_rerun,molecule5,molecule,fullrewrite,8,forward,true,,fullrewrite,success,not_applicable,,,,990,48868,49858,1306844,none,none,exp_20260713_frbaseline_v2_rerun-raw-v1,call000015_96cdcb4d,exp_20260713_frbaseline_v2_rerun-raw-v1#fullrewrite/molecule5/rt08/forward
exp_20260713_frbaseline_v2_rerun,molecule5,molecule,fullrewrite,8,backward,true,,fullrewrite,failure,not_applicable,,0.0,false,3871,1126,4997,12322,model,text_truncated,exp_20260713_frbaseline_v2_rerun-raw-v1,call000016_297cdada,exp_20260713_frbaseline_v2_rerun-raw-v1#fullrewrite/molecule5/rt08/backward
exp_20260713_frbaseline_v2_rerun,molecule5,molecule,fullrewrite,9,forward,true,,fullrewrite,success,not_applicable,,,,392,62946,63338,502798,none,none,exp_20260713_frbaseline_v2_rerun-raw-v1,call000017_abd375a5,exp_20260713_frbaseline_v2_rerun-raw-v1#fullrewrite/molecule5/rt09/forward
exp_20260713_frbaseline_v2_rerun,molecule5,molecule,fullrewrite,9,backward,true,,fullrewrite,failure,not_applicable,,0.0,false,6285,8423,14708,66158,evaluator,evaluator_error,exp_20260713_frbaseline_v2_rerun-raw-v1,call000018_12abfcfa,exp_20260713_frbaseline_v2_rerun-raw-v1#fullrewrite/molecule5/rt09/backward
exp_20260713_frbaseline_v2_rerun,molecule5,molecule,fullrewrite,10,forward,true,,fullrewrite,success,not_applicable,,,,6201,9790,15991,84565,none,none,exp_20260713_frbaseline_v2_rerun-raw-v1,call000019_e76cacda,exp_20260713_frbaseline_v2_rerun-raw-v1#fullrewrite/molecule5/rt10/forward
exp_20260713_frbaseline_v2_rerun,molecule5,molecule,fullrewrite,10,backward,true,,fullrewrite,failure,not_applicable,,0.0,false,6248,6040,12288,38293,evaluator,evaluator_error,exp_20260713_frbaseline_v2_rerun-raw-v1,call000020_92da0318,exp_20260713_frbaseline_v2_rerun-raw-v1#fullrewrite/molecule5/rt10/backward
exp_20260713_frbaseline_v2_rerun,musicsheet1,musicsheet,fullrewrite,1,forward,true,,fullrewrite,success,not_applicable,,,,3563,7675,11238,58122,none,none,exp_20260713_frbaseline_v2_rerun-raw-v1,call000001_b771b9a9,exp_20260713_frbaseline_v2_rerun-raw-v1#fullrewrite/musicsheet1/rt01/forward
exp_20260713_frbaseline_v2_rerun,musicsheet1,musicsheet,fullrewrite,1,backward,true,,fullrewrite,success,not_applicable,,1.0,false,3651,15757,19408,124032,none,none,exp_20260713_frbaseline_v2_rerun-raw-v1,call000002_13d89340,exp_20260713_frbaseline_v2_rerun-raw-v1#fullrewrite/musicsheet1/rt01/backward
exp_20260713_frbaseline_v2_rerun,musicsheet1,musicsheet,fullrewrite,2,forward,true,,fullrewrite,success,not_applicable,,,,3619,34832,38451,265120,none,none,exp_20260713_frbaseline_v2_rerun-raw-v1,call000003_d25adabe,exp_20260713_frbaseline_v2_rerun-raw-v1#fullrewrite/musicsheet1/rt02/forward
exp_20260713_frbaseline_v2_rerun,musicsheet1,musicsheet,fullrewrite,2,backward,true,,fullrewrite,failure,not_applicable,,0.0,true,5359,16732,22091,134695,model,empty_response,exp_20260713_frbaseline_v2_rerun-raw-v1,call000004_45a0e769,exp_20260713_frbaseline_v2_rerun-raw-v1#fullrewrite/musicsheet1/rt02/backward
exp_20260713_frbaseline_v2_rerun,musicsheet1,musicsheet,fullrewrite,3,forward,true,,fullrewrite,success,not_applicable,,,,267,874,1141,14096,none,none,exp_20260713_frbaseline_v2_rerun-raw-v1,call000005_2d48d103,exp_20260713_frbaseline_v2_rerun-raw-v1#fullrewrite/musicsheet1/rt03/forward
exp_20260713_frbaseline_v2_rerun,musicsheet1,musicsheet,fullrewrite,3,backward,true,,fullrewrite,success,not_applicable,,0.15357784969435453,false,848,1664,2512,13437,none,none,exp_20260713_frbaseline_v2_rerun-raw-v1,call000006_3d873569,exp_20260713_frbaseline_v2_rerun-raw-v1#fullrewrite/musicsheet1/rt03/backward
exp_20260713_frbaseline_v2_rerun,musicsheet1,musicsheet,fullrewrite,4,forward,true,,fullrewrite,success,not_applicable,,,,939,17543,18482,176537,none,none,exp_20260713_frbaseline_v2_rerun-raw-v1,call000007_36d4d7a8,exp_20260713_frbaseline_v2_rerun-raw-v1#fullrewrite/musicsheet1/rt04/forward
exp_20260713_frbaseline_v2_rerun,musicsheet1,musicsheet,fullrewrite,4,backward,true,,fullrewrite,success,not_applicable,,0.17900157850791384,false,1130,18082,19212,151241,none,none,exp_20260713_frbaseline_v2_rerun-raw-v1,call000008_efa9d176,exp_20260713_frbaseline_v2_rerun-raw-v1#fullrewrite/musicsheet1/rt04/backward
exp_20260713_frbaseline_v2_rerun,musicsheet1,musicsheet,fullrewrite,5,forward,true,,fullrewrite,success,not_applicable,,,,901,9353,10254,96479,none,none,exp_20260713_frbaseline_v2_rerun-raw-v1,call000009_533fc727,exp_20260713_frbaseline_v2_rerun-raw-v1#fullrewrite/musicsheet1/rt05/forward
exp_20260713_frbaseline_v2_rerun,musicsheet1,musicsheet,fullrewrite,5,backward,true,,fullrewrite,success,not_applicable,,0.19819684598928572,false,906,16508,17414,113693,none,none,exp_20260713_frbaseline_v2_rerun-raw-v1,call000010_4a83bd8e,exp_20260713_frbaseline_v2_rerun-raw-v1#fullrewrite/musicsheet1/rt05/backward
exp_20260713_frbaseline_v2_rerun,musicsheet1,musicsheet,fullrewrite,6,forward,true,,fullrewrite,success,not_applicable,,,,1017,5810,6827,44536,none,none,exp_20260713_frbaseline_v2_rerun-raw-v1,call000011_73f41a32,exp_20260713_frbaseline_v2_rerun-raw-v1#fullrewrite/musicsheet1/rt06/forward
exp_20260713_frbaseline_v2_rerun,musicsheet1,musicsheet,fullrewrite,6,backward,true,,fullrewrite,success,not_applicable,,0.19819684598928572,false,1035,1254,2289,8170,none,none,exp_20260713_frbaseline_v2_rerun-raw-v1,call000012_2879bf05,exp_20260713_frbaseline_v2_rerun-raw-v1#fullrewrite/musicsheet1/rt06/backward
exp_20260713_frbaseline_v2_rerun,musicsheet1,musicsheet,fullrewrite,7,forward,true,,fullrewrite,success,not_applicable,,,,920,1131,2051,8208,none,none,exp_20260713_frbaseline_v2_rerun-raw-v1,call000013_c728e8b0,exp_20260713_frbaseline_v2_rerun-raw-v1#fullrewrite/musicsheet1/rt07/forward
exp_20260713_frbaseline_v2_rerun,musicsheet1,musicsheet,fullrewrite,7,backward,true,,fullrewrite,success,not_applicable,,0.19528422463006245,false,966,13472,14438,125276,none,none,exp_20260713_frbaseline_v2_rerun-raw-v1,call000014_529b2e1b,exp_20260713_frbaseline_v2_rerun-raw-v1#fullrewrite/musicsheet1/rt07/backward
exp_20260713_frbaseline_v2_rerun,musicsheet1,musicsheet,fullrewrite,8,forward,true,,fullrewrite,success,not_applicable,,,,900,12215,13115,135022,none,none,exp_20260713_frbaseline_v2_rerun-raw-v1,call000015_08cb9174,exp_20260713_frbaseline_v2_rerun-raw-v1#fullrewrite/musicsheet1/rt08/forward
exp_20260713_frbaseline_v2_rerun,musicsheet1,musicsheet,fullrewrite,8,backward,true,,fullrewrite,success,not_applicable,,0.17608895714869055,false,902,24935,25837,254212,none,none,exp_20260713_frbaseline_v2_rerun-raw-v1,call000016_96889ee3,exp_20260713_frbaseline_v2_rerun-raw-v1#fullrewrite/musicsheet1/rt08/backward
exp_20260713_frbaseline_v2_rerun,musicsheet1,musicsheet,fullrewrite,9,forward,true,,fullrewrite,success,not_applicable,,,,923,16504,17427,184309,none,none,exp_20260713_frbaseline_v2_rerun-raw-v1,call000017_66bcc468,exp_20260713_frbaseline_v2_rerun-raw-v1#fullrewrite/musicsheet1/rt09/forward
exp_20260713_frbaseline_v2_rerun,musicsheet1,musicsheet,fullrewrite,9,backward,true,,fullrewrite,success,not_applicable,,0.17608895714869055,false,887,14791,15678,266848,none,none,exp_20260713_frbaseline_v2_rerun-raw-v1,call000018_17ca778a,exp_20260713_frbaseline_v2_rerun-raw-v1#fullrewrite/musicsheet1/rt09/backward
exp_20260713_frbaseline_v2_rerun,musicsheet1,musicsheet,fullrewrite,10,forward,true,,fullrewrite,success,not_applicable,,,,991,11796,12787,132433,none,none,exp_20260713_frbaseline_v2_rerun-raw-v1,call000019_58273816,exp_20260713_frbaseline_v2_rerun-raw-v1#fullrewrite/musicsheet1/rt10/forward
exp_20260713_frbaseline_v2_rerun,musicsheet1,musicsheet,fullrewrite,10,backward,true,,fullrewrite,success,not_applicable,,0.17608895714869055,false,1119,2393,3512,19415,none,none,exp_20260713_frbaseline_v2_rerun-raw-v1,call000020_716b3db2,exp_20260713_frbaseline_v2_rerun-raw-v1#fullrewrite/musicsheet1/rt10/backward
exp_20260713_frbaseline_v2_rerun,musicsheet3,musicsheet,fullrewrite,1,forward,false,Incomplete or missing result trajectory; source-only canonical scope requires a complete chain.,none,missing,missing,,,,,,,,infrastructure,infrastructure_incomplete,exp_20260713_frbaseline_v2_rerun-raw-v1,,exp_20260713_frbaseline_v2_rerun-raw-v1#fullrewrite/musicsheet3/rt01/forward
exp_20260713_frbaseline_v2_rerun,musicsheet3,musicsheet,fullrewrite,1,backward,false,Incomplete or missing result trajectory; source-only canonical scope requires a complete chain.,none,missing,missing,,,,,,,,infrastructure,infrastructure_incomplete,exp_20260713_frbaseline_v2_rerun-raw-v1,,exp_20260713_frbaseline_v2_rerun-raw-v1#fullrewrite/musicsheet3/rt01/backward
exp_20260713_frbaseline_v2_rerun,musicsheet3,musicsheet,fullrewrite,2,forward,false,Incomplete or missing result trajectory; source-only canonical scope requires a complete chain.,none,missing,missing,,,,,,,,infrastructure,infrastructure_incomplete,exp_20260713_frbaseline_v2_rerun-raw-v1,,exp_20260713_frbaseline_v2_rerun-raw-v1#fullrewrite/musicsheet3/rt02/forward
exp_20260713_frbaseline_v2_rerun,musicsheet3,musicsheet,fullrewrite,2,backward,false,Incomplete or missing result trajectory; source-only canonical scope requires a complete chain.,none,missing,missing,,,,,,,,infrastructure,infrastructure_incomplete,exp_20260713_frbaseline_v2_rerun-raw-v1,,exp_20260713_frbaseline_v2_rerun-raw-v1#fullrewrite/musicsheet3/rt02/backward
exp_20260713_frbaseline_v2_rerun,musicsheet3,musicsheet,fullrewrite,3,forward,false,Incomplete or missing result trajectory; source-only canonical scope requires a complete chain.,none,missing,missing,,,,,,,,infrastructure,infrastructure_incomplete,exp_20260713_frbaseline_v2_rerun-raw-v1,,exp_20260713_frbaseline_v2_rerun-raw-v1#fullrewrite/musicsheet3/rt03/forward
exp_20260713_frbaseline_v2_rerun,musicsheet3,musicsheet,fullrewrite,3,backward,false,Incomplete or missing result trajectory; source-only canonical scope requires a complete chain.,none,missing,missing,,,,,,,,infrastructure,infrastructure_incomplete,exp_20260713_frbaseline_v2_rerun-raw-v1,,exp_20260713_frbaseline_v2_rerun-raw-v1#fullrewrite/musicsheet3/rt03/backward
exp_20260713_frbaseline_v2_rerun,musicsheet3,musicsheet,fullrewrite,4,forward,false,Incomplete or missing result trajectory; source-only canonical scope requires a complete chain.,none,missing,missing,,,,,,,,infrastructure,infrastructure_incomplete,exp_20260713_frbaseline_v2_rerun-raw-v1,,exp_20260713_frbaseline_v2_rerun-raw-v1#fullrewrite/musicsheet3/rt04/forward
exp_20260713_frbaseline_v2_rerun,musicsheet3,musicsheet,fullrewrite,4,backward,false,Incomplete or missing result trajectory; source-only canonical scope requires a complete chain.,none,missing,missing,,,,,,,,infrastructure,infrastructure_incomplete,exp_20260713_frbaseline_v2_rerun-raw-v1,,exp_20260713_frbaseline_v2_rerun-raw-v1#fullrewrite/musicsheet3/rt04/backward
exp_20260713_frbaseline_v2_rerun,musicsheet3,musicsheet,fullrewrite,5,forward,false,Incomplete or missing result trajectory; source-only canonical scope requires a complete chain.,none,missing,missing,,,,,,,,infrastructure,infrastructure_incomplete,exp_20260713_frbaseline_v2_rerun-raw-v1,,exp_20260713_frbaseline_v2_rerun-raw-v1#fullrewrite/musicsheet3/rt05/forward
exp_20260713_frbaseline_v2_rerun,musicsheet3,musicsheet,fullrewrite,5,backward,false,Incomplete or missing result trajectory; source-only canonical scope requires a complete chain.,none,missing,missing,,,,,,,,infrastructure,infrastructure_incomplete,exp_20260713_frbaseline_v2_rerun-raw-v1,,exp_20260713_frbaseline_v2_rerun-raw-v1#fullrewrite/musicsheet3/rt05/backward
exp_20260713_frbaseline_v2_rerun,musicsheet3,musicsheet,fullrewrite,6,forward,false,Incomplete or missing result trajectory; source-only canonical scope requires a complete chain.,none,missing,missing,,,,,,,,infrastructure,infrastructure_incomplete,exp_20260713_frbaseline_v2_rerun-raw-v1,,exp_20260713_frbaseline_v2_rerun-raw-v1#fullrewrite/musicsheet3/rt06/forward
exp_20260713_frbaseline_v2_rerun,musicsheet3,musicsheet,fullrewrite,6,backward,false,Incomplete or missing result trajectory; source-only canonical scope requires a complete chain.,none,missing,missing,,,,,,,,infrastructure,infrastructure_incomplete,exp_20260713_frbaseline_v2_rerun-raw-v1,,exp_20260713_frbaseline_v2_rerun-raw-v1#fullrewrite/musicsheet3/rt06/backward
exp_20260713_frbaseline_v2_rerun,musicsheet3,musicsheet,fullrewrite,7,forward,false,Incomplete or missing result trajectory; source-only canonical scope requires a complete chain.,none,missing,missing,,,,,,,,infrastructure,infrastructure_incomplete,exp_20260713_frbaseline_v2_rerun-raw-v1,,exp_20260713_frbaseline_v2_rerun-raw-v1#fullrewrite/musicsheet3/rt07/forward
exp_20260713_frbaseline_v2_rerun,musicsheet3,musicsheet,fullrewrite,7,backward,false,Incomplete or missing result trajectory; source-only canonical scope requires a complete chain.,none,missing,missing,,,,,,,,infrastructure,infrastructure_incomplete,exp_20260713_frbaseline_v2_rerun-raw-v1,,exp_20260713_frbaseline_v2_rerun-raw-v1#fullrewrite/musicsheet3/rt07/backward
exp_20260713_frbaseline_v2_rerun,musicsheet3,musicsheet,fullrewrite,8,forward,false,Incomplete or missing result trajectory; source-only canonical scope requires a complete chain.,none,missing,missing,,,,,,,,infrastructure,infrastructure_incomplete,exp_20260713_frbaseline_v2_rerun-raw-v1,,exp_20260713_frbaseline_v2_rerun-raw-v1#fullrewrite/musicsheet3/rt08/forward
exp_20260713_frbaseline_v2_rerun,musicsheet3,musicsheet,fullrewrite,8,backward,false,Incomplete or missing result trajectory; source-only canonical scope requires a complete chain.,none,missing,missing,,,,,,,,infrastructure,infrastructure_incomplete,exp_20260713_frbaseline_v2_rerun-raw-v1,,exp_20260713_frbaseline_v2_rerun-raw-v1#fullrewrite/musicsheet3/rt08/backward
exp_20260713_frbaseline_v2_rerun,musicsheet3,musicsheet,fullrewrite,9,forward,false,Incomplete or missing result trajectory; source-only canonical scope requires a complete chain.,none,missing,missing,,,,,,,,infrastructure,infrastructure_incomplete,exp_20260713_frbaseline_v2_rerun-raw-v1,,exp_20260713_frbaseline_v2_rerun-raw-v1#fullrewrite/musicsheet3/rt09/forward
exp_20260713_frbaseline_v2_rerun,musicsheet3,musicsheet,fullrewrite,9,backward,false,Incomplete or missing result trajectory; source-only canonical scope requires a complete chain.,none,missing,missing,,,,,,,,infrastructure,infrastructure_incomplete,exp_20260713_frbaseline_v2_rerun-raw-v1,,exp_20260713_frbaseline_v2_rerun-raw-v1#fullrewrite/musicsheet3/rt09/backward
exp_20260713_frbaseline_v2_rerun,musicsheet3,musicsheet,fullrewrite,10,forward,false,Incomplete or missing result trajectory; source-only canonical scope requires a complete chain.,none,missing,missing,,,,,,,,infrastructure,infrastructure_incomplete,exp_20260713_frbaseline_v2_rerun-raw-v1,,exp_20260713_frbaseline_v2_rerun-raw-v1#fullrewrite/musicsheet3/rt10/forward
exp_20260713_frbaseline_v2_rerun,musicsheet3,musicsheet,fullrewrite,10,backward,false,Incomplete or missing result trajectory; source-only canonical scope requires a complete chain.,none,missing,missing,,,,,,,,infrastructure,infrastructure_incomplete,exp_20260713_frbaseline_v2_rerun-raw-v1,,exp_20260713_frbaseline_v2_rerun-raw-v1#fullrewrite/musicsheet3/rt10/backward
exp_20260713_frbaseline_v2_rerun,musicsheet4,musicsheet,fullrewrite,1,forward,true,,fullrewrite,success,not_applicable,,,,2616,26576,29192,168071,none,none,exp_20260713_frbaseline_v2_rerun-raw-v1,call000001_ff950ebe,exp_20260713_frbaseline_v2_rerun-raw-v1#fullrewrite/musicsheet4/rt01/forward
exp_20260713_frbaseline_v2_rerun,musicsheet4,musicsheet,fullrewrite,1,backward,true,,fullrewrite,success,not_applicable,,1.0,false,2747,17785,20532,117528,none,none,exp_20260713_frbaseline_v2_rerun-raw-v1,call000002_00c812bd,exp_20260713_frbaseline_v2_rerun-raw-v1#fullrewrite/musicsheet4/rt01/backward
exp_20260713_frbaseline_v2_rerun,musicsheet4,musicsheet,fullrewrite,2,forward,true,,fullrewrite,degraded,not_applicable,,,,2687,5024,7711,4241029,transport,rate_limit,exp_20260713_frbaseline_v2_rerun-raw-v1,call000003_9e10b95d,exp_20260713_frbaseline_v2_rerun-raw-v1#fullrewrite/musicsheet4/rt02/forward
exp_20260713_frbaseline_v2_rerun,musicsheet4,musicsheet,fullrewrite,2,backward,true,,fullrewrite,success,not_applicable,,1.0,false,2709,2663,5372,23709,none,none,exp_20260713_frbaseline_v2_rerun-raw-v1,call000004_90c4b734,exp_20260713_frbaseline_v2_rerun-raw-v1#fullrewrite/musicsheet4/rt02/backward
exp_20260713_frbaseline_v2_rerun,musicsheet4,musicsheet,fullrewrite,3,forward,true,,fullrewrite,success,not_applicable,,,,2627,55419,58046,517638,none,none,exp_20260713_frbaseline_v2_rerun-raw-v1,call000005_7c582e56,exp_20260713_frbaseline_v2_rerun-raw-v1#fullrewrite/musicsheet4/rt03/forward
exp_20260713_frbaseline_v2_rerun,musicsheet4,musicsheet,fullrewrite,3,backward,true,,fullrewrite,success,not_applicable,,1.0,false,2631,20678,23309,174699,none,none,exp_20260713_frbaseline_v2_rerun-raw-v1,call000006_03c1f628,exp_20260713_frbaseline_v2_rerun-raw-v1#fullrewrite/musicsheet4/rt03/backward
exp_20260713_frbaseline_v2_rerun,musicsheet4,musicsheet,fullrewrite,4,forward,true,,fullrewrite,success,not_applicable,,,,2667,54003,56670,379165,none,none,exp_20260713_frbaseline_v2_rerun-raw-v1,call000007_e0e4c770,exp_20260713_frbaseline_v2_rerun-raw-v1#fullrewrite/musicsheet4/rt04/forward
exp_20260713_frbaseline_v2_rerun,musicsheet4,musicsheet,fullrewrite,4,backward,true,,fullrewrite,degraded,not_applicable,,0.7873455216269722,true,2666,89228,91894,657296,quality,content_regression,exp_20260713_frbaseline_v2_rerun-raw-v1,call000008_5a06549d,exp_20260713_frbaseline_v2_rerun-raw-v1#fullrewrite/musicsheet4/rt04/backward
exp_20260713_frbaseline_v2_rerun,musicsheet4,musicsheet,fullrewrite,5,forward,true,,fullrewrite,success,not_applicable,,,,2707,31813,34520,203891,none,none,exp_20260713_frbaseline_v2_rerun-raw-v1,call000009_ec7b66d5,exp_20260713_frbaseline_v2_rerun-raw-v1#fullrewrite/musicsheet4/rt05/forward
exp_20260713_frbaseline_v2_rerun,musicsheet4,musicsheet,fullrewrite,5,backward,true,,fullrewrite,success,not_applicable,,0.7873455216269722,false,2897,18792,21689,108793,none,none,exp_20260713_frbaseline_v2_rerun-raw-v1,call000010_94b52786,exp_20260713_frbaseline_v2_rerun-raw-v1#fullrewrite/musicsheet4/rt05/backward
exp_20260713_frbaseline_v2_rerun,musicsheet4,musicsheet,fullrewrite,6,forward,true,,fullrewrite,success,not_applicable,,,,2635,16472,19107,124255,none,none,exp_20260713_frbaseline_v2_rerun-raw-v1,call000011_5ae364c1,exp_20260713_frbaseline_v2_rerun-raw-v1#fullrewrite/musicsheet4/rt06/forward
exp_20260713_frbaseline_v2_rerun,musicsheet4,musicsheet,fullrewrite,6,backward,true,,fullrewrite,success,not_applicable,,0.7873455216269722,false,2627,41078,43705,296961,none,none,exp_20260713_frbaseline_v2_rerun-raw-v1,call000012_7bbbd1ec,exp_20260713_frbaseline_v2_rerun-raw-v1#fullrewrite/musicsheet4/rt06/backward
exp_20260713_frbaseline_v2_rerun,musicsheet4,musicsheet,fullrewrite,7,forward,true,,fullrewrite,success,not_applicable,,,,2651,23225,25876,197048,none,none,exp_20260713_frbaseline_v2_rerun-raw-v1,call000013_7ca27187,exp_20260713_frbaseline_v2_rerun-raw-v1#fullrewrite/musicsheet4/rt07/forward
exp_20260713_frbaseline_v2_rerun,musicsheet4,musicsheet,fullrewrite,7,backward,true,,fullrewrite,success,not_applicable,,0.7572589686306134,false,2646,3714,6360,28027,none,none,exp_20260713_frbaseline_v2_rerun-raw-v1,call000014_efea8be9,exp_20260713_frbaseline_v2_rerun-raw-v1#fullrewrite/musicsheet4/rt07/backward
exp_20260713_frbaseline_v2_rerun,musicsheet4,musicsheet,fullrewrite,8,forward,true,,fullrewrite,success,not_applicable,,,,2657,6315,8972,50203,none,none,exp_20260713_frbaseline_v2_rerun-raw-v1,call000015_375ca0f5,exp_20260713_frbaseline_v2_rerun-raw-v1#fullrewrite/musicsheet4/rt08/forward
exp_20260713_frbaseline_v2_rerun,musicsheet4,musicsheet,fullrewrite,8,backward,true,,fullrewrite,success,not_applicable,,0.7572589686306134,false,2676,2535,5211,19733,none,none,exp_20260713_frbaseline_v2_rerun-raw-v1,call000016_dbfe6f34,exp_20260713_frbaseline_v2_rerun-raw-v1#fullrewrite/musicsheet4/rt08/backward
exp_20260713_frbaseline_v2_rerun,musicsheet4,musicsheet,fullrewrite,9,forward,true,,fullrewrite,success,not_applicable,,,,2717,42033,44750,315861,none,none,exp_20260713_frbaseline_v2_rerun-raw-v1,call000017_4c6a1eb3,exp_20260713_frbaseline_v2_rerun-raw-v1#fullrewrite/musicsheet4/rt09/forward
exp_20260713_frbaseline_v2_rerun,musicsheet4,musicsheet,fullrewrite,9,backward,true,,fullrewrite,success,not_applicable,,0.7572589686306134,false,2898,25410,28308,220041,none,none,exp_20260713_frbaseline_v2_rerun-raw-v1,call000018_fed57bb6,exp_20260713_frbaseline_v2_rerun-raw-v1#fullrewrite/musicsheet4/rt09/backward
exp_20260713_frbaseline_v2_rerun,musicsheet4,musicsheet,fullrewrite,10,forward,true,,fullrewrite,success,not_applicable,,,,2681,36812,39493,332379,none,none,exp_20260713_frbaseline_v2_rerun-raw-v1,call000019_2b035daf,exp_20260713_frbaseline_v2_rerun-raw-v1#fullrewrite/musicsheet4/rt10/forward
exp_20260713_frbaseline_v2_rerun,musicsheet4,musicsheet,fullrewrite,10,backward,true,,fullrewrite,success,not_applicable,,0.7572589686306134,false,2728,6302,9030,47033,none,none,exp_20260713_frbaseline_v2_rerun-raw-v1,call000020_125aa4c3,exp_20260713_frbaseline_v2_rerun-raw-v1#fullrewrite/musicsheet4/rt10/backward
exp_20260713_frbaseline_v2_rerun,musicsheet5,musicsheet,fullrewrite,1,forward,true,,fullrewrite,success,not_applicable,,,,2543,3585,6128,26234,none,none,exp_20260713_frbaseline_v2_rerun-raw-v1,call000001_539831c2,exp_20260713_frbaseline_v2_rerun-raw-v1#fullrewrite/musicsheet5/rt01/forward
exp_20260713_frbaseline_v2_rerun,musicsheet5,musicsheet,fullrewrite,1,backward,true,,fullrewrite,success,not_applicable,,1.0,false,2550,7278,9828,59507,none,none,exp_20260713_frbaseline_v2_rerun-raw-v1,call000002_67e6f5ba,exp_20260713_frbaseline_v2_rerun-raw-v1#fullrewrite/musicsheet5/rt01/backward
exp_20260713_frbaseline_v2_rerun,musicsheet5,musicsheet,fullrewrite,2,forward,true,,fullrewrite,failure,not_applicable,,0.0,,2531,4116,6647,34026,model,text_truncated,exp_20260713_frbaseline_v2_rerun-raw-v1,call000003_aa7ab567,exp_20260713_frbaseline_v2_rerun-raw-v1#fullrewrite/musicsheet5/rt02/forward
exp_20260713_frbaseline_v2_rerun,musicsheet5,musicsheet,fullrewrite,2,backward,true,,fullrewrite,degraded,not_applicable,,0.15,true,272,1031,1303,13589,quality,content_regression,exp_20260713_frbaseline_v2_rerun-raw-v1,call000004_46320b6b,exp_20260713_frbaseline_v2_rerun-raw-v1#fullrewrite/musicsheet5/rt02/backward
exp_20260713_frbaseline_v2_rerun,musicsheet5,musicsheet,fullrewrite,3,forward,true,,fullrewrite,success,not_applicable,,,,435,2670,3105,33693,none,none,exp_20260713_frbaseline_v2_rerun-raw-v1,call000005_65fffad5,exp_20260713_frbaseline_v2_rerun-raw-v1#fullrewrite/musicsheet5/rt03/forward
exp_20260713_frbaseline_v2_rerun,musicsheet5,musicsheet,fullrewrite,3,backward,true,,fullrewrite,success,not_applicable,,0.1936046511627907,false,778,320,1098,3547,none,none,exp_20260713_frbaseline_v2_rerun-raw-v1,call000006_20a3d057,exp_20260713_frbaseline_v2_rerun-raw-v1#fullrewrite/musicsheet5/rt03/backward
exp_20260713_frbaseline_v2_rerun,musicsheet5,musicsheet,fullrewrite,4,forward,true,,fullrewrite,success,not_applicable,,,,403,512,915,5211,none,none,exp_20260713_frbaseline_v2_rerun-raw-v1,call000007_777c78f6,exp_20260713_frbaseline_v2_rerun-raw-v1#fullrewrite/musicsheet5/rt04/forward
exp_20260713_frbaseline_v2_rerun,musicsheet5,musicsheet,fullrewrite,4,backward,true,,fullrewrite,success,not_applicable,,0.1936046511627907,false,412,319,731,3512,none,none,exp_20260713_frbaseline_v2_rerun-raw-v1,call000008_dd216508,exp_20260713_frbaseline_v2_rerun-raw-v1#fullrewrite/musicsheet5/rt04/backward
exp_20260713_frbaseline_v2_rerun,musicsheet5,musicsheet,fullrewrite,5,forward,true,,fullrewrite,success,not_applicable,,,,469,4071,4540,30031,none,none,exp_20260713_frbaseline_v2_rerun-raw-v1,call000009_bf0155a2,exp_20260713_frbaseline_v2_rerun-raw-v1#fullrewrite/musicsheet5/rt05/forward
exp_20260713_frbaseline_v2_rerun,musicsheet5,musicsheet,fullrewrite,5,backward,true,,fullrewrite,failure,not_applicable,,0.0,true,1049,629,1678,5255,model,empty_response,exp_20260713_frbaseline_v2_rerun-raw-v1,call000010_2bf78bb5,exp_20260713_frbaseline_v2_rerun-raw-v1#fullrewrite/musicsheet5/rt05/backward
exp_20260713_frbaseline_v2_rerun,musicsheet5,musicsheet,fullrewrite,6,forward,true,,fullrewrite,success,not_applicable,,,,280,2811,3091,33050,none,none,exp_20260713_frbaseline_v2_rerun-raw-v1,call000011_3c08fd90,exp_20260713_frbaseline_v2_rerun-raw-v1#fullrewrite/musicsheet5/rt06/forward
exp_20260713_frbaseline_v2_rerun,musicsheet5,musicsheet,fullrewrite,6,backward,true,,fullrewrite,success,not_applicable,,0.2637618296529968,false,705,490,1195,4011,none,none,exp_20260713_frbaseline_v2_rerun-raw-v1,call000012_dc5539db,exp_20260713_frbaseline_v2_rerun-raw-v1#fullrewrite/musicsheet5/rt06/backward
exp_20260713_frbaseline_v2_rerun,musicsheet5,musicsheet,fullrewrite,7,forward,true,,fullrewrite,success,not_applicable,,,,576,1507,2083,11512,none,none,exp_20260713_frbaseline_v2_rerun-raw-v1,call000013_82047fd7,exp_20260713_frbaseline_v2_rerun-raw-v1#fullrewrite/musicsheet5/rt07/forward
exp_20260713_frbaseline_v2_rerun,musicsheet5,musicsheet,fullrewrite,7,backward,true,,fullrewrite,success,not_applicable,,0.2637618296529968,false,633,378,1011,3584,none,none,exp_20260713_frbaseline_v2_rerun-raw-v1,call000014_84e50b56,exp_20260713_frbaseline_v2_rerun-raw-v1#fullrewrite/musicsheet5/rt07/backward
exp_20260713_frbaseline_v2_rerun,musicsheet5,musicsheet,fullrewrite,8,forward,true,,fullrewrite,success,not_applicable,,,,591,843,1434,7465,none,none,exp_20260713_frbaseline_v2_rerun-raw-v1,call000015_c472387c,exp_20260713_frbaseline_v2_rerun-raw-v1#fullrewrite/musicsheet5/rt08/forward
exp_20260713_frbaseline_v2_rerun,musicsheet5,musicsheet,fullrewrite,8,backward,true,,fullrewrite,success,not_applicable,,0.2637618296529968,false,721,1058,1779,8006,none,none,exp_20260713_frbaseline_v2_rerun-raw-v1,call000016_39a7ed3a,exp_20260713_frbaseline_v2_rerun-raw-v1#fullrewrite/musicsheet5/rt08/backward
exp_20260713_frbaseline_v2_rerun,musicsheet5,musicsheet,fullrewrite,9,forward,true,,fullrewrite,success,not_applicable,,,,616,748,1364,6863,none,none,exp_20260713_frbaseline_v2_rerun-raw-v1,call000017_93e58df4,exp_20260713_frbaseline_v2_rerun-raw-v1#fullrewrite/musicsheet5/rt09/forward
exp_20260713_frbaseline_v2_rerun,musicsheet5,musicsheet,fullrewrite,9,backward,true,,fullrewrite,success,not_applicable,,0.2637618296529968,false,621,476,1097,4533,none,none,exp_20260713_frbaseline_v2_rerun-raw-v1,call000018_3e4d6d05,exp_20260713_frbaseline_v2_rerun-raw-v1#fullrewrite/musicsheet5/rt09/backward
exp_20260713_frbaseline_v2_rerun,musicsheet5,musicsheet,fullrewrite,10,forward,true,,fullrewrite,failure,not_applicable,,0.0,,671,17906,18577,194642,model,empty_response,exp_20260713_frbaseline_v2_rerun-raw-v1,call000019_5d15065a,exp_20260713_frbaseline_v2_rerun-raw-v1#fullrewrite/musicsheet5/rt10/forward
exp_20260713_frbaseline_v2_rerun,musicsheet5,musicsheet,fullrewrite,10,backward,true,,fullrewrite,success,not_applicable,,0.2696209587513935,false,275,1148,1423,14586,none,none,exp_20260713_frbaseline_v2_rerun-raw-v1,call000020_ba11e270,exp_20260713_frbaseline_v2_rerun-raw-v1#fullrewrite/musicsheet5/rt10/backward
exp_20260713_frbaseline_v2_rerun,musicsheet6,musicsheet,fullrewrite,1,forward,true,,fullrewrite,failure,not_applicable,,0.0,,2415,24458,26873,216283,model,empty_response,exp_20260713_frbaseline_v2_rerun-raw-v1,call000001_518ce5c2,exp_20260713_frbaseline_v2_rerun-raw-v1#fullrewrite/musicsheet6/rt01/forward
exp_20260713_frbaseline_v2_rerun,musicsheet6,musicsheet,fullrewrite,1,backward,true,,fullrewrite,success,not_applicable,,0.20191314553990608,false,265,849,1114,11750,none,none,exp_20260713_frbaseline_v2_rerun-raw-v1,call000002_81099fb5,exp_20260713_frbaseline_v2_rerun-raw-v1#fullrewrite/musicsheet6/rt01/backward
exp_20260713_frbaseline_v2_rerun,musicsheet6,musicsheet,fullrewrite,2,forward,true,,fullrewrite,success,not_applicable,,,,428,839,1267,7159,none,none,exp_20260713_frbaseline_v2_rerun-raw-v1,call000003_2d343f6c,exp_20260713_frbaseline_v2_rerun-raw-v1#fullrewrite/musicsheet6/rt02/forward
exp_20260713_frbaseline_v2_rerun,musicsheet6,musicsheet,fullrewrite,2,backward,true,,fullrewrite,success,not_applicable,,0.20191314553990608,false,473,408,881,6832,none,none,exp_20260713_frbaseline_v2_rerun-raw-v1,call000004_8e400aad,exp_20260713_frbaseline_v2_rerun-raw-v1#fullrewrite/musicsheet6/rt02/backward
exp_20260713_frbaseline_v2_rerun,musicsheet6,musicsheet,fullrewrite,3,forward,true,,fullrewrite,success,not_applicable,,,,495,3682,4177,33495,none,none,exp_20260713_frbaseline_v2_rerun-raw-v1,call000005_3549324f,exp_20260713_frbaseline_v2_rerun-raw-v1#fullrewrite/musicsheet6/rt03/forward
exp_20260713_frbaseline_v2_rerun,musicsheet6,musicsheet,fullrewrite,3,backward,true,,fullrewrite,success,not_applicable,,0.22857981220657275,false,612,2388,3000,22948,none,none,exp_20260713_frbaseline_v2_rerun-raw-v1,call000006_a110a379,exp_20260713_frbaseline_v2_rerun-raw-v1#fullrewrite/musicsheet6/rt03/backward
exp_20260713_frbaseline_v2_rerun,musicsheet6,musicsheet,fullrewrite,4,forward,true,,fullrewrite,success,not_applicable,,,,558,15189,15747,121446,none,none,exp_20260713_frbaseline_v2_rerun-raw-v1,call000007_d159cfe6,exp_20260713_frbaseline_v2_rerun-raw-v1#fullrewrite/musicsheet6/rt04/forward
exp_20260713_frbaseline_v2_rerun,musicsheet6,musicsheet,fullrewrite,4,backward,true,,fullrewrite,success,not_applicable,,0.25037815126050417,false,710,2017,2727,17183,none,none,exp_20260713_frbaseline_v2_rerun-raw-v1,call000008_99098ff0,exp_20260713_frbaseline_v2_rerun-raw-v1#fullrewrite/musicsheet6/rt04/backward
exp_20260713_frbaseline_v2_rerun,musicsheet6,musicsheet,fullrewrite,5,forward,true,,fullrewrite,success,not_applicable,,,,720,13799,14519,109246,none,none,exp_20260713_frbaseline_v2_rerun-raw-v1,call000009_de67ced4,exp_20260713_frbaseline_v2_rerun-raw-v1#fullrewrite/musicsheet6/rt05/forward
exp_20260713_frbaseline_v2_rerun,musicsheet6,musicsheet,fullrewrite,5,backward,true,,fullrewrite,success,not_applicable,,0.2545867768595041,false,811,7207,8018,56952,none,none,exp_20260713_frbaseline_v2_rerun-raw-v1,call000010_e077fa9b,exp_20260713_frbaseline_v2_rerun-raw-v1#fullrewrite/musicsheet6/rt05/backward
exp_20260713_frbaseline_v2_rerun,musicsheet6,musicsheet,fullrewrite,6,forward,true,,fullrewrite,success,not_applicable,,,,819,16403,17222,343882,none,none,exp_20260713_frbaseline_v2_rerun-raw-v1,call000011_6e8075ca,exp_20260713_frbaseline_v2_rerun-raw-v1#fullrewrite/musicsheet6/rt06/forward
exp_20260713_frbaseline_v2_rerun,musicsheet6,musicsheet,fullrewrite,6,backward,true,,fullrewrite,failure,not_applicable,,0.0,true,886,12051,12937,95942,model,empty_response,exp_20260713_frbaseline_v2_rerun-raw-v1,call000012_c74ca382,exp_20260713_frbaseline_v2_rerun-raw-v1#fullrewrite/musicsheet6/rt06/backward
exp_20260713_frbaseline_v2_rerun,musicsheet6,musicsheet,fullrewrite,7,forward,true,,fullrewrite,success,not_applicable,,,,283,439,722,5739,none,none,exp_20260713_frbaseline_v2_rerun-raw-v1,call000013_c8e1fec8,exp_20260713_frbaseline_v2_rerun-raw-v1#fullrewrite/musicsheet6/rt07/forward
exp_20260713_frbaseline_v2_rerun,musicsheet6,musicsheet,fullrewrite,7,backward,true,,fullrewrite,success,not_applicable,,0.2597635135135135,false,585,3978,4563,33448,none,none,exp_20260713_frbaseline_v2_rerun-raw-v1,call000014_5518256f,exp_20260713_frbaseline_v2_rerun-raw-v1#fullrewrite/musicsheet6/rt07/backward
exp_20260713_frbaseline_v2_rerun,musicsheet6,musicsheet,fullrewrite,8,forward,true,,fullrewrite,success,not_applicable,,,,528,1632,2160,18527,none,none,exp_20260713_frbaseline_v2_rerun-raw-v1,call000015_edcd7dad,exp_20260713_frbaseline_v2_rerun-raw-v1#fullrewrite/musicsheet6/rt08/forward
exp_20260713_frbaseline_v2_rerun,musicsheet6,musicsheet,fullrewrite,8,backward,true,,fullrewrite,success,not_applicable,,0.27381433381433384,false,525,8814,9339,88690,none,none,exp_20260713_frbaseline_v2_rerun-raw-v1,call000016_c8d015b3,exp_20260713_frbaseline_v2_rerun-raw-v1#fullrewrite/musicsheet6/rt08/backward
exp_20260713_frbaseline_v2_rerun,musicsheet6,musicsheet,fullrewrite,9,forward,true,,fullrewrite,failure,not_applicable,,0.0,,608,20457,21065,200056,model,empty_response,exp_20260713_frbaseline_v2_rerun-raw-v1,call000017_62fba814,exp_20260713_frbaseline_v2_rerun-raw-v1#fullrewrite/musicsheet6/rt09/forward
exp_20260713_frbaseline_v2_rerun,musicsheet6,musicsheet,fullrewrite,9,backward,true,,fullrewrite,degraded,not_applicable,,0.15,true,265,480,745,5352,quality,content_regression,exp_20260713_frbaseline_v2_rerun-raw-v1,call000018_38f23f5f,exp_20260713_frbaseline_v2_rerun-raw-v1#fullrewrite/musicsheet6/rt09/backward
exp_20260713_frbaseline_v2_rerun,musicsheet6,musicsheet,fullrewrite,10,forward,true,,fullrewrite,success,not_applicable,,,,300,3200,3500,28869,none,none,exp_20260713_frbaseline_v2_rerun-raw-v1,call000019_56b8c8d9,exp_20260713_frbaseline_v2_rerun-raw-v1#fullrewrite/musicsheet6/rt10/forward
exp_20260713_frbaseline_v2_rerun,musicsheet6,musicsheet,fullrewrite,10,backward,true,,fullrewrite,success,not_applicable,,0.29014696485623004,false,772,4681,5453,40293,none,none,exp_20260713_frbaseline_v2_rerun-raw-v1,call000020_fc49f09c,exp_20260713_frbaseline_v2_rerun-raw-v1#fullrewrite/musicsheet6/rt10/backward
exp_20260713_frbaseline_v2_rerun,obj3d1,objd,fullrewrite,1,forward,true,,fullrewrite,failure,not_applicable,,0.0,,4669,751,5420,12936,model,empty_response,exp_20260713_frbaseline_v2_rerun-raw-v1,call000001_57d8dde4,exp_20260713_frbaseline_v2_rerun-raw-v1#fullrewrite/obj3d1/rt01/forward
exp_20260713_frbaseline_v2_rerun,obj3d1,objd,fullrewrite,1,backward,true,,fullrewrite,failure,not_applicable,,0.0,false,307,400,707,4225,quality,content_regression,exp_20260713_frbaseline_v2_rerun-raw-v1,call000002_9abecd71,exp_20260713_frbaseline_v2_rerun-raw-v1#fullrewrite/obj3d1/rt01/backward
exp_20260713_frbaseline_v2_rerun,obj3d1,objd,fullrewrite,2,forward,true,,fullrewrite,failure,not_applicable,,0.0,,315,528,843,6890,quality,content_regression,exp_20260713_frbaseline_v2_rerun-raw-v1,call000003_80586c0e,exp_20260713_frbaseline_v2_rerun-raw-v1#fullrewrite/obj3d1/rt02/forward
exp_20260713_frbaseline_v2_rerun,obj3d1,objd,fullrewrite,2,backward,true,,fullrewrite,success,not_applicable,,0.0,false,401,24066,24467,180022,none,none,exp_20260713_frbaseline_v2_rerun-raw-v1,call000004_043808aa,exp_20260713_frbaseline_v2_rerun-raw-v1#fullrewrite/obj3d1/rt02/backward
exp_20260713_frbaseline_v2_rerun,obj3d1,objd,fullrewrite,3,forward,true,,fullrewrite,failure,not_applicable,,0.0,,1578,7954,9532,69248,model,empty_response,exp_20260713_frbaseline_v2_rerun-raw-v1,call000005_ca458c3e,exp_20260713_frbaseline_v2_rerun-raw-v1#fullrewrite/obj3d1/rt03/forward
exp_20260713_frbaseline_v2_rerun,obj3d1,objd,fullrewrite,3,backward,true,,fullrewrite,success,not_applicable,,0.0,false,306,1249,1555,16780,none,none,exp_20260713_frbaseline_v2_rerun-raw-v1,call000006_1099d81c,exp_20260713_frbaseline_v2_rerun-raw-v1#fullrewrite/obj3d1/rt03/backward
exp_20260713_frbaseline_v2_rerun,obj3d1,objd,fullrewrite,4,forward,true,,fullrewrite,success,not_applicable,,,,578,3316,3894,28922,none,none,exp_20260713_frbaseline_v2_rerun-raw-v1,call000007_00394bd6,exp_20260713_frbaseline_v2_rerun-raw-v1#fullrewrite/obj3d1/rt04/forward
exp_20260713_frbaseline_v2_rerun,obj3d1,objd,fullrewrite,4,backward,true,,fullrewrite,success,not_applicable,,0.0,false,1407,3009,4416,34072,none,none,exp_20260713_frbaseline_v2_rerun-raw-v1,call000008_05de50ee,exp_20260713_frbaseline_v2_rerun-raw-v1#fullrewrite/obj3d1/rt04/backward
exp_20260713_frbaseline_v2_rerun,obj3d1,objd,fullrewrite,5,forward,true,,fullrewrite,failure,not_applicable,,0.0,,967,1687,2654,11586,model,empty_response,exp_20260713_frbaseline_v2_rerun-raw-v1,call000009_52f54bcb,exp_20260713_frbaseline_v2_rerun-raw-v1#fullrewrite/obj3d1/rt05/forward
exp_20260713_frbaseline_v2_rerun,obj3d1,objd,fullrewrite,5,backward,true,,fullrewrite,failure,not_applicable,,0.0,false,291,431,722,4436,quality,content_regression,exp_20260713_frbaseline_v2_rerun-raw-v1,call000010_5fa3fb21,exp_20260713_frbaseline_v2_rerun-raw-v1#fullrewrite/obj3d1/rt05/backward
exp_20260713_frbaseline_v2_rerun,obj3d1,objd,fullrewrite,6,forward,true,,fullrewrite,success,not_applicable,,,,443,5906,6349,43605,none,none,exp_20260713_frbaseline_v2_rerun-raw-v1,call000011_6a957509,exp_20260713_frbaseline_v2_rerun-raw-v1#fullrewrite/obj3d1/rt06/forward
exp_20260713_frbaseline_v2_rerun,obj3d1,objd,fullrewrite,6,backward,true,,fullrewrite,failure,not_applicable,,0.0,false,2818,883,3701,7637,model,empty_response,exp_20260713_frbaseline_v2_rerun-raw-v1,call000012_d6cbc112,exp_20260713_frbaseline_v2_rerun-raw-v1#fullrewrite/obj3d1/rt06/backward
exp_20260713_frbaseline_v2_rerun,obj3d1,objd,fullrewrite,7,forward,true,,fullrewrite,degraded,unchanged,,0.0,,379,835,1214,6731,quality,content_regression,exp_20260713_frbaseline_v2_rerun-raw-v1,call000013_62c2af78,exp_20260713_frbaseline_v2_rerun-raw-v1#fullrewrite/obj3d1/rt07/forward
exp_20260713_frbaseline_v2_rerun,obj3d1,objd,fullrewrite,7,backward,true,,fullrewrite,success,not_applicable,,0.0,false,307,1571,1878,16554,none,none,exp_20260713_frbaseline_v2_rerun-raw-v1,call000014_7f631e2b,exp_20260713_frbaseline_v2_rerun-raw-v1#fullrewrite/obj3d1/rt07/backward
exp_20260713_frbaseline_v2_rerun,obj3d1,objd,fullrewrite,8,forward,true,,fullrewrite,success,not_applicable,,,,484,1145,1629,9291,none,none,exp_20260713_frbaseline_v2_rerun-raw-v1,call000015_44b65a48,exp_20260713_frbaseline_v2_rerun-raw-v1#fullrewrite/obj3d1/rt08/forward
exp_20260713_frbaseline_v2_rerun,obj3d1,objd,fullrewrite,8,backward,true,,fullrewrite,success,not_applicable,,0.0,false,497,543,1040,5344,none,none,exp_20260713_frbaseline_v2_rerun-raw-v1,call000016_f0114ce5,exp_20260713_frbaseline_v2_rerun-raw-v1#fullrewrite/obj3d1/rt08/backward
exp_20260713_frbaseline_v2_rerun,obj3d1,objd,fullrewrite,9,forward,true,,fullrewrite,success,not_applicable,,,,522,13304,13826,159292,none,none,exp_20260713_frbaseline_v2_rerun-raw-v1,call000017_14cd12bd,exp_20260713_frbaseline_v2_rerun-raw-v1#fullrewrite/obj3d1/rt09/forward
exp_20260713_frbaseline_v2_rerun,obj3d1,objd,fullrewrite,9,backward,true,,fullrewrite,success,not_applicable,,0.0,false,3381,10399,13780,73795,none,none,exp_20260713_frbaseline_v2_rerun-raw-v1,call000018_43b560d9,exp_20260713_frbaseline_v2_rerun-raw-v1#fullrewrite/obj3d1/rt09/backward
exp_20260713_frbaseline_v2_rerun,obj3d1,objd,fullrewrite,10,forward,true,,fullrewrite,success,not_applicable,,,,3134,42174,45308,314997,none,none,exp_20260713_frbaseline_v2_rerun-raw-v1,call000019_3069e27d,exp_20260713_frbaseline_v2_rerun-raw-v1#fullrewrite/obj3d1/rt10/forward
exp_20260713_frbaseline_v2_rerun,obj3d1,objd,fullrewrite,10,backward,true,,fullrewrite,success,not_applicable,,0.0,false,3422,13354,16776,107707,none,none,exp_20260713_frbaseline_v2_rerun-raw-v1,call000020_4d1344a4,exp_20260713_frbaseline_v2_rerun-raw-v1#fullrewrite/obj3d1/rt10/backward
exp_20260713_frbaseline_v2_rerun,obj3d3,objd,fullrewrite,1,forward,true,,fullrewrite,failure,not_applicable,,0.0,,3414,1616,5030,17308,model,empty_response,exp_20260713_frbaseline_v2_rerun-raw-v1,call000001_13ba0a25,exp_20260713_frbaseline_v2_rerun-raw-v1#fullrewrite/obj3d3/rt01/forward
exp_20260713_frbaseline_v2_rerun,obj3d3,objd,fullrewrite,1,backward,true,,fullrewrite,failure,not_applicable,,0.0,false,298,32,330,1272,model,near_empty_response,exp_20260713_frbaseline_v2_rerun-raw-v1,call000002_12452b04,exp_20260713_frbaseline_v2_rerun-raw-v1#fullrewrite/obj3d3/rt01/backward
exp_20260713_frbaseline_v2_rerun,obj3d3,objd,fullrewrite,2,forward,true,,fullrewrite,degraded,unchanged,,0.0,,386,35,421,1275,model,near_empty_response,exp_20260713_frbaseline_v2_rerun-raw-v1,call000003_eb3ff670,exp_20260713_frbaseline_v2_rerun-raw-v1#fullrewrite/obj3d3/rt02/forward
exp_20260713_frbaseline_v2_rerun,obj3d3,objd,fullrewrite,2,backward,true,,fullrewrite,failure,not_applicable,,0.0,false,307,35,342,1470,model,near_empty_response,exp_20260713_frbaseline_v2_rerun-raw-v1,call000004_ff3b88be,exp_20260713_frbaseline_v2_rerun-raw-v1#fullrewrite/obj3d3/rt02/backward
exp_20260713_frbaseline_v2_rerun,obj3d3,objd,fullrewrite,3,forward,true,,fullrewrite,degraded,unchanged,,0.0,,377,30,407,5870,model,near_empty_response,exp_20260713_frbaseline_v2_rerun-raw-v1,call000005_6c8ba7d7,exp_20260713_frbaseline_v2_rerun-raw-v1#fullrewrite/obj3d3/rt03/forward
exp_20260713_frbaseline_v2_rerun,obj3d3,objd,fullrewrite,3,backward,true,,fullrewrite,failure,not_applicable,,0.0,false,307,32,339,1406,model,near_empty_response,exp_20260713_frbaseline_v2_rerun-raw-v1,call000006_b1b45927,exp_20260713_frbaseline_v2_rerun-raw-v1#fullrewrite/obj3d3/rt03/backward
exp_20260713_frbaseline_v2_rerun,obj3d3,objd,fullrewrite,4,forward,true,,fullrewrite,success,not_applicable,,,,408,6795,7203,73340,none,none,exp_20260713_frbaseline_v2_rerun-raw-v1,call000007_9c13abd2,exp_20260713_frbaseline_v2_rerun-raw-v1#fullrewrite/obj3d3/rt04/forward
exp_20260713_frbaseline_v2_rerun,obj3d3,objd,fullrewrite,4,backward,true,,fullrewrite,success,not_applicable,,0.0,false,1624,976,2600,8917,none,none,exp_20260713_frbaseline_v2_rerun-raw-v1,call000008_51202d91,exp_20260713_frbaseline_v2_rerun-raw-v1#fullrewrite/obj3d3/rt04/backward
exp_20260713_frbaseline_v2_rerun,obj3d3,objd,fullrewrite,5,forward,true,,fullrewrite,success,not_applicable,,,,1051,22755,23806,162620,none,none,exp_20260713_frbaseline_v2_rerun-raw-v1,call000009_bf8d18d6,exp_20260713_frbaseline_v2_rerun-raw-v1#fullrewrite/obj3d3/rt05/forward
exp_20260713_frbaseline_v2_rerun,obj3d3,objd,fullrewrite,5,backward,true,,fullrewrite,success,not_applicable,,0.0,false,2624,8151,10775,68177,none,none,exp_20260713_frbaseline_v2_rerun-raw-v1,call000010_e95e67d1,exp_20260713_frbaseline_v2_rerun-raw-v1#fullrewrite/obj3d3/rt05/backward
exp_20260713_frbaseline_v2_rerun,obj3d3,objd,fullrewrite,6,forward,true,,fullrewrite,failure,not_applicable,,0.0,,1119,2115,3234,19643,model,empty_response,exp_20260713_frbaseline_v2_rerun-raw-v1,call000011_6d252b41,exp_20260713_frbaseline_v2_rerun-raw-v1#fullrewrite/obj3d3/rt06/forward
exp_20260713_frbaseline_v2_rerun,obj3d3,objd,fullrewrite,6,backward,true,,fullrewrite,success,not_applicable,,0.0,false,295,1630,1925,19635,none,none,exp_20260713_frbaseline_v2_rerun-raw-v1,call000012_569bf8b8,exp_20260713_frbaseline_v2_rerun-raw-v1#fullrewrite/obj3d3/rt06/backward
exp_20260713_frbaseline_v2_rerun,obj3d3,objd,fullrewrite,7,forward,true,,fullrewrite,failure,not_applicable,,0.0,,1175,5807,6982,44458,model,empty_response,exp_20260713_frbaseline_v2_rerun-raw-v1,call000013_e23fbcdc,exp_20260713_frbaseline_v2_rerun-raw-v1#fullrewrite/obj3d3/rt07/forward
exp_20260713_frbaseline_v2_rerun,obj3d3,objd,fullrewrite,7,backward,true,,fullrewrite,success,not_applicable,,0.0,false,298,8283,8581,76821,none,none,exp_20260713_frbaseline_v2_rerun-raw-v1,call000014_86a18818,exp_20260713_frbaseline_v2_rerun-raw-v1#fullrewrite/obj3d3/rt07/backward
exp_20260713_frbaseline_v2_rerun,obj3d3,objd,fullrewrite,8,forward,true,,fullrewrite,failure,not_applicable,,0.0,,1234,1213,2447,8804,model,empty_response,exp_20260713_frbaseline_v2_rerun-raw-v1,call000015_cd3708c6,exp_20260713_frbaseline_v2_rerun-raw-v1#fullrewrite/obj3d3/rt08/forward
exp_20260713_frbaseline_v2_rerun,obj3d3,objd,fullrewrite,8,backward,true,,fullrewrite,success,not_applicable,,0.0,false,307,2091,2398,21125,none,none,exp_20260713_frbaseline_v2_rerun-raw-v1,call000016_68d4fae9,exp_20260713_frbaseline_v2_rerun-raw-v1#fullrewrite/obj3d3/rt08/backward
exp_20260713_frbaseline_v2_rerun,obj3d3,objd,fullrewrite,9,forward,true,,fullrewrite,success,not_applicable,,,,1392,17980,19372,132674,none,none,exp_20260713_frbaseline_v2_rerun-raw-v1,call000017_a778d547,exp_20260713_frbaseline_v2_rerun-raw-v1#fullrewrite/obj3d3/rt09/forward
exp_20260713_frbaseline_v2_rerun,obj3d3,objd,fullrewrite,9,backward,true,,fullrewrite,success,not_applicable,,0.0,false,1880,2437,4317,17991,none,none,exp_20260713_frbaseline_v2_rerun-raw-v1,call000018_7817353d,exp_20260713_frbaseline_v2_rerun-raw-v1#fullrewrite/obj3d3/rt09/backward
exp_20260713_frbaseline_v2_rerun,obj3d3,objd,fullrewrite,10,forward,true,,fullrewrite,success,not_applicable,,,,1413,11642,13055,83463,none,none,exp_20260713_frbaseline_v2_rerun-raw-v1,call000019_0f1f7160,exp_20260713_frbaseline_v2_rerun-raw-v1#fullrewrite/obj3d3/rt10/forward
exp_20260713_frbaseline_v2_rerun,obj3d3,objd,fullrewrite,10,backward,true,,fullrewrite,failure,not_applicable,,0.0,false,1842,1519,3361,23929,model,empty_response,exp_20260713_frbaseline_v2_rerun-raw-v1,call000020_1308f66d,exp_20260713_frbaseline_v2_rerun-raw-v1#fullrewrite/obj3d3/rt10/backward
exp_20260713_frbaseline_v2_rerun,obj3d5,objd,fullrewrite,1,forward,true,,fullrewrite,success,not_applicable,,,,4973,8281,13254,56446,none,none,exp_20260713_frbaseline_v2_rerun-raw-v1,call000001_8ed54770,exp_20260713_frbaseline_v2_rerun-raw-v1#fullrewrite/obj3d5/rt01/forward
exp_20260713_frbaseline_v2_rerun,obj3d5,objd,fullrewrite,1,backward,true,,fullrewrite,failure,not_applicable,,0.0,false,5004,653,5657,6124,model,empty_response,exp_20260713_frbaseline_v2_rerun-raw-v1,call000002_a8369354,exp_20260713_frbaseline_v2_rerun-raw-v1#fullrewrite/obj3d5/rt01/backward
exp_20260713_frbaseline_v2_rerun,obj3d5,objd,fullrewrite,2,forward,true,,fullrewrite,success,not_applicable,,,,399,423,822,4653,none,none,exp_20260713_frbaseline_v2_rerun-raw-v1,call000003_0d8dd976,exp_20260713_frbaseline_v2_rerun-raw-v1#fullrewrite/obj3d5/rt02/forward
exp_20260713_frbaseline_v2_rerun,obj3d5,objd,fullrewrite,2,backward,true,,fullrewrite,success,not_applicable,,0.0,false,691,964,1655,7194,none,none,exp_20260713_frbaseline_v2_rerun-raw-v1,call000004_9bc61429,exp_20260713_frbaseline_v2_rerun-raw-v1#fullrewrite/obj3d5/rt02/backward
exp_20260713_frbaseline_v2_rerun,obj3d5,objd,fullrewrite,3,forward,true,,fullrewrite,failure,not_applicable,,0.0,,663,3540,4203,33172,model,text_truncated,exp_20260713_frbaseline_v2_rerun-raw-v1,call000005_31840369,exp_20260713_frbaseline_v2_rerun-raw-v1#fullrewrite/obj3d5/rt03/forward
exp_20260713_frbaseline_v2_rerun,obj3d5,objd,fullrewrite,3,backward,true,,fullrewrite,failure,not_applicable,,0.0,false,290,731,1021,8046,evaluator,evaluator_error,exp_20260713_frbaseline_v2_rerun-raw-v1,call000006_570d4e44,exp_20260713_frbaseline_v2_rerun-raw-v1#fullrewrite/obj3d5/rt03/backward
exp_20260713_frbaseline_v2_rerun,obj3d5,objd,fullrewrite,4,forward,true,,fullrewrite,success,not_applicable,,,,340,476,816,5797,none,none,exp_20260713_frbaseline_v2_rerun-raw-v1,call000007_cb670213,exp_20260713_frbaseline_v2_rerun-raw-v1#fullrewrite/obj3d5/rt04/forward
exp_20260713_frbaseline_v2_rerun,obj3d5,objd,fullrewrite,4,backward,true,,fullrewrite,failure,not_applicable,,0.0,false,321,248,569,3247,model,near_empty_response,exp_20260713_frbaseline_v2_rerun-raw-v1,call000008_89c600e0,exp_20260713_frbaseline_v2_rerun-raw-v1#fullrewrite/obj3d5/rt04/backward
exp_20260713_frbaseline_v2_rerun,obj3d5,objd,fullrewrite,5,forward,true,,fullrewrite,success,not_applicable,,,,366,24024,24390,161534,none,none,exp_20260713_frbaseline_v2_rerun-raw-v1,call000009_e2ea22c9,exp_20260713_frbaseline_v2_rerun-raw-v1#fullrewrite/obj3d5/rt05/forward
exp_20260713_frbaseline_v2_rerun,obj3d5,objd,fullrewrite,5,backward,true,,fullrewrite,failure,not_applicable,,0.0,false,1945,2909,4854,19148,model,text_truncated,exp_20260713_frbaseline_v2_rerun-raw-v1,call000010_6c7cb427,exp_20260713_frbaseline_v2_rerun-raw-v1#fullrewrite/obj3d5/rt05/backward
exp_20260713_frbaseline_v2_rerun,obj3d5,objd,fullrewrite,6,forward,true,,fullrewrite,degraded,unchanged,,0.0,,348,2165,2513,27934,model,empty_response,exp_20260713_frbaseline_v2_rerun-raw-v1,call000011_1dcc70b9,exp_20260713_frbaseline_v2_rerun-raw-v1#fullrewrite/obj3d5/rt06/forward
exp_20260713_frbaseline_v2_rerun,obj3d5,objd,fullrewrite,6,backward,true,,fullrewrite,failure,not_applicable,,0.0,false,282,816,1098,8810,quality,content_regression,exp_20260713_frbaseline_v2_rerun-raw-v1,call000012_6e5c1216,exp_20260713_frbaseline_v2_rerun-raw-v1#fullrewrite/obj3d5/rt06/backward
exp_20260713_frbaseline_v2_rerun,obj3d5,objd,fullrewrite,7,forward,true,,fullrewrite,success,not_applicable,,,,351,1861,2212,17601,none,none,exp_20260713_frbaseline_v2_rerun-raw-v1,call000013_6f7a5242,exp_20260713_frbaseline_v2_rerun-raw-v1#fullrewrite/obj3d5/rt07/forward
exp_20260713_frbaseline_v2_rerun,obj3d5,objd,fullrewrite,7,backward,true,,fullrewrite,failure,not_applicable,,0.0,false,878,467,1345,5406,model,empty_response,exp_20260713_frbaseline_v2_rerun-raw-v1,call000014_8dcfc30c,exp_20260713_frbaseline_v2_rerun-raw-v1#fullrewrite/obj3d5/rt07/backward
exp_20260713_frbaseline_v2_rerun,obj3d5,objd,fullrewrite,8,forward,true,,fullrewrite,success,not_applicable,,,,361,638,999,5463,none,none,exp_20260713_frbaseline_v2_rerun-raw-v1,call000015_d68dee3a,exp_20260713_frbaseline_v2_rerun-raw-v1#fullrewrite/obj3d5/rt08/forward
exp_20260713_frbaseline_v2_rerun,obj3d5,objd,fullrewrite,8,backward,true,,fullrewrite,failure,not_applicable,,0.0,false,920,5547,6467,48648,model,empty_response,exp_20260713_frbaseline_v2_rerun-raw-v1,call000016_92aaf46c,exp_20260713_frbaseline_v2_rerun-raw-v1#fullrewrite/obj3d5/rt08/backward
exp_20260713_frbaseline_v2_rerun,obj3d5,objd,fullrewrite,9,forward,true,,fullrewrite,degraded,unchanged,,0.0,,335,232,567,2864,quality,content_regression,exp_20260713_frbaseline_v2_rerun-raw-v1,call000017_3be0f147,exp_20260713_frbaseline_v2_rerun-raw-v1#fullrewrite/obj3d5/rt09/forward
exp_20260713_frbaseline_v2_rerun,obj3d5,objd,fullrewrite,9,backward,true,,fullrewrite,failure,not_applicable,,0.0,false,299,337,636,4080,quality,content_regression,exp_20260713_frbaseline_v2_rerun-raw-v1,call000018_67ab1a1c,exp_20260713_frbaseline_v2_rerun-raw-v1#fullrewrite/obj3d5/rt09/backward
exp_20260713_frbaseline_v2_rerun,obj3d5,objd,fullrewrite,10,forward,true,,fullrewrite,success,not_applicable,,,,399,2973,3372,23316,none,none,exp_20260713_frbaseline_v2_rerun-raw-v1,call000019_abacf241,exp_20260713_frbaseline_v2_rerun-raw-v1#fullrewrite/obj3d5/rt10/forward
exp_20260713_frbaseline_v2_rerun,obj3d5,objd,fullrewrite,10,backward,true,,fullrewrite,success,not_applicable,,0.0,false,439,1303,1742,13696,none,none,exp_20260713_frbaseline_v2_rerun-raw-v1,call000020_23e1c79c,exp_20260713_frbaseline_v2_rerun-raw-v1#fullrewrite/obj3d5/rt10/backward
exp_20260713_frbaseline_v2_rerun,protein1,protein,fullrewrite,1,forward,true,,fullrewrite,failure,not_applicable,,0.0,,5564,14316,19880,114542,model,text_truncated,exp_20260713_frbaseline_v2_rerun-raw-v1,call000001_f5ec8c2c,exp_20260713_frbaseline_v2_rerun-raw-v1#fullrewrite/protein1/rt01/forward
exp_20260713_frbaseline_v2_rerun,protein1,protein,fullrewrite,1,backward,true,,fullrewrite,success,not_applicable,,0.0,false,754,63729,64483,444095,none,none,exp_20260713_frbaseline_v2_rerun-raw-v1,call000002_e3a2bbac,exp_20260713_frbaseline_v2_rerun-raw-v1#fullrewrite/protein1/rt01/backward
exp_20260713_frbaseline_v2_rerun,protein1,protein,fullrewrite,2,forward,true,,fullrewrite,success,not_applicable,,,,640,1079,1719,14617,none,none,exp_20260713_frbaseline_v2_rerun-raw-v1,call000003_80523683,exp_20260713_frbaseline_v2_rerun-raw-v1#fullrewrite/protein1/rt02/forward
exp_20260713_frbaseline_v2_rerun,protein1,protein,fullrewrite,2,backward,true,,fullrewrite,success,not_applicable,,0.0,false,683,1656,2339,14154,none,none,exp_20260713_frbaseline_v2_rerun-raw-v1,call000004_0f70ae84,exp_20260713_frbaseline_v2_rerun-raw-v1#fullrewrite/protein1/rt02/backward
exp_20260713_frbaseline_v2_rerun,protein1,protein,fullrewrite,3,forward,true,,fullrewrite,success,not_applicable,,,,624,4731,5355,36401,none,none,exp_20260713_frbaseline_v2_rerun-raw-v1,call000005_5180b0f7,exp_20260713_frbaseline_v2_rerun-raw-v1#fullrewrite/protein1/rt03/forward
exp_20260713_frbaseline_v2_rerun,protein1,protein,fullrewrite,3,backward,true,,fullrewrite,success,not_applicable,,0.0,false,753,709,1462,5144,none,none,exp_20260713_frbaseline_v2_rerun-raw-v1,call000006_4ab208ca,exp_20260713_frbaseline_v2_rerun-raw-v1#fullrewrite/protein1/rt03/backward
exp_20260713_frbaseline_v2_rerun,protein1,protein,fullrewrite,4,forward,true,,fullrewrite,success,not_applicable,,,,648,15070,15718,113775,none,none,exp_20260713_frbaseline_v2_rerun-raw-v1,call000007_0cd3ac1f,exp_20260713_frbaseline_v2_rerun-raw-v1#fullrewrite/protein1/rt04/forward
exp_20260713_frbaseline_v2_rerun,protein1,protein,fullrewrite,4,backward,true,,fullrewrite,success,not_applicable,,0.0,false,641,16444,17085,121193,none,none,exp_20260713_frbaseline_v2_rerun-raw-v1,call000008_846a4fed,exp_20260713_frbaseline_v2_rerun-raw-v1#fullrewrite/protein1/rt04/backward
exp_20260713_frbaseline_v2_rerun,protein1,protein,fullrewrite,5,forward,true,,fullrewrite,success,unchanged,,,,588,3131,3719,22924,none,none,exp_20260713_frbaseline_v2_rerun-raw-v1,call000009_7db1515e,exp_20260713_frbaseline_v2_rerun-raw-v1#fullrewrite/protein1/rt05/forward
exp_20260713_frbaseline_v2_rerun,protein1,protein,fullrewrite,5,backward,true,,fullrewrite,success,not_applicable,,0.0,false,592,1616,2208,17508,none,none,exp_20260713_frbaseline_v2_rerun-raw-v1,call000010_322b33a4,exp_20260713_frbaseline_v2_rerun-raw-v1#fullrewrite/protein1/rt05/backward
exp_20260713_frbaseline_v2_rerun,protein1,protein,fullrewrite,6,forward,true,,fullrewrite,success,not_applicable,,,,703,44184,44887,377545,none,none,exp_20260713_frbaseline_v2_rerun-raw-v1,call000011_9c00070c,exp_20260713_frbaseline_v2_rerun-raw-v1#fullrewrite/protein1/rt06/forward
exp_20260713_frbaseline_v2_rerun,protein1,protein,fullrewrite,6,backward,true,,fullrewrite,success,not_applicable,,0.0,false,2330,2633,4963,14170,none,none,exp_20260713_frbaseline_v2_rerun-raw-v1,call000012_998c8863,exp_20260713_frbaseline_v2_rerun-raw-v1#fullrewrite/protein1/rt06/backward
exp_20260713_frbaseline_v2_rerun,protein1,protein,fullrewrite,7,forward,true,,fullrewrite,success,not_applicable,,,,752,6397,7149,71592,none,none,exp_20260713_frbaseline_v2_rerun-raw-v1,call000013_fa522909,exp_20260713_frbaseline_v2_rerun-raw-v1#fullrewrite/protein1/rt07/forward
exp_20260713_frbaseline_v2_rerun,protein1,protein,fullrewrite,7,backward,true,,fullrewrite,success,not_applicable,,0.0,false,848,29678,30526,337755,none,none,exp_20260713_frbaseline_v2_rerun-raw-v1,call000014_297d6e5e,exp_20260713_frbaseline_v2_rerun-raw-v1#fullrewrite/protein1/rt07/backward
exp_20260713_frbaseline_v2_rerun,protein1,protein,fullrewrite,8,forward,true,,fullrewrite,success,not_applicable,,,,709,48323,49032,347457,none,none,exp_20260713_frbaseline_v2_rerun-raw-v1,call000015_58f873f9,exp_20260713_frbaseline_v2_rerun-raw-v1#fullrewrite/protein1/rt08/forward
exp_20260713_frbaseline_v2_rerun,protein1,protein,fullrewrite,8,backward,true,,fullrewrite,failure,not_applicable,,0.0,false,713,28518,29231,593536,model,empty_response,exp_20260713_frbaseline_v2_rerun-raw-v1,call000016_2dcd3260,exp_20260713_frbaseline_v2_rerun-raw-v1#fullrewrite/protein1/rt08/backward
exp_20260713_frbaseline_v2_rerun,protein1,protein,fullrewrite,9,forward,true,,fullrewrite,success,not_applicable,,,,328,613,941,5629,none,none,exp_20260713_frbaseline_v2_rerun-raw-v1,call000017_06462ca8,exp_20260713_frbaseline_v2_rerun-raw-v1#fullrewrite/protein1/rt09/forward
exp_20260713_frbaseline_v2_rerun,protein1,protein,fullrewrite,9,backward,true,,fullrewrite,failure,not_applicable,,0.0,false,301,457,758,3942,quality,content_regression,exp_20260713_frbaseline_v2_rerun-raw-v1,call000018_aed373f1,exp_20260713_frbaseline_v2_rerun-raw-v1#fullrewrite/protein1/rt09/backward
exp_20260713_frbaseline_v2_rerun,protein1,protein,fullrewrite,10,forward,true,,fullrewrite,success,not_applicable,,,,352,2646,2998,21973,none,none,exp_20260713_frbaseline_v2_rerun-raw-v1,call000019_84e6e6ff,exp_20260713_frbaseline_v2_rerun-raw-v1#fullrewrite/protein1/rt10/forward
exp_20260713_frbaseline_v2_rerun,protein1,protein,fullrewrite,10,backward,true,,fullrewrite,success,not_applicable,,0.0,false,1455,65069,66524,2289595,none,none,exp_20260713_frbaseline_v2_rerun-raw-v1,call000020_f208425f,exp_20260713_frbaseline_v2_rerun-raw-v1#fullrewrite/protein1/rt10/backward
exp_20260713_frbaseline_v2_rerun,protein2,protein,fullrewrite,1,forward,true,,fullrewrite,failure,not_applicable,,0.0,,4835,6981,11816,38990,model,empty_response,exp_20260713_frbaseline_v2_rerun-raw-v1,call000001_783ad5e4,exp_20260713_frbaseline_v2_rerun-raw-v1#fullrewrite/protein2/rt01/forward
exp_20260713_frbaseline_v2_rerun,protein2,protein,fullrewrite,1,backward,true,,fullrewrite,failure,not_applicable,,0.0,false,334,138,472,2920,model,near_empty_response,exp_20260713_frbaseline_v2_rerun-raw-v1,call000002_8b4de9c6,exp_20260713_frbaseline_v2_rerun-raw-v1#fullrewrite/protein2/rt01/backward
exp_20260713_frbaseline_v2_rerun,protein2,protein,fullrewrite,2,forward,true,,fullrewrite,degraded,unchanged,,0.0,,398,8589,8987,84417,model,empty_response,exp_20260713_frbaseline_v2_rerun-raw-v1,call000003_4b7fd86f,exp_20260713_frbaseline_v2_rerun-raw-v1#fullrewrite/protein2/rt02/forward
exp_20260713_frbaseline_v2_rerun,protein2,protein,fullrewrite,2,backward,true,,fullrewrite,success,not_applicable,,0.011289884393063585,false,315,4029,4344,32649,none,none,exp_20260713_frbaseline_v2_rerun-raw-v1,call000004_555ec5af,exp_20260713_frbaseline_v2_rerun-raw-v1#fullrewrite/protein2/rt02/backward
exp_20260713_frbaseline_v2_rerun,protein2,protein,fullrewrite,3,forward,true,,fullrewrite,failure,not_applicable,,0.0,,4020,5138,9158,36410,model,empty_response,exp_20260713_frbaseline_v2_rerun-raw-v1,call000005_f01af1dd,exp_20260713_frbaseline_v2_rerun-raw-v1#fullrewrite/protein2/rt03/forward
exp_20260713_frbaseline_v2_rerun,protein2,protein,fullrewrite,3,backward,true,,fullrewrite,failure,not_applicable,,0.0,true,303,368,671,3970,quality,content_regression,exp_20260713_frbaseline_v2_rerun-raw-v1,call000006_e9aa449a,exp_20260713_frbaseline_v2_rerun-raw-v1#fullrewrite/protein2/rt03/backward
exp_20260713_frbaseline_v2_rerun,protein2,protein,fullrewrite,4,forward,true,,fullrewrite,degraded,unchanged,,0.0,,337,1400,1737,15965,quality,content_regression,exp_20260713_frbaseline_v2_rerun-raw-v1,call000007_6368bf7f,exp_20260713_frbaseline_v2_rerun-raw-v1#fullrewrite/protein2/rt04/forward
exp_20260713_frbaseline_v2_rerun,protein2,protein,fullrewrite,4,backward,true,,fullrewrite,success,not_applicable,,0.0,false,306,1602,1908,14202,none,none,exp_20260713_frbaseline_v2_rerun-raw-v1,call000008_8d87cace,exp_20260713_frbaseline_v2_rerun-raw-v1#fullrewrite/protein2/rt04/backward
exp_20260713_frbaseline_v2_rerun,protein2,protein,fullrewrite,5,forward,true,,fullrewrite,failure,not_applicable,,0.0,,1029,7674,8703,65153,model,empty_response,exp_20260713_frbaseline_v2_rerun-raw-v1,call000009_4e4b2a35,exp_20260713_frbaseline_v2_rerun-raw-v1#fullrewrite/protein2/rt05/forward
exp_20260713_frbaseline_v2_rerun,protein2,protein,fullrewrite,5,backward,true,,fullrewrite,failure,not_applicable,,0.0,false,307,731,1038,11901,quality,content_regression,exp_20260713_frbaseline_v2_rerun-raw-v1,call000010_1d9ac292,exp_20260713_frbaseline_v2_rerun-raw-v1#fullrewrite/protein2/rt05/backward
exp_20260713_frbaseline_v2_rerun,protein2,protein,fullrewrite,6,forward,true,,fullrewrite,success,not_applicable,,,,322,18538,18860,136828,none,none,exp_20260713_frbaseline_v2_rerun-raw-v1,call000011_9fe522e3,exp_20260713_frbaseline_v2_rerun-raw-v1#fullrewrite/protein2/rt06/forward
exp_20260713_frbaseline_v2_rerun,protein2,protein,fullrewrite,6,backward,true,,fullrewrite,success,not_applicable,,0.028152059523809524,false,2857,13771,16628,103086,none,none,exp_20260713_frbaseline_v2_rerun-raw-v1,call000012_869711c1,exp_20260713_frbaseline_v2_rerun-raw-v1#fullrewrite/protein2/rt06/backward
exp_20260713_frbaseline_v2_rerun,protein2,protein,fullrewrite,7,forward,true,,fullrewrite,failure,not_applicable,,0.0,,2815,2536,5351,20427,model,empty_response,exp_20260713_frbaseline_v2_rerun-raw-v1,call000013_edb7d08b,exp_20260713_frbaseline_v2_rerun-raw-v1#fullrewrite/protein2/rt07/forward
exp_20260713_frbaseline_v2_rerun,protein2,protein,fullrewrite,7,backward,true,,fullrewrite,degraded,not_applicable,,0.0,true,334,46757,47091,356044,quality,content_regression,exp_20260713_frbaseline_v2_rerun-raw-v1,call000014_c5d67314,exp_20260713_frbaseline_v2_rerun-raw-v1#fullrewrite/protein2/rt07/backward
exp_20260713_frbaseline_v2_rerun,protein2,protein,fullrewrite,8,forward,true,,fullrewrite,failure,not_applicable,,0.0,,1189,14562,15751,122850,model,empty_response,exp_20260713_frbaseline_v2_rerun-raw-v1,call000015_a1c4341f,exp_20260713_frbaseline_v2_rerun-raw-v1#fullrewrite/protein2/rt08/forward
exp_20260713_frbaseline_v2_rerun,protein2,protein,fullrewrite,8,backward,true,,fullrewrite,success,not_applicable,,0.0,false,307,1032,1339,13709,none,none,exp_20260713_frbaseline_v2_rerun-raw-v1,call000016_885be4c5,exp_20260713_frbaseline_v2_rerun-raw-v1#fullrewrite/protein2/rt08/backward
exp_20260713_frbaseline_v2_rerun,protein2,protein,fullrewrite,9,forward,true,,fullrewrite,success,not_applicable,,,,531,1521,2052,16068,none,none,exp_20260713_frbaseline_v2_rerun-raw-v1,call000017_59194f3e,exp_20260713_frbaseline_v2_rerun-raw-v1#fullrewrite/protein2/rt09/forward
exp_20260713_frbaseline_v2_rerun,protein2,protein,fullrewrite,9,backward,true,,fullrewrite,success,not_applicable,,0.0,false,486,1754,2240,12144,none,none,exp_20260713_frbaseline_v2_rerun-raw-v1,call000018_d5063331,exp_20260713_frbaseline_v2_rerun-raw-v1#fullrewrite/protein2/rt09/backward
exp_20260713_frbaseline_v2_rerun,protein2,protein,fullrewrite,10,forward,true,,fullrewrite,success,not_applicable,,,,509,4003,4512,28922,none,none,exp_20260713_frbaseline_v2_rerun-raw-v1,call000019_b650192f,exp_20260713_frbaseline_v2_rerun-raw-v1#fullrewrite/protein2/rt10/forward
exp_20260713_frbaseline_v2_rerun,protein2,protein,fullrewrite,10,backward,true,,fullrewrite,success,not_applicable,,0.0,false,545,1175,1720,14866,none,none,exp_20260713_frbaseline_v2_rerun-raw-v1,call000020_066b7d84,exp_20260713_frbaseline_v2_rerun-raw-v1#fullrewrite/protein2/rt10/backward
exp_20260713_frbaseline_v2_rerun,protein4,protein,fullrewrite,1,forward,true,,fullrewrite,success,not_applicable,,,,5086,18560,23646,172312,none,none,exp_20260713_frbaseline_v2_rerun-raw-v1,call000001_08938ae4,exp_20260713_frbaseline_v2_rerun-raw-v1#fullrewrite/protein4/rt01/forward
exp_20260713_frbaseline_v2_rerun,protein4,protein,fullrewrite,1,backward,true,,fullrewrite,success,not_applicable,,1.0,false,5243,54935,60178,1292499,none,none,exp_20260713_frbaseline_v2_rerun-raw-v1,call000002_23f10493,exp_20260713_frbaseline_v2_rerun-raw-v1#fullrewrite/protein4/rt01/backward
exp_20260713_frbaseline_v2_rerun,protein4,protein,fullrewrite,2,forward,true,,fullrewrite,failure,not_applicable,,0.0,,5019,4109,9128,36321,model,empty_response,exp_20260713_frbaseline_v2_rerun-raw-v1,call000003_ca98ac9b,exp_20260713_frbaseline_v2_rerun-raw-v1#fullrewrite/protein4/rt02/forward
exp_20260713_frbaseline_v2_rerun,protein4,protein,fullrewrite,2,backward,true,,fullrewrite,degraded,not_applicable,,0.0,true,349,758,1107,8763,quality,content_regression,exp_20260713_frbaseline_v2_rerun-raw-v1,call000004_92849cf9,exp_20260713_frbaseline_v2_rerun-raw-v1#fullrewrite/protein4/rt02/backward
exp_20260713_frbaseline_v2_rerun,protein4,protein,fullrewrite,3,forward,true,,fullrewrite,success,not_applicable,,,,344,789,1133,5272,none,none,exp_20260713_frbaseline_v2_rerun-raw-v1,call000005_c81cfa59,exp_20260713_frbaseline_v2_rerun-raw-v1#fullrewrite/protein4/rt03/forward
exp_20260713_frbaseline_v2_rerun,protein4,protein,fullrewrite,3,backward,true,,fullrewrite,success,not_applicable,,0.0,false,1073,35032,36105,242919,none,none,exp_20260713_frbaseline_v2_rerun-raw-v1,call000006_b98441f4,exp_20260713_frbaseline_v2_rerun-raw-v1#fullrewrite/protein4/rt03/backward
exp_20260713_frbaseline_v2_rerun,protein4,protein,fullrewrite,4,forward,true,,fullrewrite,success,not_applicable,,,,1104,3443,4547,23008,none,none,exp_20260713_frbaseline_v2_rerun-raw-v1,call000007_b8063653,exp_20260713_frbaseline_v2_rerun-raw-v1#fullrewrite/protein4/rt04/forward
exp_20260713_frbaseline_v2_rerun,protein4,protein,fullrewrite,4,backward,true,,fullrewrite,success,not_applicable,,0.0,false,1080,34238,35318,222267,none,none,exp_20260713_frbaseline_v2_rerun-raw-v1,call000008_68df18d7,exp_20260713_frbaseline_v2_rerun-raw-v1#fullrewrite/protein4/rt04/backward
exp_20260713_frbaseline_v2_rerun,protein4,protein,fullrewrite,5,forward,true,,fullrewrite,failure,not_applicable,,0.0,,1086,21008,22094,184926,model,empty_response,exp_20260713_frbaseline_v2_rerun-raw-v1,call000009_886e1383,exp_20260713_frbaseline_v2_rerun-raw-v1#fullrewrite/protein4/rt05/forward
exp_20260713_frbaseline_v2_rerun,protein4,protein,fullrewrite,5,backward,true,,fullrewrite,success,not_applicable,,0.0,false,338,2891,3229,23475,none,none,exp_20260713_frbaseline_v2_rerun-raw-v1,call000010_9e82eac1,exp_20260713_frbaseline_v2_rerun-raw-v1#fullrewrite/protein4/rt05/backward
exp_20260713_frbaseline_v2_rerun,protein4,protein,fullrewrite,6,forward,true,,fullrewrite,failure,not_applicable,,0.0,,1896,11199,13095,143070,model,empty_response,exp_20260713_frbaseline_v2_rerun-raw-v1,call000011_5a30066d,exp_20260713_frbaseline_v2_rerun-raw-v1#fullrewrite/protein4/rt06/forward
exp_20260713_frbaseline_v2_rerun,protein4,protein,fullrewrite,6,backward,true,,fullrewrite,success,not_applicable,,0.012066923076923078,false,329,4201,4530,49979,none,none,exp_20260713_frbaseline_v2_rerun-raw-v1,call000012_91d237a1,exp_20260713_frbaseline_v2_rerun-raw-v1#fullrewrite/protein4/rt06/backward
exp_20260713_frbaseline_v2_rerun,protein4,protein,fullrewrite,7,forward,true,,fullrewrite,failure,not_applicable,,0.0,,4593,3450,8043,29762,model,empty_response,exp_20260713_frbaseline_v2_rerun-raw-v1,call000013_cb6e9556,exp_20260713_frbaseline_v2_rerun-raw-v1#fullrewrite/protein4/rt07/forward
exp_20260713_frbaseline_v2_rerun,protein4,protein,fullrewrite,7,backward,true,,fullrewrite,failure,not_applicable,,0.0,true,364,4436,4800,42357,model,text_truncated,exp_20260713_frbaseline_v2_rerun-raw-v1,call000014_83f10727,exp_20260713_frbaseline_v2_rerun-raw-v1#fullrewrite/protein4/rt07/backward
exp_20260713_frbaseline_v2_rerun,protein4,protein,fullrewrite,8,forward,true,,fullrewrite,degraded,unchanged,,0.0,,363,625,988,7203,quality,content_regression,exp_20260713_frbaseline_v2_rerun-raw-v1,call000015_4a19ce46,exp_20260713_frbaseline_v2_rerun-raw-v1#fullrewrite/protein4/rt08/forward
exp_20260713_frbaseline_v2_rerun,protein4,protein,fullrewrite,8,backward,true,,fullrewrite,success,not_applicable,,0.0,false,338,2282,2620,20775,none,none,exp_20260713_frbaseline_v2_rerun-raw-v1,call000016_1ba20d8a,exp_20260713_frbaseline_v2_rerun-raw-v1#fullrewrite/protein4/rt08/backward
exp_20260713_frbaseline_v2_rerun,protein4,protein,fullrewrite,9,forward,true,,fullrewrite,success,not_applicable,,,,945,23927,24872,179928,none,none,exp_20260713_frbaseline_v2_rerun-raw-v1,call000017_cf0f91d0,exp_20260713_frbaseline_v2_rerun-raw-v1#fullrewrite/protein4/rt09/forward
exp_20260713_frbaseline_v2_rerun,protein4,protein,fullrewrite,9,backward,true,,fullrewrite,success,not_applicable,,0.0,false,994,38950,39944,274404,none,none,exp_20260713_frbaseline_v2_rerun-raw-v1,call000018_cc44350b,exp_20260713_frbaseline_v2_rerun-raw-v1#fullrewrite/protein4/rt09/backward
exp_20260713_frbaseline_v2_rerun,protein4,protein,fullrewrite,10,forward,true,,fullrewrite,success,not_applicable,,,,1035,8100,9135,62838,none,none,exp_20260713_frbaseline_v2_rerun-raw-v1,call000019_0227ae49,exp_20260713_frbaseline_v2_rerun-raw-v1#fullrewrite/protein4/rt10/forward
exp_20260713_frbaseline_v2_rerun,protein4,protein,fullrewrite,10,backward,true,,fullrewrite,success,not_applicable,,0.0,false,950,53053,54003,422244,none,none,exp_20260713_frbaseline_v2_rerun-raw-v1,call000020_bf33d49c,exp_20260713_frbaseline_v2_rerun-raw-v1#fullrewrite/protein4/rt10/backward
exp_20260713_frbaseline_v2_rerun,protein6,protein,fullrewrite,1,forward,true,,fullrewrite,failure,not_applicable,,0.0,,3395,29600,32995,233406,model,empty_response,exp_20260713_frbaseline_v2_rerun-raw-v1,call000001_53747c5f,exp_20260713_frbaseline_v2_rerun-raw-v1#fullrewrite/protein6/rt01/forward
exp_20260713_frbaseline_v2_rerun,protein6,protein,fullrewrite,1,backward,true,,fullrewrite,failure,not_applicable,,0.0,false,290,383,673,4174,quality,content_regression,exp_20260713_frbaseline_v2_rerun-raw-v1,call000002_3e9c4447,exp_20260713_frbaseline_v2_rerun-raw-v1#fullrewrite/protein6/rt01/backward
exp_20260713_frbaseline_v2_rerun,protein6,protein,fullrewrite,2,forward,true,,fullrewrite,failure,not_applicable,,0.0,,330,1302,1632,13473,quality,content_regression,exp_20260713_frbaseline_v2_rerun-raw-v1,call000003_2dc65f6a,exp_20260713_frbaseline_v2_rerun-raw-v1#fullrewrite/protein6/rt02/forward
exp_20260713_frbaseline_v2_rerun,protein6,protein,fullrewrite,2,backward,true,,fullrewrite,failure,not_applicable,,0.0,false,850,7396,8246,47613,model,empty_response,exp_20260713_frbaseline_v2_rerun-raw-v1,call000004_622df6e0,exp_20260713_frbaseline_v2_rerun-raw-v1#fullrewrite/protein6/rt02/backward
exp_20260713_frbaseline_v2_rerun,protein6,protein,fullrewrite,3,forward,true,,fullrewrite,failure,not_applicable,,0.0,,310,601,911,8142,quality,content_regression,exp_20260713_frbaseline_v2_rerun-raw-v1,call000005_ac6983a0,exp_20260713_frbaseline_v2_rerun-raw-v1#fullrewrite/protein6/rt03/forward
exp_20260713_frbaseline_v2_rerun,protein6,protein,fullrewrite,3,backward,true,,fullrewrite,failure,not_applicable,,0.0,false,315,481,796,6148,quality,content_regression,exp_20260713_frbaseline_v2_rerun-raw-v1,call000006_3702d07b,exp_20260713_frbaseline_v2_rerun-raw-v1#fullrewrite/protein6/rt03/backward
exp_20260713_frbaseline_v2_rerun,protein6,protein,fullrewrite,4,forward,true,,fullrewrite,degraded,unchanged,,0.0,,348,7270,7618,57758,model,empty_response,exp_20260713_frbaseline_v2_rerun-raw-v1,call000007_fec0690f,exp_20260713_frbaseline_v2_rerun-raw-v1#fullrewrite/protein6/rt04/forward
exp_20260713_frbaseline_v2_rerun,protein6,protein,fullrewrite,4,backward,true,,fullrewrite,failure,not_applicable,,0.0,false,293,306,599,3962,quality,content_regression,exp_20260713_frbaseline_v2_rerun-raw-v1,call000008_61b26703,exp_20260713_frbaseline_v2_rerun-raw-v1#fullrewrite/protein6/rt04/backward
exp_20260713_frbaseline_v2_rerun,protein6,protein,fullrewrite,5,forward,true,,fullrewrite,success,not_applicable,,,,364,2202,2566,25756,none,none,exp_20260713_frbaseline_v2_rerun-raw-v1,call000009_9caddb2f,exp_20260713_frbaseline_v2_rerun-raw-v1#fullrewrite/protein6/rt05/forward
exp_20260713_frbaseline_v2_rerun,protein6,protein,fullrewrite,5,backward,true,,fullrewrite,failure,not_applicable,,0.0,false,1985,1237,3222,10491,model,empty_response,exp_20260713_frbaseline_v2_rerun-raw-v1,call000010_822675ac,exp_20260713_frbaseline_v2_rerun-raw-v1#fullrewrite/protein6/rt05/backward
exp_20260713_frbaseline_v2_rerun,protein6,protein,fullrewrite,6,forward,true,,fullrewrite,degraded,not_applicable,,,,395,16894,17289,153517,model,text_truncated,exp_20260713_frbaseline_v2_rerun-raw-v1,call000011_c90f3c37,exp_20260713_frbaseline_v2_rerun-raw-v1#fullrewrite/protein6/rt06/forward
exp_20260713_frbaseline_v2_rerun,protein6,protein,fullrewrite,6,backward,true,,fullrewrite,failure,not_applicable,,0.0,false,1433,2816,4249,25518,model,empty_response,exp_20260713_frbaseline_v2_rerun-raw-v1,call000012_ebd2aab2,exp_20260713_frbaseline_v2_rerun-raw-v1#fullrewrite/protein6/rt06/backward
exp_20260713_frbaseline_v2_rerun,protein6,protein,fullrewrite,7,forward,true,,fullrewrite,degraded,unchanged,,0.0,,305,536,841,6761,quality,content_regression,exp_20260713_frbaseline_v2_rerun-raw-v1,call000013_c28b8a13,exp_20260713_frbaseline_v2_rerun-raw-v1#fullrewrite/protein6/rt07/forward
exp_20260713_frbaseline_v2_rerun,protein6,protein,fullrewrite,7,backward,true,,fullrewrite,failure,not_applicable,,0.0,false,290,498,788,4646,quality,content_regression,exp_20260713_frbaseline_v2_rerun-raw-v1,call000014_2a7bfd9e,exp_20260713_frbaseline_v2_rerun-raw-v1#fullrewrite/protein6/rt07/backward
exp_20260713_frbaseline_v2_rerun,protein6,protein,fullrewrite,8,forward,true,,fullrewrite,success,not_applicable,,,,364,3079,3443,34046,none,none,exp_20260713_frbaseline_v2_rerun-raw-v1,call000015_1bd9c088,exp_20260713_frbaseline_v2_rerun-raw-v1#fullrewrite/protein6/rt08/forward
exp_20260713_frbaseline_v2_rerun,protein6,protein,fullrewrite,8,backward,true,,fullrewrite,failure,not_applicable,,0.0,false,2992,10492,13484,81090,model,empty_response,exp_20260713_frbaseline_v2_rerun-raw-v1,call000016_c2963704,exp_20260713_frbaseline_v2_rerun-raw-v1#fullrewrite/protein6/rt08/backward
exp_20260713_frbaseline_v2_rerun,protein6,protein,fullrewrite,9,forward,true,,fullrewrite,success,not_applicable,,,,310,1421,1731,14776,none,none,exp_20260713_frbaseline_v2_rerun-raw-v1,call000017_0e17428a,exp_20260713_frbaseline_v2_rerun-raw-v1#fullrewrite/protein6/rt09/forward
exp_20260713_frbaseline_v2_rerun,protein6,protein,fullrewrite,9,backward,true,,fullrewrite,success,not_applicable,,0.0,false,958,32699,33657,863737,none,none,exp_20260713_frbaseline_v2_rerun-raw-v1,call000018_0adc89a2,exp_20260713_frbaseline_v2_rerun-raw-v1#fullrewrite/protein6/rt09/backward
exp_20260713_frbaseline_v2_rerun,protein6,protein,fullrewrite,10,forward,true,,fullrewrite,success,not_applicable,,,,529,18161,18690,160112,none,none,exp_20260713_frbaseline_v2_rerun-raw-v1,call000019_88754f53,exp_20260713_frbaseline_v2_rerun-raw-v1#fullrewrite/protein6/rt10/forward
exp_20260713_frbaseline_v2_rerun,protein6,protein,fullrewrite,10,backward,true,,fullrewrite,success,not_applicable,,0.0,false,1478,870,2348,6742,none,none,exp_20260713_frbaseline_v2_rerun-raw-v1,call000020_79503592,exp_20260713_frbaseline_v2_rerun-raw-v1#fullrewrite/protein6/rt10/backward
exp_20260713_frbaseline_v2_rerun,python4,python,fullrewrite,1,forward,true,,fullrewrite,failure,not_applicable,,0.0,,3357,8671,12028,77739,model,empty_response,exp_20260713_frbaseline_v2_rerun-raw-v1,call000001_cfd44ca5,exp_20260713_frbaseline_v2_rerun-raw-v1#fullrewrite/python4/rt01/forward
exp_20260713_frbaseline_v2_rerun,python4,python,fullrewrite,1,backward,true,,fullrewrite,success,not_applicable,,1.0,false,267,2591,2858,30752,none,none,exp_20260713_frbaseline_v2_rerun-raw-v1,call000002_47dae98f,exp_20260713_frbaseline_v2_rerun-raw-v1#fullrewrite/python4/rt01/backward
exp_20260713_frbaseline_v2_rerun,python4,python,fullrewrite,2,forward,true,,fullrewrite,failure,not_applicable,,0.0,,750,4289,5039,32923,model,text_truncated,exp_20260713_frbaseline_v2_rerun-raw-v1,call000003_e4265f90,exp_20260713_frbaseline_v2_rerun-raw-v1#fullrewrite/python4/rt02/forward
exp_20260713_frbaseline_v2_rerun,python4,python,fullrewrite,2,backward,true,,fullrewrite,success,not_applicable,,1.0,false,275,3043,3318,18776,none,none,exp_20260713_frbaseline_v2_rerun-raw-v1,call000004_cfa1ad2b,exp_20260713_frbaseline_v2_rerun-raw-v1#fullrewrite/python4/rt02/backward
exp_20260713_frbaseline_v2_rerun,python4,python,fullrewrite,3,forward,true,,fullrewrite,failure,not_applicable,,0.0,,1302,3436,4738,29685,model,empty_response,exp_20260713_frbaseline_v2_rerun-raw-v1,call000005_cf48493e,exp_20260713_frbaseline_v2_rerun-raw-v1#fullrewrite/python4/rt03/forward
exp_20260713_frbaseline_v2_rerun,python4,python,fullrewrite,3,backward,true,,fullrewrite,success,not_applicable,,1.0,false,285,2757,3042,20662,none,none,exp_20260713_frbaseline_v2_rerun-raw-v1,call000006_d0a18439,exp_20260713_frbaseline_v2_rerun-raw-v1#fullrewrite/python4/rt03/backward
exp_20260713_frbaseline_v2_rerun,python4,python,fullrewrite,4,forward,true,,fullrewrite,failure,not_applicable,,0.0,,1270,7619,8889,62972,model,empty_response,exp_20260713_frbaseline_v2_rerun-raw-v1,call000007_2e901756,exp_20260713_frbaseline_v2_rerun-raw-v1#fullrewrite/python4/rt04/forward
exp_20260713_frbaseline_v2_rerun,python4,python,fullrewrite,4,backward,true,,fullrewrite,degraded,not_applicable,,1.0,false,304,900,1204,8840,model,near_empty_response,exp_20260713_frbaseline_v2_rerun-raw-v1,call000008_f594b71c,exp_20260713_frbaseline_v2_rerun-raw-v1#fullrewrite/python4/rt04/backward
exp_20260713_frbaseline_v2_rerun,python4,python,fullrewrite,5,forward,true,,fullrewrite,success,not_applicable,,1.0,,381,3855,4236,34454,none,none,exp_20260713_frbaseline_v2_rerun-raw-v1,call000009_545c2d5f,exp_20260713_frbaseline_v2_rerun-raw-v1#fullrewrite/python4/rt05/forward
exp_20260713_frbaseline_v2_rerun,python4,python,fullrewrite,5,backward,true,,fullrewrite,success,not_applicable,,1.0,false,1667,1788,3455,10470,none,none,exp_20260713_frbaseline_v2_rerun-raw-v1,call000010_5bc4cb6d,exp_20260713_frbaseline_v2_rerun-raw-v1#fullrewrite/python4/rt05/backward
exp_20260713_frbaseline_v2_rerun,python4,python,fullrewrite,6,forward,true,,fullrewrite,success,not_applicable,,1.0,,1795,5242,7037,36856,none,none,exp_20260713_frbaseline_v2_rerun-raw-v1,call000011_07d2498f,exp_20260713_frbaseline_v2_rerun-raw-v1#fullrewrite/python4/rt06/forward
exp_20260713_frbaseline_v2_rerun,python4,python,fullrewrite,6,backward,true,,fullrewrite,failure,not_applicable,,0.0,true,1929,1891,3820,12715,model,text_truncated,exp_20260713_frbaseline_v2_rerun-raw-v1,call000012_1a124f78,exp_20260713_frbaseline_v2_rerun-raw-v1#fullrewrite/python4/rt06/backward
exp_20260713_frbaseline_v2_rerun,python4,python,fullrewrite,7,forward,true,,fullrewrite,success,not_applicable,,1.0,,275,1014,1289,8536,none,none,exp_20260713_frbaseline_v2_rerun-raw-v1,call000013_3277106a,exp_20260713_frbaseline_v2_rerun-raw-v1#fullrewrite/python4/rt07/forward
exp_20260713_frbaseline_v2_rerun,python4,python,fullrewrite,7,backward,true,,fullrewrite,success,not_applicable,,1.0,false,880,1322,2202,10354,none,none,exp_20260713_frbaseline_v2_rerun-raw-v1,call000014_e0e9c10a,exp_20260713_frbaseline_v2_rerun-raw-v1#fullrewrite/python4/rt07/backward
exp_20260713_frbaseline_v2_rerun,python4,python,fullrewrite,8,forward,true,,fullrewrite,success,not_applicable,,1.0,,811,11239,12050,121623,none,none,exp_20260713_frbaseline_v2_rerun-raw-v1,call000015_7602f395,exp_20260713_frbaseline_v2_rerun-raw-v1#fullrewrite/python4/rt08/forward
exp_20260713_frbaseline_v2_rerun,python4,python,fullrewrite,8,backward,true,,fullrewrite,success,not_applicable,,1.0,false,710,11586,12296,90276,none,none,exp_20260713_frbaseline_v2_rerun-raw-v1,call000016_d2991ca6,exp_20260713_frbaseline_v2_rerun-raw-v1#fullrewrite/python4/rt08/backward
exp_20260713_frbaseline_v2_rerun,python4,python,fullrewrite,9,forward,true,,fullrewrite,success,not_applicable,,1.0,,949,5182,6131,37030,none,none,exp_20260713_frbaseline_v2_rerun-raw-v1,call000017_5b8f7d82,exp_20260713_frbaseline_v2_rerun-raw-v1#fullrewrite/python4/rt09/forward
exp_20260713_frbaseline_v2_rerun,python4,python,fullrewrite,9,backward,true,,fullrewrite,success,not_applicable,,1.0,false,1119,947,2066,7105,none,none,exp_20260713_frbaseline_v2_rerun-raw-v1,call000018_5f092cdd,exp_20260713_frbaseline_v2_rerun-raw-v1#fullrewrite/python4/rt09/backward
exp_20260713_frbaseline_v2_rerun,python4,python,fullrewrite,10,forward,true,,fullrewrite,failure,not_applicable,,0.0,,1091,2970,4061,23876,model,text_truncated,exp_20260713_frbaseline_v2_rerun-raw-v1,call000019_0da12587,exp_20260713_frbaseline_v2_rerun-raw-v1#fullrewrite/python4/rt10/forward
exp_20260713_frbaseline_v2_rerun,python4,python,fullrewrite,10,backward,true,,fullrewrite,degraded,not_applicable,,1.0,false,304,2233,2537,20357,model,near_empty_response,exp_20260713_frbaseline_v2_rerun-raw-v1,call000020_db3a23fd,exp_20260713_frbaseline_v2_rerun-raw-v1#fullrewrite/python4/rt10/backward
exp_20260713_frbaseline_v2_rerun,python7,python,fullrewrite,1,forward,true,,fullrewrite,success,not_applicable,,1.0,,4201,69257,73458,472204,none,none,exp_20260713_frbaseline_v2_rerun-raw-v1,call000001_f59609b7,exp_20260713_frbaseline_v2_rerun-raw-v1#fullrewrite/python7/rt01/forward
exp_20260713_frbaseline_v2_rerun,python7,python,fullrewrite,1,backward,true,,fullrewrite,failure,not_applicable,,0.0,false,5702,3191,8893,32119,model,empty_response,exp_20260713_frbaseline_v2_rerun-raw-v1,call000002_0d96a91b,exp_20260713_frbaseline_v2_rerun-raw-v1#fullrewrite/python7/rt01/backward
exp_20260713_frbaseline_v2_rerun,python7,python,fullrewrite,2,forward,true,,fullrewrite,success,not_applicable,,1.0,,279,6104,6383,45744,none,none,exp_20260713_frbaseline_v2_rerun-raw-v1,call000003_9b36f473,exp_20260713_frbaseline_v2_rerun-raw-v1#fullrewrite/python7/rt02/forward
exp_20260713_frbaseline_v2_rerun,python7,python,fullrewrite,2,backward,true,,fullrewrite,success,not_applicable,,1.0,false,692,677,1369,6535,none,none,exp_20260713_frbaseline_v2_rerun-raw-v1,call000004_cccafc70,exp_20260713_frbaseline_v2_rerun-raw-v1#fullrewrite/python7/rt02/backward
exp_20260713_frbaseline_v2_rerun,python7,python,fullrewrite,3,forward,true,,fullrewrite,failure,not_applicable,,0.0,,567,16718,17285,135488,model,text_truncated,exp_20260713_frbaseline_v2_rerun-raw-v1,call000005_6c4e130d,exp_20260713_frbaseline_v2_rerun-raw-v1#fullrewrite/python7/rt03/forward
exp_20260713_frbaseline_v2_rerun,python7,python,fullrewrite,3,backward,true,,fullrewrite,success,not_applicable,,1.0,false,307,2405,2712,17236,none,none,exp_20260713_frbaseline_v2_rerun-raw-v1,call000006_e3d804b9,exp_20260713_frbaseline_v2_rerun-raw-v1#fullrewrite/python7/rt03/backward
exp_20260713_frbaseline_v2_rerun,python7,python,fullrewrite,4,forward,true,,fullrewrite,failure,not_applicable,,0.0,,1010,9530,10540,72272,model,text_truncated,exp_20260713_frbaseline_v2_rerun-raw-v1,call000007_1954e2ca,exp_20260713_frbaseline_v2_rerun-raw-v1#fullrewrite/python7/rt04/forward
exp_20260713_frbaseline_v2_rerun,python7,python,fullrewrite,4,backward,true,,fullrewrite,failure,not_applicable,,0.0,true,305,1882,2187,10465,model,empty_response,exp_20260713_frbaseline_v2_rerun-raw-v1,call000008_3e4b7adc,exp_20260713_frbaseline_v2_rerun-raw-v1#fullrewrite/python7/rt04/backward
exp_20260713_frbaseline_v2_rerun,python7,python,fullrewrite,5,forward,true,,fullrewrite,failure,not_applicable,,0.0,,302,11938,12240,108540,quality,content_regression,exp_20260713_frbaseline_v2_rerun-raw-v1,call000009_23874b9e,exp_20260713_frbaseline_v2_rerun-raw-v1#fullrewrite/python7/rt05/forward
exp_20260713_frbaseline_v2_rerun,python7,python,fullrewrite,5,backward,true,,fullrewrite,failure,not_applicable,,0.0,false,864,3130,3994,19737,model,empty_response,exp_20260713_frbaseline_v2_rerun-raw-v1,call000010_b756660d,exp_20260713_frbaseline_v2_rerun-raw-v1#fullrewrite/python7/rt05/backward
exp_20260713_frbaseline_v2_rerun,python7,python,fullrewrite,6,forward,true,,fullrewrite,degraded,unchanged,,0.0,,302,17729,18031,140349,model,empty_response,exp_20260713_frbaseline_v2_rerun-raw-v1,call000011_30562d9e,exp_20260713_frbaseline_v2_rerun-raw-v1#fullrewrite/python7/rt06/forward
exp_20260713_frbaseline_v2_rerun,python7,python,fullrewrite,6,backward,true,,fullrewrite,success,not_applicable,,1.0,false,281,638,919,9610,none,none,exp_20260713_frbaseline_v2_rerun-raw-v1,call000012_b701eb25,exp_20260713_frbaseline_v2_rerun-raw-v1#fullrewrite/python7/rt06/backward
exp_20260713_frbaseline_v2_rerun,python7,python,fullrewrite,7,forward,true,,fullrewrite,success,not_applicable,,1.0,,440,2724,3164,17882,none,none,exp_20260713_frbaseline_v2_rerun-raw-v1,call000013_0d42a5a2,exp_20260713_frbaseline_v2_rerun-raw-v1#fullrewrite/python7/rt07/forward
exp_20260713_frbaseline_v2_rerun,python7,python,fullrewrite,7,backward,true,,fullrewrite,success,not_applicable,,1.0,false,823,7020,7843,52740,none,none,exp_20260713_frbaseline_v2_rerun-raw-v1,call000014_802aa37e,exp_20260713_frbaseline_v2_rerun-raw-v1#fullrewrite/python7/rt07/backward
exp_20260713_frbaseline_v2_rerun,python7,python,fullrewrite,8,forward,true,,fullrewrite,success,not_applicable,,1.0,,865,11373,12238,76505,none,none,exp_20260713_frbaseline_v2_rerun-raw-v1,call000015_45784ec6,exp_20260713_frbaseline_v2_rerun-raw-v1#fullrewrite/python7/rt08/forward
exp_20260713_frbaseline_v2_rerun,python7,python,fullrewrite,8,backward,true,,fullrewrite,success,not_applicable,,1.0,false,1201,2100,3301,17439,none,none,exp_20260713_frbaseline_v2_rerun-raw-v1,call000016_dc990ad4,exp_20260713_frbaseline_v2_rerun-raw-v1#fullrewrite/python7/rt08/backward
exp_20260713_frbaseline_v2_rerun,python7,python,fullrewrite,9,forward,true,,fullrewrite,success,not_applicable,,1.0,,1095,17440,18535,168548,none,none,exp_20260713_frbaseline_v2_rerun-raw-v1,call000017_334f15e5,exp_20260713_frbaseline_v2_rerun-raw-v1#fullrewrite/python7/rt09/forward
exp_20260713_frbaseline_v2_rerun,python7,python,fullrewrite,9,backward,true,,fullrewrite,success,not_applicable,,1.0,false,1390,2041,3431,13825,none,none,exp_20260713_frbaseline_v2_rerun-raw-v1,call000018_3d86bc2a,exp_20260713_frbaseline_v2_rerun-raw-v1#fullrewrite/python7/rt09/backward
exp_20260713_frbaseline_v2_rerun,python7,python,fullrewrite,10,forward,true,,fullrewrite,failure,not_applicable,,0.0,,1233,13118,14351,83825,model,empty_response,exp_20260713_frbaseline_v2_rerun-raw-v1,call000019_d4be1bf8,exp_20260713_frbaseline_v2_rerun-raw-v1#fullrewrite/python7/rt10/forward
exp_20260713_frbaseline_v2_rerun,python7,python,fullrewrite,10,backward,true,,fullrewrite,success,not_applicable,,1.0,false,305,2825,3130,22585,none,none,exp_20260713_frbaseline_v2_rerun-raw-v1,call000020_d8bde93a,exp_20260713_frbaseline_v2_rerun-raw-v1#fullrewrite/python7/rt10/backward
exp_20260713_frbaseline_v2_rerun,quantum1,quantum,fullrewrite,1,forward,true,,fullrewrite,success,not_applicable,,,,2665,6588,9253,41940,none,none,exp_20260713_frbaseline_v2_rerun-raw-v1,call000001_694acbc0,exp_20260713_frbaseline_v2_rerun-raw-v1#fullrewrite/quantum1/rt01/forward
exp_20260713_frbaseline_v2_rerun,quantum1,quantum,fullrewrite,1,backward,true,,fullrewrite,success,not_applicable,,1.0,false,2614,3238,5852,20399,none,none,exp_20260713_frbaseline_v2_rerun-raw-v1,call000002_ccb99608,exp_20260713_frbaseline_v2_rerun-raw-v1#fullrewrite/quantum1/rt01/backward
exp_20260713_frbaseline_v2_rerun,quantum1,quantum,fullrewrite,2,forward,true,,fullrewrite,success,not_applicable,,,,2644,35372,38016,228569,none,none,exp_20260713_frbaseline_v2_rerun-raw-v1,call000003_54558bab,exp_20260713_frbaseline_v2_rerun-raw-v1#fullrewrite/quantum1/rt02/forward
exp_20260713_frbaseline_v2_rerun,quantum1,quantum,fullrewrite,2,backward,true,,fullrewrite,failure,not_applicable,,0.0,true,2414,8109,10523,60864,model,text_truncated,exp_20260713_frbaseline_v2_rerun-raw-v1,call000004_75f0da4f,exp_20260713_frbaseline_v2_rerun-raw-v1#fullrewrite/quantum1/rt02/backward
exp_20260713_frbaseline_v2_rerun,quantum1,quantum,fullrewrite,3,forward,true,,fullrewrite,degraded,not_applicable,,,,328,25,353,1507,model,near_empty_response,exp_20260713_frbaseline_v2_rerun-raw-v1,call000005_81fa3faa,exp_20260713_frbaseline_v2_rerun-raw-v1#fullrewrite/quantum1/rt03/forward
exp_20260713_frbaseline_v2_rerun,quantum1,quantum,fullrewrite,3,backward,true,,fullrewrite,success,not_applicable,,0.045431,false,300,6749,7049,40252,none,none,exp_20260713_frbaseline_v2_rerun-raw-v1,call000006_5bcec0fc,exp_20260713_frbaseline_v2_rerun-raw-v1#fullrewrite/quantum1/rt03/backward
exp_20260713_frbaseline_v2_rerun,quantum1,quantum,fullrewrite,4,forward,true,,fullrewrite,success,not_applicable,,,,877,11887,12764,115417,none,none,exp_20260713_frbaseline_v2_rerun-raw-v1,call000007_77ef89df,exp_20260713_frbaseline_v2_rerun-raw-v1#fullrewrite/quantum1/rt04/forward
exp_20260713_frbaseline_v2_rerun,quantum1,quantum,fullrewrite,4,backward,true,,fullrewrite,success,not_applicable,,0.221585,false,1415,5100,6515,53326,none,none,exp_20260713_frbaseline_v2_rerun-raw-v1,call000008_7c2752c2,exp_20260713_frbaseline_v2_rerun-raw-v1#fullrewrite/quantum1/rt04/backward
exp_20260713_frbaseline_v2_rerun,quantum1,quantum,fullrewrite,5,forward,true,,fullrewrite,success,not_applicable,,,,913,15827,16740,106466,none,none,exp_20260713_frbaseline_v2_rerun-raw-v1,call000009_436c9f54,exp_20260713_frbaseline_v2_rerun-raw-v1#fullrewrite/quantum1/rt05/forward
exp_20260713_frbaseline_v2_rerun,quantum1,quantum,fullrewrite,5,backward,true,,fullrewrite,failure,not_applicable,,0.0,true,1270,2222,3492,11823,model,text_truncated,exp_20260713_frbaseline_v2_rerun-raw-v1,call000010_60385762,exp_20260713_frbaseline_v2_rerun-raw-v1#fullrewrite/quantum1/rt05/backward
exp_20260713_frbaseline_v2_rerun,quantum1,quantum,fullrewrite,6,forward,true,,fullrewrite,degraded,unchanged,,0.0,,320,578,898,4706,quality,content_regression,exp_20260713_frbaseline_v2_rerun-raw-v1,call000011_db2f2422,exp_20260713_frbaseline_v2_rerun-raw-v1#fullrewrite/quantum1/rt06/forward
exp_20260713_frbaseline_v2_rerun,quantum1,quantum,fullrewrite,6,backward,true,,fullrewrite,failure,not_applicable,,0.0,false,295,664,959,7578,quality,content_regression,exp_20260713_frbaseline_v2_rerun-raw-v1,call000012_35276491,exp_20260713_frbaseline_v2_rerun-raw-v1#fullrewrite/quantum1/rt06/backward
exp_20260713_frbaseline_v2_rerun,quantum1,quantum,fullrewrite,7,forward,true,,fullrewrite,success,not_applicable,,,,328,21187,21515,141517,none,none,exp_20260713_frbaseline_v2_rerun-raw-v1,call000013_6ecd5fe2,exp_20260713_frbaseline_v2_rerun-raw-v1#fullrewrite/quantum1/rt07/forward
exp_20260713_frbaseline_v2_rerun,quantum1,quantum,fullrewrite,7,backward,true,,fullrewrite,success,not_applicable,,0.10021,false,1195,7078,8273,44433,none,none,exp_20260713_frbaseline_v2_rerun-raw-v1,call000014_ec131cd1,exp_20260713_frbaseline_v2_rerun-raw-v1#fullrewrite/quantum1/rt07/backward
exp_20260713_frbaseline_v2_rerun,quantum1,quantum,fullrewrite,8,forward,true,,fullrewrite,failure,not_applicable,,0.0,,1355,4112,5467,34854,model,empty_response,exp_20260713_frbaseline_v2_rerun-raw-v1,call000015_e2b99afd,exp_20260713_frbaseline_v2_rerun-raw-v1#fullrewrite/quantum1/rt08/forward
exp_20260713_frbaseline_v2_rerun,quantum1,quantum,fullrewrite,8,backward,true,,fullrewrite,degraded,not_applicable,,0.0,true,277,426,703,4432,quality,content_regression,exp_20260713_frbaseline_v2_rerun-raw-v1,call000016_3c92531a,exp_20260713_frbaseline_v2_rerun-raw-v1#fullrewrite/quantum1/rt08/backward
exp_20260713_frbaseline_v2_rerun,quantum1,quantum,fullrewrite,9,forward,true,,fullrewrite,success,not_applicable,,,,347,1431,1778,12157,none,none,exp_20260713_frbaseline_v2_rerun-raw-v1,call000017_b511d15c,exp_20260713_frbaseline_v2_rerun-raw-v1#fullrewrite/quantum1/rt09/forward
exp_20260713_frbaseline_v2_rerun,quantum1,quantum,fullrewrite,9,backward,true,,fullrewrite,success,not_applicable,,0.0102,false,843,1460,2303,9873,none,none,exp_20260713_frbaseline_v2_rerun-raw-v1,call000018_443389bb,exp_20260713_frbaseline_v2_rerun-raw-v1#fullrewrite/quantum1/rt09/backward
exp_20260713_frbaseline_v2_rerun,quantum1,quantum,fullrewrite,10,forward,true,,fullrewrite,failure,not_applicable,,0.0,,894,5211,6105,59720,model,empty_response,exp_20260713_frbaseline_v2_rerun-raw-v1,call000019_b1e063c8,exp_20260713_frbaseline_v2_rerun-raw-v1#fullrewrite/quantum1/rt10/forward
exp_20260713_frbaseline_v2_rerun,quantum1,quantum,fullrewrite,10,backward,true,,fullrewrite,success,not_applicable,,0.006,false,292,6259,6551,42153,none,none,exp_20260713_frbaseline_v2_rerun-raw-v1,call000020_a2633f95,exp_20260713_frbaseline_v2_rerun-raw-v1#fullrewrite/quantum1/rt10/backward
exp_20260713_frbaseline_v2_rerun,quantum2,quantum,fullrewrite,1,forward,true,,fullrewrite,success,not_applicable,,,,1803,22748,24551,165379,none,none,exp_20260713_frbaseline_v2_rerun-raw-v1,call000001_ae12fce4,exp_20260713_frbaseline_v2_rerun-raw-v1#fullrewrite/quantum2/rt01/forward
exp_20260713_frbaseline_v2_rerun,quantum2,quantum,fullrewrite,1,backward,true,,fullrewrite,failure,not_applicable,,0.0,false,1835,616,2451,4153,model,empty_response,exp_20260713_frbaseline_v2_rerun-raw-v1,call000002_966643e4,exp_20260713_frbaseline_v2_rerun-raw-v1#fullrewrite/quantum2/rt01/backward
exp_20260713_frbaseline_v2_rerun,quantum2,quantum,fullrewrite,2,forward,true,,fullrewrite,success,not_applicable,,,,327,2039,2366,15593,none,none,exp_20260713_frbaseline_v2_rerun-raw-v1,call000003_b91cceac,exp_20260713_frbaseline_v2_rerun-raw-v1#fullrewrite/quantum2/rt02/forward
exp_20260713_frbaseline_v2_rerun,quantum2,quantum,fullrewrite,2,backward,true,,fullrewrite,success,not_applicable,,0.280618,false,1360,1455,2815,9993,none,none,exp_20260713_frbaseline_v2_rerun-raw-v1,call000004_90f2e587,exp_20260713_frbaseline_v2_rerun-raw-v1#fullrewrite/quantum2/rt02/backward
exp_20260713_frbaseline_v2_rerun,quantum2,quantum,fullrewrite,3,forward,true,,fullrewrite,success,not_applicable,,,,1346,6808,8154,41690,none,none,exp_20260713_frbaseline_v2_rerun-raw-v1,call000005_404bd18c,exp_20260713_frbaseline_v2_rerun-raw-v1#fullrewrite/quantum2/rt03/forward
exp_20260713_frbaseline_v2_rerun,quantum2,quantum,fullrewrite,3,backward,true,,fullrewrite,success,not_applicable,,0.280618,false,1388,3326,4714,23429,none,none,exp_20260713_frbaseline_v2_rerun-raw-v1,call000006_85e464a3,exp_20260713_frbaseline_v2_rerun-raw-v1#fullrewrite/quantum2/rt03/backward
exp_20260713_frbaseline_v2_rerun,quantum2,quantum,fullrewrite,4,forward,true,,fullrewrite,success,not_applicable,,,,1459,13818,15277,95313,none,none,exp_20260713_frbaseline_v2_rerun-raw-v1,call000007_fd99cbf7,exp_20260713_frbaseline_v2_rerun-raw-v1#fullrewrite/quantum2/rt04/forward
exp_20260713_frbaseline_v2_rerun,quantum2,quantum,fullrewrite,4,backward,true,,fullrewrite,failure,not_applicable,,0.0,true,1665,765,2430,5230,model,text_truncated,exp_20260713_frbaseline_v2_rerun-raw-v1,call000008_304fe0f4,exp_20260713_frbaseline_v2_rerun-raw-v1#fullrewrite/quantum2/rt04/backward
exp_20260713_frbaseline_v2_rerun,quantum2,quantum,fullrewrite,5,forward,true,,fullrewrite,success,not_applicable,,,,320,7862,8182,57509,none,none,exp_20260713_frbaseline_v2_rerun-raw-v1,call000009_139d93e3,exp_20260713_frbaseline_v2_rerun-raw-v1#fullrewrite/quantum2/rt05/forward
exp_20260713_frbaseline_v2_rerun,quantum2,quantum,fullrewrite,5,backward,true,,fullrewrite,success,not_applicable,,0.218178,false,1218,5020,6238,53012,none,none,exp_20260713_frbaseline_v2_rerun-raw-v1,call000010_de40a1e2,exp_20260713_frbaseline_v2_rerun-raw-v1#fullrewrite/quantum2/rt05/backward
exp_20260713_frbaseline_v2_rerun,quantum2,quantum,fullrewrite,6,forward,true,,fullrewrite,failure,not_applicable,,0.0,,1106,3554,4660,28400,model,empty_response,exp_20260713_frbaseline_v2_rerun-raw-v1,call000011_993c1016,exp_20260713_frbaseline_v2_rerun-raw-v1#fullrewrite/quantum2/rt06/forward
exp_20260713_frbaseline_v2_rerun,quantum2,quantum,fullrewrite,6,backward,true,,fullrewrite,degraded,not_applicable,,0.064544,true,355,3577,3932,23241,quality,content_regression,exp_20260713_frbaseline_v2_rerun-raw-v1,call000012_1e4db2b9,exp_20260713_frbaseline_v2_rerun-raw-v1#fullrewrite/quantum2/rt06/backward
exp_20260713_frbaseline_v2_rerun,quantum2,quantum,fullrewrite,7,forward,true,,fullrewrite,failure,not_applicable,,0.0,,782,1868,2650,10235,model,text_truncated,exp_20260713_frbaseline_v2_rerun-raw-v1,call000013_9c75fc3f,exp_20260713_frbaseline_v2_rerun-raw-v1#fullrewrite/quantum2/rt07/forward
exp_20260713_frbaseline_v2_rerun,quantum2,quantum,fullrewrite,7,backward,true,,fullrewrite,failure,not_applicable,,0.0,true,282,362,644,3013,quality,content_regression,exp_20260713_frbaseline_v2_rerun-raw-v1,call000014_55344c25,exp_20260713_frbaseline_v2_rerun-raw-v1#fullrewrite/quantum2/rt07/backward
exp_20260713_frbaseline_v2_rerun,quantum2,quantum,fullrewrite,8,forward,true,,fullrewrite,failure,not_applicable,,0.0,,320,2045,2365,13770,quality,content_regression,exp_20260713_frbaseline_v2_rerun-raw-v1,call000015_c6778c83,exp_20260713_frbaseline_v2_rerun-raw-v1#fullrewrite/quantum2/rt08/forward
exp_20260713_frbaseline_v2_rerun,quantum2,quantum,fullrewrite,8,backward,true,,fullrewrite,failure,not_applicable,,0.0,false,1256,2490,3746,18163,model,empty_response,exp_20260713_frbaseline_v2_rerun-raw-v1,call000016_21756089,exp_20260713_frbaseline_v2_rerun-raw-v1#fullrewrite/quantum2/rt08/backward
exp_20260713_frbaseline_v2_rerun,quantum2,quantum,fullrewrite,9,forward,true,,fullrewrite,degraded,unchanged,,0.0,,324,452,776,4251,quality,content_regression,exp_20260713_frbaseline_v2_rerun-raw-v1,call000017_0c1c70b0,exp_20260713_frbaseline_v2_rerun-raw-v1#fullrewrite/quantum2/rt09/forward
exp_20260713_frbaseline_v2_rerun,quantum2,quantum,fullrewrite,9,backward,true,,fullrewrite,success,not_applicable,,0.005975,false,299,416,715,4345,none,none,exp_20260713_frbaseline_v2_rerun-raw-v1,call000018_c643bdca,exp_20260713_frbaseline_v2_rerun-raw-v1#fullrewrite/quantum2/rt09/backward
exp_20260713_frbaseline_v2_rerun,quantum2,quantum,fullrewrite,10,forward,true,,fullrewrite,success,not_applicable,,,,451,3834,4285,31334,none,none,exp_20260713_frbaseline_v2_rerun-raw-v1,call000019_3bdef143,exp_20260713_frbaseline_v2_rerun-raw-v1#fullrewrite/quantum2/rt10/forward
exp_20260713_frbaseline_v2_rerun,quantum2,quantum,fullrewrite,10,backward,true,,fullrewrite,success,not_applicable,,0.018,false,1760,3884,5644,24120,none,none,exp_20260713_frbaseline_v2_rerun-raw-v1,call000020_6b0d6896,exp_20260713_frbaseline_v2_rerun-raw-v1#fullrewrite/quantum2/rt10/backward
exp_20260713_frbaseline_v2_rerun,quantum4,quantum,fullrewrite,1,forward,true,,fullrewrite,failure,not_applicable,,0.0,,1732,4677,6409,34153,model,empty_response,exp_20260713_frbaseline_v2_rerun-raw-v1,call000001_3abd6f6b,exp_20260713_frbaseline_v2_rerun-raw-v1#fullrewrite/quantum4/rt01/forward
exp_20260713_frbaseline_v2_rerun,quantum4,quantum,fullrewrite,1,backward,true,,fullrewrite,success,not_applicable,,0.0,false,321,3519,3840,27601,none,none,exp_20260713_frbaseline_v2_rerun-raw-v1,call000002_de49c036,exp_20260713_frbaseline_v2_rerun-raw-v1#fullrewrite/quantum4/rt01/backward
exp_20260713_frbaseline_v2_rerun,quantum4,quantum,fullrewrite,2,forward,true,,fullrewrite,success,not_applicable,,,,599,8134,8733,50072,none,none,exp_20260713_frbaseline_v2_rerun-raw-v1,call000003_ba961a99,exp_20260713_frbaseline_v2_rerun-raw-v1#fullrewrite/quantum4/rt02/forward
exp_20260713_frbaseline_v2_rerun,quantum4,quantum,fullrewrite,2,backward,true,,fullrewrite,success,not_applicable,,0.037139,false,687,1109,1796,6890,none,none,exp_20260713_frbaseline_v2_rerun-raw-v1,call000004_6845cb5a,exp_20260713_frbaseline_v2_rerun-raw-v1#fullrewrite/quantum4/rt02/backward
exp_20260713_frbaseline_v2_rerun,quantum4,quantum,fullrewrite,3,forward,true,,fullrewrite,failure,not_applicable,,0.0,,804,2830,3634,15579,model,text_truncated,exp_20260713_frbaseline_v2_rerun-raw-v1,call000005_8b9965c1,exp_20260713_frbaseline_v2_rerun-raw-v1#fullrewrite/quantum4/rt03/forward
exp_20260713_frbaseline_v2_rerun,quantum4,quantum,fullrewrite,3,backward,true,,fullrewrite,success,not_applicable,,0.037139,false,752,1015,1767,7508,none,none,exp_20260713_frbaseline_v2_rerun-raw-v1,call000006_0d1aa77e,exp_20260713_frbaseline_v2_rerun-raw-v1#fullrewrite/quantum4/rt03/backward
exp_20260713_frbaseline_v2_rerun,quantum4,quantum,fullrewrite,4,forward,true,,fullrewrite,success,not_applicable,,,,689,5130,5819,33708,none,none,exp_20260713_frbaseline_v2_rerun-raw-v1,call000007_060dd9af,exp_20260713_frbaseline_v2_rerun-raw-v1#fullrewrite/quantum4/rt04/forward
exp_20260713_frbaseline_v2_rerun,quantum4,quantum,fullrewrite,4,backward,true,,fullrewrite,failure,not_applicable,,0.0,true,662,6014,6676,45288,model,text_truncated,exp_20260713_frbaseline_v2_rerun-raw-v1,call000008_a09c58c2,exp_20260713_frbaseline_v2_rerun-raw-v1#fullrewrite/quantum4/rt04/backward
exp_20260713_frbaseline_v2_rerun,quantum4,quantum,fullrewrite,5,forward,true,,fullrewrite,success,not_applicable,,,,751,1980,2731,12961,none,none,exp_20260713_frbaseline_v2_rerun-raw-v1,call000009_46724741,exp_20260713_frbaseline_v2_rerun-raw-v1#fullrewrite/quantum4/rt05/forward
exp_20260713_frbaseline_v2_rerun,quantum4,quantum,fullrewrite,5,backward,true,,fullrewrite,success,not_applicable,,0.076772,false,832,1547,2379,12026,none,none,exp_20260713_frbaseline_v2_rerun-raw-v1,call000010_91b0eb95,exp_20260713_frbaseline_v2_rerun-raw-v1#fullrewrite/quantum4/rt05/backward
exp_20260713_frbaseline_v2_rerun,quantum4,quantum,fullrewrite,6,forward,true,,fullrewrite,degraded,not_applicable,,,,754,1392,2146,11490,model,near_empty_response,exp_20260713_frbaseline_v2_rerun-raw-v1,call000011_d0f948e8,exp_20260713_frbaseline_v2_rerun-raw-v1#fullrewrite/quantum4/rt06/forward
exp_20260713_frbaseline_v2_rerun,quantum4,quantum,fullrewrite,6,backward,true,,fullrewrite,success,not_applicable,,0.010267,false,340,2595,2935,25419,none,none,exp_20260713_frbaseline_v2_rerun-raw-v1,call000012_fc26fedb,exp_20260713_frbaseline_v2_rerun-raw-v1#fullrewrite/quantum4/rt06/backward
exp_20260713_frbaseline_v2_rerun,quantum4,quantum,fullrewrite,7,forward,true,,fullrewrite,success,not_applicable,,,,443,3152,3595,28285,none,none,exp_20260713_frbaseline_v2_rerun-raw-v1,call000013_36976d30,exp_20260713_frbaseline_v2_rerun-raw-v1#fullrewrite/quantum4/rt07/forward
exp_20260713_frbaseline_v2_rerun,quantum4,quantum,fullrewrite,7,backward,true,,fullrewrite,success,not_applicable,,0.019476,false,946,1275,2221,9336,none,none,exp_20260713_frbaseline_v2_rerun-raw-v1,call000014_091a23d7,exp_20260713_frbaseline_v2_rerun-raw-v1#fullrewrite/quantum4/rt07/backward
exp_20260713_frbaseline_v2_rerun,quantum4,quantum,fullrewrite,8,forward,true,,fullrewrite,success,not_applicable,,,,533,1159,1692,9648,none,none,exp_20260713_frbaseline_v2_rerun-raw-v1,call000015_6bce869a,exp_20260713_frbaseline_v2_rerun-raw-v1#fullrewrite/quantum4/rt08/forward
exp_20260713_frbaseline_v2_rerun,quantum4,quantum,fullrewrite,8,backward,true,,fullrewrite,failure,not_applicable,,0.0,true,518,1014,1532,7436,model,near_empty_response,exp_20260713_frbaseline_v2_rerun-raw-v1,call000016_77739fda,exp_20260713_frbaseline_v2_rerun-raw-v1#fullrewrite/quantum4/rt08/backward
exp_20260713_frbaseline_v2_rerun,quantum4,quantum,fullrewrite,9,forward,true,,fullrewrite,success,not_applicable,,,,499,3219,3718,25297,none,none,exp_20260713_frbaseline_v2_rerun-raw-v1,call000017_2659bddc,exp_20260713_frbaseline_v2_rerun-raw-v1#fullrewrite/quantum4/rt09/forward
exp_20260713_frbaseline_v2_rerun,quantum4,quantum,fullrewrite,9,backward,true,,fullrewrite,degraded,not_applicable,,0.021476,false,617,479,1096,3542,model,near_empty_response,exp_20260713_frbaseline_v2_rerun-raw-v1,call000018_7e4281e8,exp_20260713_frbaseline_v2_rerun-raw-v1#fullrewrite/quantum4/rt09/backward
exp_20260713_frbaseline_v2_rerun,quantum4,quantum,fullrewrite,10,forward,true,,fullrewrite,failure,not_applicable,,0.0,,432,4606,5038,28516,model,text_truncated,exp_20260713_frbaseline_v2_rerun-raw-v1,call000019_2640bbe8,exp_20260713_frbaseline_v2_rerun-raw-v1#fullrewrite/quantum4/rt10/forward
exp_20260713_frbaseline_v2_rerun,quantum4,quantum,fullrewrite,10,backward,true,,fullrewrite,failure,not_applicable,,0.0,true,320,276,596,3112,quality,content_regression,exp_20260713_frbaseline_v2_rerun-raw-v1,call000020_498072ff,exp_20260713_frbaseline_v2_rerun-raw-v1#fullrewrite/quantum4/rt10/backward
exp_20260713_frbaseline_v2_rerun,recipe1,recipe,fullrewrite,1,forward,true,,fullrewrite,success,not_applicable,,,,1967,26766,28733,282806,none,none,exp_20260713_frbaseline_v2_rerun-raw-v1,call000001_deedaee4,exp_20260713_frbaseline_v2_rerun-raw-v1#fullrewrite/recipe1/rt01/forward
exp_20260713_frbaseline_v2_rerun,recipe1,recipe,fullrewrite,1,backward,true,,fullrewrite,success,not_applicable,,0.8972471075863644,false,2281,12464,14745,80234,none,none,exp_20260713_frbaseline_v2_rerun-raw-v1,call000002_4dae0291,exp_20260713_frbaseline_v2_rerun-raw-v1#fullrewrite/recipe1/rt01/backward
exp_20260713_frbaseline_v2_rerun,recipe1,recipe,fullrewrite,2,forward,true,,fullrewrite,success,not_applicable,,,,1927,8524,10451,48818,none,none,exp_20260713_frbaseline_v2_rerun-raw-v1,call000003_7ebc4d9f,exp_20260713_frbaseline_v2_rerun-raw-v1#fullrewrite/recipe1/rt02/forward
exp_20260713_frbaseline_v2_rerun,recipe1,recipe,fullrewrite,2,backward,true,,fullrewrite,degraded,not_applicable,,0.31717171717171716,true,2253,24025,26278,169176,quality,content_regression,exp_20260713_frbaseline_v2_rerun-raw-v1,call000004_4196df63,exp_20260713_frbaseline_v2_rerun-raw-v1#fullrewrite/recipe1/rt02/backward
exp_20260713_frbaseline_v2_rerun,recipe1,recipe,fullrewrite,3,forward,true,,fullrewrite,success,not_applicable,,,,1961,11751,13712,81123,none,none,exp_20260713_frbaseline_v2_rerun-raw-v1,call000005_965d0442,exp_20260713_frbaseline_v2_rerun-raw-v1#fullrewrite/recipe1/rt03/forward
exp_20260713_frbaseline_v2_rerun,recipe1,recipe,fullrewrite,3,backward,true,,fullrewrite,success,not_applicable,,0.31717171717171716,false,1863,7775,9638,59768,none,none,exp_20260713_frbaseline_v2_rerun-raw-v1,call000006_c79e10a7,exp_20260713_frbaseline_v2_rerun-raw-v1#fullrewrite/recipe1/rt03/backward
exp_20260713_frbaseline_v2_rerun,recipe1,recipe,fullrewrite,4,forward,true,,fullrewrite,success,not_applicable,,,,1848,9944,11792,56462,none,none,exp_20260713_frbaseline_v2_rerun-raw-v1,call000007_6982ae0b,exp_20260713_frbaseline_v2_rerun-raw-v1#fullrewrite/recipe1/rt04/forward
exp_20260713_frbaseline_v2_rerun,recipe1,recipe,fullrewrite,4,backward,true,,fullrewrite,success,not_applicable,,0.31717171717171716,false,1907,2382,4289,12030,none,none,exp_20260713_frbaseline_v2_rerun-raw-v1,call000008_e4427df0,exp_20260713_frbaseline_v2_rerun-raw-v1#fullrewrite/recipe1/rt04/backward
exp_20260713_frbaseline_v2_rerun,recipe1,recipe,fullrewrite,5,forward,true,,fullrewrite,success,not_applicable,,,,1886,3989,5875,23691,none,none,exp_20260713_frbaseline_v2_rerun-raw-v1,call000009_9ec5e30b,exp_20260713_frbaseline_v2_rerun-raw-v1#fullrewrite/recipe1/rt05/forward
exp_20260713_frbaseline_v2_rerun,recipe1,recipe,fullrewrite,5,backward,true,,fullrewrite,success,not_applicable,,0.31717171717171716,false,2013,8846,10859,60648,none,none,exp_20260713_frbaseline_v2_rerun-raw-v1,call000010_a9241afd,exp_20260713_frbaseline_v2_rerun-raw-v1#fullrewrite/recipe1/rt05/backward
exp_20260713_frbaseline_v2_rerun,recipe1,recipe,fullrewrite,6,forward,true,,fullrewrite,success,not_applicable,,,,1938,46167,48105,303432,none,none,exp_20260713_frbaseline_v2_rerun-raw-v1,call000011_149deda1,exp_20260713_frbaseline_v2_rerun-raw-v1#fullrewrite/recipe1/rt06/forward
exp_20260713_frbaseline_v2_rerun,recipe1,recipe,fullrewrite,6,backward,true,,fullrewrite,failure,not_applicable,,0.0,true,2284,6046,8330,29071,model,empty_response,exp_20260713_frbaseline_v2_rerun-raw-v1,call000012_c96b6cf6,exp_20260713_frbaseline_v2_rerun-raw-v1#fullrewrite/recipe1/rt06/backward
exp_20260713_frbaseline_v2_rerun,recipe1,recipe,fullrewrite,7,forward,true,,fullrewrite,success,not_applicable,,,,441,4896,5337,40805,none,none,exp_20260713_frbaseline_v2_rerun-raw-v1,call000013_f7704dcd,exp_20260713_frbaseline_v2_rerun-raw-v1#fullrewrite/recipe1/rt07/forward
exp_20260713_frbaseline_v2_rerun,recipe1,recipe,fullrewrite,7,backward,true,,fullrewrite,success,not_applicable,,0.1296242587996711,false,1021,6857,7878,48857,none,none,exp_20260713_frbaseline_v2_rerun-raw-v1,call000014_68a52468,exp_20260713_frbaseline_v2_rerun-raw-v1#fullrewrite/recipe1/rt07/backward
exp_20260713_frbaseline_v2_rerun,recipe1,recipe,fullrewrite,8,forward,true,,fullrewrite,success,not_applicable,,,,1081,1129,2210,9950,none,none,exp_20260713_frbaseline_v2_rerun-raw-v1,call000015_90d085a7,exp_20260713_frbaseline_v2_rerun-raw-v1#fullrewrite/recipe1/rt08/forward
exp_20260713_frbaseline_v2_rerun,recipe1,recipe,fullrewrite,8,backward,true,,fullrewrite,success,not_applicable,,0.1540659340659341,false,1073,4526,5599,28578,none,none,exp_20260713_frbaseline_v2_rerun-raw-v1,call000016_01d39e5d,exp_20260713_frbaseline_v2_rerun-raw-v1#fullrewrite/recipe1/rt08/backward
exp_20260713_frbaseline_v2_rerun,recipe1,recipe,fullrewrite,9,forward,true,,fullrewrite,success,not_applicable,,,,1019,2220,3239,16467,none,none,exp_20260713_frbaseline_v2_rerun-raw-v1,call000017_db659e0f,exp_20260713_frbaseline_v2_rerun-raw-v1#fullrewrite/recipe1/rt09/forward
exp_20260713_frbaseline_v2_rerun,recipe1,recipe,fullrewrite,9,backward,true,,fullrewrite,success,not_applicable,,0.1540659340659341,false,1034,1329,2363,8781,none,none,exp_20260713_frbaseline_v2_rerun-raw-v1,call000018_efafae28,exp_20260713_frbaseline_v2_rerun-raw-v1#fullrewrite/recipe1/rt09/backward
exp_20260713_frbaseline_v2_rerun,recipe1,recipe,fullrewrite,10,forward,true,,fullrewrite,success,not_applicable,,,,1085,11736,12821,131504,none,none,exp_20260713_frbaseline_v2_rerun-raw-v1,call000019_44caa119,exp_20260713_frbaseline_v2_rerun-raw-v1#fullrewrite/recipe1/rt10/forward
exp_20260713_frbaseline_v2_rerun,recipe1,recipe,fullrewrite,10,backward,true,,fullrewrite,success,not_applicable,,0.1540659340659341,false,1653,4100,5753,27639,none,none,exp_20260713_frbaseline_v2_rerun-raw-v1,call000020_b99eec06,exp_20260713_frbaseline_v2_rerun-raw-v1#fullrewrite/recipe1/rt10/backward
exp_20260713_frbaseline_v2_rerun,satellite1,satellite,fullrewrite,1,forward,true,,fullrewrite,failure,not_applicable,,0.0,,3073,3095,6168,17189,model,empty_response,exp_20260713_frbaseline_v2_rerun-raw-v1,call000001_b0de3b9e,exp_20260713_frbaseline_v2_rerun-raw-v1#fullrewrite/satellite1/rt01/forward
exp_20260713_frbaseline_v2_rerun,satellite1,satellite,fullrewrite,1,backward,true,,fullrewrite,failure,not_applicable,,0.0,false,297,1617,1914,11529,evaluator,evaluator_error,exp_20260713_frbaseline_v2_rerun-raw-v1,call000002_4689959b,exp_20260713_frbaseline_v2_rerun-raw-v1#fullrewrite/satellite1/rt01/backward
exp_20260713_frbaseline_v2_rerun,satellite1,satellite,fullrewrite,2,forward,true,,fullrewrite,success,not_applicable,,,,595,18342,18937,129673,none,none,exp_20260713_frbaseline_v2_rerun-raw-v1,call000003_c4a38c5e,exp_20260713_frbaseline_v2_rerun-raw-v1#fullrewrite/satellite1/rt02/forward
exp_20260713_frbaseline_v2_rerun,satellite1,satellite,fullrewrite,2,backward,true,,fullrewrite,failure,not_applicable,,0.0,false,595,707,1302,4417,evaluator,evaluator_error,exp_20260713_frbaseline_v2_rerun-raw-v1,call000004_263f10d4,exp_20260713_frbaseline_v2_rerun-raw-v1#fullrewrite/satellite1/rt02/backward
exp_20260713_frbaseline_v2_rerun,satellite1,satellite,fullrewrite,3,forward,true,,fullrewrite,success,not_applicable,,,,584,1869,2453,13960,none,none,exp_20260713_frbaseline_v2_rerun-raw-v1,call000005_f25ac7e9,exp_20260713_frbaseline_v2_rerun-raw-v1#fullrewrite/satellite1/rt03/forward
exp_20260713_frbaseline_v2_rerun,satellite1,satellite,fullrewrite,3,backward,true,,fullrewrite,success,not_applicable,,0.04126113531072204,false,582,474,1056,4215,none,none,exp_20260713_frbaseline_v2_rerun-raw-v1,call000006_0192b509,exp_20260713_frbaseline_v2_rerun-raw-v1#fullrewrite/satellite1/rt03/backward
exp_20260713_frbaseline_v2_rerun,satellite1,satellite,fullrewrite,4,forward,true,,fullrewrite,success,not_applicable,,,,572,2722,3294,19721,none,none,exp_20260713_frbaseline_v2_rerun-raw-v1,call000007_09db4cae,exp_20260713_frbaseline_v2_rerun-raw-v1#fullrewrite/satellite1/rt04/forward
exp_20260713_frbaseline_v2_rerun,satellite1,satellite,fullrewrite,4,backward,true,,fullrewrite,success,not_applicable,,0.04126113531072204,false,1074,38611,39685,1730800,none,none,exp_20260713_frbaseline_v2_rerun-raw-v1,call000008_640941b4,exp_20260713_frbaseline_v2_rerun-raw-v1#fullrewrite/satellite1/rt04/backward
exp_20260713_frbaseline_v2_rerun,satellite1,satellite,fullrewrite,5,forward,true,,fullrewrite,success,not_applicable,,,,656,1964,2620,16462,none,none,exp_20260713_frbaseline_v2_rerun-raw-v1,call000009_265d0d2d,exp_20260713_frbaseline_v2_rerun-raw-v1#fullrewrite/satellite1/rt05/forward
exp_20260713_frbaseline_v2_rerun,satellite1,satellite,fullrewrite,5,backward,true,,fullrewrite,success,not_applicable,,0.04126113531072204,false,615,1017,1632,6992,none,none,exp_20260713_frbaseline_v2_rerun-raw-v1,call000010_d4c944fa,exp_20260713_frbaseline_v2_rerun-raw-v1#fullrewrite/satellite1/rt05/backward
exp_20260713_frbaseline_v2_rerun,satellite1,satellite,fullrewrite,6,forward,true,,fullrewrite,success,not_applicable,,,,773,1562,2335,12717,none,none,exp_20260713_frbaseline_v2_rerun-raw-v1,call000011_cd440d52,exp_20260713_frbaseline_v2_rerun-raw-v1#fullrewrite/satellite1/rt06/forward
exp_20260713_frbaseline_v2_rerun,satellite1,satellite,fullrewrite,6,backward,true,,fullrewrite,success,not_applicable,,0.04126113531072204,false,609,764,1373,11392,none,none,exp_20260713_frbaseline_v2_rerun-raw-v1,call000012_a6ac35ac,exp_20260713_frbaseline_v2_rerun-raw-v1#fullrewrite/satellite1/rt06/backward
exp_20260713_frbaseline_v2_rerun,satellite1,satellite,fullrewrite,7,forward,true,,fullrewrite,failure,not_applicable,,0.0,,637,26813,27450,233217,model,empty_response,exp_20260713_frbaseline_v2_rerun-raw-v1,call000013_70a5cc35,exp_20260713_frbaseline_v2_rerun-raw-v1#fullrewrite/satellite1/rt07/forward
exp_20260713_frbaseline_v2_rerun,satellite1,satellite,fullrewrite,7,backward,true,,fullrewrite,success,not_applicable,,0.025478885909484262,false,297,1291,1588,10368,none,none,exp_20260713_frbaseline_v2_rerun-raw-v1,call000014_f3b3591a,exp_20260713_frbaseline_v2_rerun-raw-v1#fullrewrite/satellite1/rt07/backward
exp_20260713_frbaseline_v2_rerun,satellite1,satellite,fullrewrite,8,forward,true,,fullrewrite,success,not_applicable,,,,583,2394,2977,20096,none,none,exp_20260713_frbaseline_v2_rerun-raw-v1,call000015_52202468,exp_20260713_frbaseline_v2_rerun-raw-v1#fullrewrite/satellite1/rt08/forward
exp_20260713_frbaseline_v2_rerun,satellite1,satellite,fullrewrite,8,backward,true,,fullrewrite,success,not_applicable,,0.025478885909484262,false,529,974,1503,9815,none,none,exp_20260713_frbaseline_v2_rerun-raw-v1,call000016_7faffbde,exp_20260713_frbaseline_v2_rerun-raw-v1#fullrewrite/satellite1/rt08/backward
exp_20260713_frbaseline_v2_rerun,satellite1,satellite,fullrewrite,9,forward,true,,fullrewrite,success,not_applicable,,,,511,1096,1607,8602,none,none,exp_20260713_frbaseline_v2_rerun-raw-v1,call000017_a7e9c7b8,exp_20260713_frbaseline_v2_rerun-raw-v1#fullrewrite/satellite1/rt09/forward
exp_20260713_frbaseline_v2_rerun,satellite1,satellite,fullrewrite,9,backward,true,,fullrewrite,success,not_applicable,,0.025478885909484262,false,502,677,1179,6508,none,none,exp_20260713_frbaseline_v2_rerun-raw-v1,call000018_048d645c,exp_20260713_frbaseline_v2_rerun-raw-v1#fullrewrite/satellite1/rt09/backward
exp_20260713_frbaseline_v2_rerun,satellite1,satellite,fullrewrite,10,forward,true,,fullrewrite,success,not_applicable,,,,502,1708,2210,13818,none,none,exp_20260713_frbaseline_v2_rerun-raw-v1,call000019_ad9cb888,exp_20260713_frbaseline_v2_rerun-raw-v1#fullrewrite/satellite1/rt10/forward
exp_20260713_frbaseline_v2_rerun,satellite1,satellite,fullrewrite,10,backward,true,,fullrewrite,success,not_applicable,,0.02429435588322282,false,852,65269,66121,458944,none,none,exp_20260713_frbaseline_v2_rerun-raw-v1,call000020_950e8da6,exp_20260713_frbaseline_v2_rerun-raw-v1#fullrewrite/satellite1/rt10/backward
exp_20260713_frbaseline_v2_rerun,satellite2,satellite,fullrewrite,1,forward,true,,fullrewrite,success,not_applicable,,,,3355,8371,11726,51139,none,none,exp_20260713_frbaseline_v2_rerun-raw-v1,call000001_d9df7f75,exp_20260713_frbaseline_v2_rerun-raw-v1#fullrewrite/satellite2/rt01/forward
exp_20260713_frbaseline_v2_rerun,satellite2,satellite,fullrewrite,1,backward,true,,fullrewrite,success,not_applicable,,0.9740909090909088,false,3483,3949,7432,25939,none,none,exp_20260713_frbaseline_v2_rerun-raw-v1,call000002_4aeafa30,exp_20260713_frbaseline_v2_rerun-raw-v1#fullrewrite/satellite2/rt01/backward
exp_20260713_frbaseline_v2_rerun,satellite2,satellite,fullrewrite,2,forward,true,,fullrewrite,success,not_applicable,,,,3230,8210,11440,70896,none,none,exp_20260713_frbaseline_v2_rerun-raw-v1,call000003_7095f7ac,exp_20260713_frbaseline_v2_rerun-raw-v1#fullrewrite/satellite2/rt02/forward
exp_20260713_frbaseline_v2_rerun,satellite2,satellite,fullrewrite,2,backward,true,,fullrewrite,success,not_applicable,,0.9740909090909088,false,3612,3505,7117,17003,none,none,exp_20260713_frbaseline_v2_rerun-raw-v1,call000004_9ec0726e,exp_20260713_frbaseline_v2_rerun-raw-v1#fullrewrite/satellite2/rt02/backward
exp_20260713_frbaseline_v2_rerun,satellite2,satellite,fullrewrite,3,forward,true,,fullrewrite,failure,not_applicable,,0.0,,3258,22013,25271,119930,model,empty_response,exp_20260713_frbaseline_v2_rerun-raw-v1,call000005_1ca906e7,exp_20260713_frbaseline_v2_rerun-raw-v1#fullrewrite/satellite2/rt03/forward
exp_20260713_frbaseline_v2_rerun,satellite2,satellite,fullrewrite,3,backward,true,,fullrewrite,failure,not_applicable,,0.0,true,269,359,628,4254,quality,content_regression,exp_20260713_frbaseline_v2_rerun-raw-v1,call000006_0436f40d,exp_20260713_frbaseline_v2_rerun-raw-v1#fullrewrite/satellite2/rt03/backward
exp_20260713_frbaseline_v2_rerun,satellite2,satellite,fullrewrite,4,forward,true,,fullrewrite,success,not_applicable,,,,324,9858,10182,66770,none,none,exp_20260713_frbaseline_v2_rerun-raw-v1,call000007_f3e2dcc9,exp_20260713_frbaseline_v2_rerun-raw-v1#fullrewrite/satellite2/rt04/forward
exp_20260713_frbaseline_v2_rerun,satellite2,satellite,fullrewrite,4,backward,true,,fullrewrite,success,not_applicable,,0.06346165415387911,false,770,1281,2051,8150,none,none,exp_20260713_frbaseline_v2_rerun-raw-v1,call000008_752d1d98,exp_20260713_frbaseline_v2_rerun-raw-v1#fullrewrite/satellite2/rt04/backward
exp_20260713_frbaseline_v2_rerun,satellite2,satellite,fullrewrite,5,forward,true,,fullrewrite,success,not_applicable,,,,804,1956,2760,14147,none,none,exp_20260713_frbaseline_v2_rerun-raw-v1,call000009_6c9bcc8d,exp_20260713_frbaseline_v2_rerun-raw-v1#fullrewrite/satellite2/rt05/forward
exp_20260713_frbaseline_v2_rerun,satellite2,satellite,fullrewrite,5,backward,true,,fullrewrite,success,not_applicable,,0.06346165415387911,false,801,1561,2362,10783,none,none,exp_20260713_frbaseline_v2_rerun-raw-v1,call000010_53e98ed0,exp_20260713_frbaseline_v2_rerun-raw-v1#fullrewrite/satellite2/rt05/backward
exp_20260713_frbaseline_v2_rerun,satellite2,satellite,fullrewrite,6,forward,true,,fullrewrite,success,not_applicable,,,,786,2050,2836,14286,none,none,exp_20260713_frbaseline_v2_rerun-raw-v1,call000011_e7fdbca7,exp_20260713_frbaseline_v2_rerun-raw-v1#fullrewrite/satellite2/rt06/forward
exp_20260713_frbaseline_v2_rerun,satellite2,satellite,fullrewrite,6,backward,true,,fullrewrite,success,not_applicable,,0.06346165415387911,false,825,1028,1853,8055,none,none,exp_20260713_frbaseline_v2_rerun-raw-v1,call000012_6037373e,exp_20260713_frbaseline_v2_rerun-raw-v1#fullrewrite/satellite2/rt06/backward
exp_20260713_frbaseline_v2_rerun,satellite2,satellite,fullrewrite,7,forward,true,,fullrewrite,success,not_applicable,,,,870,1788,2658,10673,none,none,exp_20260713_frbaseline_v2_rerun-raw-v1,call000013_b6b01481,exp_20260713_frbaseline_v2_rerun-raw-v1#fullrewrite/satellite2/rt07/forward
exp_20260713_frbaseline_v2_rerun,satellite2,satellite,fullrewrite,7,backward,true,,fullrewrite,degraded,not_applicable,,0.015286892280766535,false,455,517,972,5005,model,near_empty_response,exp_20260713_frbaseline_v2_rerun-raw-v1,call000014_c914671a,exp_20260713_frbaseline_v2_rerun-raw-v1#fullrewrite/satellite2/rt07/backward
exp_20260713_frbaseline_v2_rerun,satellite2,satellite,fullrewrite,8,forward,true,,fullrewrite,success,not_applicable,,,,453,1519,1972,11729,none,none,exp_20260713_frbaseline_v2_rerun-raw-v1,call000015_c59d6422,exp_20260713_frbaseline_v2_rerun-raw-v1#fullrewrite/satellite2/rt08/forward
exp_20260713_frbaseline_v2_rerun,satellite2,satellite,fullrewrite,8,backward,true,,fullrewrite,success,not_applicable,,0.015286892280766535,false,412,918,1330,7645,none,none,exp_20260713_frbaseline_v2_rerun-raw-v1,call000016_e9c2fe40,exp_20260713_frbaseline_v2_rerun-raw-v1#fullrewrite/satellite2/rt08/backward
exp_20260713_frbaseline_v2_rerun,satellite2,satellite,fullrewrite,9,forward,true,,fullrewrite,success,not_applicable,,,,441,11503,11944,84827,none,none,exp_20260713_frbaseline_v2_rerun-raw-v1,call000017_f3df0f2a,exp_20260713_frbaseline_v2_rerun-raw-v1#fullrewrite/satellite2/rt09/forward
exp_20260713_frbaseline_v2_rerun,satellite2,satellite,fullrewrite,9,backward,true,,fullrewrite,degraded,not_applicable,,0.015286892280766535,false,382,374,756,2762,model,near_empty_response,exp_20260713_frbaseline_v2_rerun-raw-v1,call000018_11014b18,exp_20260713_frbaseline_v2_rerun-raw-v1#fullrewrite/satellite2/rt09/backward
exp_20260713_frbaseline_v2_rerun,satellite2,satellite,fullrewrite,10,forward,true,,fullrewrite,degraded,not_applicable,,,,415,459,874,4787,model,near_empty_response,exp_20260713_frbaseline_v2_rerun-raw-v1,call000019_512f5074,exp_20260713_frbaseline_v2_rerun-raw-v1#fullrewrite/satellite2/rt10/forward
exp_20260713_frbaseline_v2_rerun,satellite2,satellite,fullrewrite,10,backward,true,,fullrewrite,degraded,not_applicable,,0.015286892280766535,false,393,398,791,2975,model,near_empty_response,exp_20260713_frbaseline_v2_rerun-raw-v1,call000020_0e46bc94,exp_20260713_frbaseline_v2_rerun-raw-v1#fullrewrite/satellite2/rt10/backward
exp_20260713_frbaseline_v2_rerun,satellite3,satellite,fullrewrite,1,forward,true,,fullrewrite,failure,not_applicable,,0.0,,3368,564,3932,3875,model,empty_response,exp_20260713_frbaseline_v2_rerun-raw-v1,call000001_5d85c1b8,exp_20260713_frbaseline_v2_rerun-raw-v1#fullrewrite/satellite3/rt01/forward
exp_20260713_frbaseline_v2_rerun,satellite3,satellite,fullrewrite,1,backward,true,,fullrewrite,failure,not_applicable,,0.0,false,297,596,893,5426,quality,content_regression,exp_20260713_frbaseline_v2_rerun-raw-v1,call000002_20526217,exp_20260713_frbaseline_v2_rerun-raw-v1#fullrewrite/satellite3/rt01/backward
exp_20260713_frbaseline_v2_rerun,satellite3,satellite,fullrewrite,2,forward,true,,fullrewrite,degraded,unchanged,,0.0,,328,359,687,3830,quality,content_regression,exp_20260713_frbaseline_v2_rerun-raw-v1,call000003_f5aa393f,exp_20260713_frbaseline_v2_rerun-raw-v1#fullrewrite/satellite3/rt02/forward
exp_20260713_frbaseline_v2_rerun,satellite3,satellite,fullrewrite,2,backward,true,,fullrewrite,failure,not_applicable,,0.0,false,283,451,734,4509,quality,content_regression,exp_20260713_frbaseline_v2_rerun-raw-v1,call000004_32a8a153,exp_20260713_frbaseline_v2_rerun-raw-v1#fullrewrite/satellite3/rt02/backward
exp_20260713_frbaseline_v2_rerun,satellite3,satellite,fullrewrite,3,forward,true,,fullrewrite,success,not_applicable,,,,411,545,956,5323,none,none,exp_20260713_frbaseline_v2_rerun-raw-v1,call000005_c4d66a6c,exp_20260713_frbaseline_v2_rerun-raw-v1#fullrewrite/satellite3/rt03/forward
exp_20260713_frbaseline_v2_rerun,satellite3,satellite,fullrewrite,3,backward,true,,fullrewrite,success,not_applicable,,0.021317499579479638,false,337,43472,43809,284249,none,none,exp_20260713_frbaseline_v2_rerun-raw-v1,call000006_e16f10f8,exp_20260713_frbaseline_v2_rerun-raw-v1#fullrewrite/satellite3/rt03/backward
exp_20260713_frbaseline_v2_rerun,satellite3,satellite,fullrewrite,4,forward,true,,fullrewrite,success,not_applicable,,,,561,2045,2606,16464,none,none,exp_20260713_frbaseline_v2_rerun-raw-v1,call000007_8bb86814,exp_20260713_frbaseline_v2_rerun-raw-v1#fullrewrite/satellite3/rt04/forward
exp_20260713_frbaseline_v2_rerun,satellite3,satellite,fullrewrite,4,backward,true,,fullrewrite,success,not_applicable,,0.021317499579479638,false,491,1522,2013,10430,none,none,exp_20260713_frbaseline_v2_rerun-raw-v1,call000008_85b680a0,exp_20260713_frbaseline_v2_rerun-raw-v1#fullrewrite/satellite3/rt04/backward
exp_20260713_frbaseline_v2_rerun,satellite3,satellite,fullrewrite,5,forward,true,,fullrewrite,success,not_applicable,,,,539,1034,1573,8530,none,none,exp_20260713_frbaseline_v2_rerun-raw-v1,call000009_66f6c8df,exp_20260713_frbaseline_v2_rerun-raw-v1#fullrewrite/satellite3/rt05/forward
exp_20260713_frbaseline_v2_rerun,satellite3,satellite,fullrewrite,5,backward,true,,fullrewrite,success,not_applicable,,0.04431948762652622,false,295,1541,1836,12081,none,none,exp_20260713_frbaseline_v2_rerun-raw-v1,call000010_bf220e7c,exp_20260713_frbaseline_v2_rerun-raw-v1#fullrewrite/satellite3/rt05/backward
exp_20260713_frbaseline_v2_rerun,satellite3,satellite,fullrewrite,6,forward,true,,fullrewrite,success,not_applicable,,,,1456,2084,3540,15467,none,none,exp_20260713_frbaseline_v2_rerun-raw-v1,call000011_f0d6a566,exp_20260713_frbaseline_v2_rerun-raw-v1#fullrewrite/satellite3/rt06/forward
exp_20260713_frbaseline_v2_rerun,satellite3,satellite,fullrewrite,6,backward,true,,fullrewrite,failure,not_applicable,,0.0,true,551,353,904,3374,model,near_empty_response,exp_20260713_frbaseline_v2_rerun-raw-v1,call000012_75156cf3,exp_20260713_frbaseline_v2_rerun-raw-v1#fullrewrite/satellite3/rt06/backward
exp_20260713_frbaseline_v2_rerun,satellite3,satellite,fullrewrite,7,forward,true,,fullrewrite,failure,not_applicable,,0.0,,352,35,387,1442,model,near_empty_response,exp_20260713_frbaseline_v2_rerun-raw-v1,call000013_c0f39cf9,exp_20260713_frbaseline_v2_rerun-raw-v1#fullrewrite/satellite3/rt07/forward
exp_20260713_frbaseline_v2_rerun,satellite3,satellite,fullrewrite,7,backward,true,,fullrewrite,failure,not_applicable,,0.0,false,317,714,1031,5317,evaluator,evaluator_error,exp_20260713_frbaseline_v2_rerun-raw-v1,call000014_6e75496e,exp_20260713_frbaseline_v2_rerun-raw-v1#fullrewrite/satellite3/rt07/backward
exp_20260713_frbaseline_v2_rerun,satellite3,satellite,fullrewrite,8,forward,true,,fullrewrite,degraded,not_applicable,,,,374,350,724,3372,model,near_empty_response,exp_20260713_frbaseline_v2_rerun-raw-v1,call000015_1587332e,exp_20260713_frbaseline_v2_rerun-raw-v1#fullrewrite/satellite3/rt08/forward
exp_20260713_frbaseline_v2_rerun,satellite3,satellite,fullrewrite,8,backward,true,,fullrewrite,failure,not_applicable,,0.0,false,330,380,710,3919,evaluator,evaluator_error,exp_20260713_frbaseline_v2_rerun-raw-v1,call000016_36afe78e,exp_20260713_frbaseline_v2_rerun-raw-v1#fullrewrite/satellite3/rt08/backward
exp_20260713_frbaseline_v2_rerun,satellite3,satellite,fullrewrite,9,forward,true,,fullrewrite,success,not_applicable,,,,602,2403,3005,19048,none,none,exp_20260713_frbaseline_v2_rerun-raw-v1,call000017_bfddef96,exp_20260713_frbaseline_v2_rerun-raw-v1#fullrewrite/satellite3/rt09/forward
exp_20260713_frbaseline_v2_rerun,satellite3,satellite,fullrewrite,9,backward,true,,fullrewrite,failure,not_applicable,,0.0,false,444,16758,17202,123267,model,empty_response,exp_20260713_frbaseline_v2_rerun-raw-v1,call000018_4a5fd707,exp_20260713_frbaseline_v2_rerun-raw-v1#fullrewrite/satellite3/rt09/backward
exp_20260713_frbaseline_v2_rerun,satellite3,satellite,fullrewrite,10,forward,true,,fullrewrite,success,not_applicable,,,,380,516,896,5014,none,none,exp_20260713_frbaseline_v2_rerun-raw-v1,call000019_08fb30f9,exp_20260713_frbaseline_v2_rerun-raw-v1#fullrewrite/satellite3/rt10/forward
exp_20260713_frbaseline_v2_rerun,satellite3,satellite,fullrewrite,10,backward,true,,fullrewrite,failure,not_applicable,,0.0,false,289,70,359,1437,model,near_empty_response,exp_20260713_frbaseline_v2_rerun-raw-v1,call000020_90637245,exp_20260713_frbaseline_v2_rerun-raw-v1#fullrewrite/satellite3/rt10/backward
exp_20260713_frbaseline_v2_rerun,satellite4,satellite,fullrewrite,1,forward,true,,fullrewrite,failure,not_applicable,,0.0,,3163,3124,6287,18907,model,empty_response,exp_20260713_frbaseline_v2_rerun-raw-v1,call000001_44e56fa0,exp_20260713_frbaseline_v2_rerun-raw-v1#fullrewrite/satellite4/rt01/forward
exp_20260713_frbaseline_v2_rerun,satellite4,satellite,fullrewrite,1,backward,true,,fullrewrite,failure,not_applicable,,0.0,false,286,338,624,4480,evaluator,evaluator_error,exp_20260713_frbaseline_v2_rerun-raw-v1,call000002_51c17585,exp_20260713_frbaseline_v2_rerun-raw-v1#fullrewrite/satellite4/rt01/backward
exp_20260713_frbaseline_v2_rerun,satellite4,satellite,fullrewrite,2,forward,true,,fullrewrite,degraded,not_applicable,,,,393,288,681,3843,model,near_empty_response,exp_20260713_frbaseline_v2_rerun-raw-v1,call000003_5621ddb4,exp_20260713_frbaseline_v2_rerun-raw-v1#fullrewrite/satellite4/rt02/forward
exp_20260713_frbaseline_v2_rerun,satellite4,satellite,fullrewrite,2,backward,true,,fullrewrite,failure,not_applicable,,0.0,false,275,535,810,5721,model,near_empty_response,exp_20260713_frbaseline_v2_rerun-raw-v1,call000004_a01a3979,exp_20260713_frbaseline_v2_rerun-raw-v1#fullrewrite/satellite4/rt02/backward
exp_20260713_frbaseline_v2_rerun,satellite4,satellite,fullrewrite,3,forward,true,,fullrewrite,degraded,unchanged,,0.0,,432,484,916,4642,model,near_empty_response,exp_20260713_frbaseline_v2_rerun-raw-v1,call000005_6789549d,exp_20260713_frbaseline_v2_rerun-raw-v1#fullrewrite/satellite4/rt03/forward
exp_20260713_frbaseline_v2_rerun,satellite4,satellite,fullrewrite,3,backward,true,,fullrewrite,failure,not_applicable,,0.0,false,302,2166,2468,27094,model,near_empty_response,exp_20260713_frbaseline_v2_rerun-raw-v1,call000006_96c50585,exp_20260713_frbaseline_v2_rerun-raw-v1#fullrewrite/satellite4/rt03/backward
exp_20260713_frbaseline_v2_rerun,satellite4,satellite,fullrewrite,4,forward,true,,fullrewrite,degraded,unchanged,,,,377,25,402,1251,model,near_empty_response,exp_20260713_frbaseline_v2_rerun-raw-v1,call000007_4fc467ac,exp_20260713_frbaseline_v2_rerun-raw-v1#fullrewrite/satellite4/rt04/forward
exp_20260713_frbaseline_v2_rerun,satellite4,satellite,fullrewrite,4,backward,true,,fullrewrite,failure,not_applicable,,0.0,false,279,711,990,6095,quality,content_regression,exp_20260713_frbaseline_v2_rerun-raw-v1,call000008_1e6b3dce,exp_20260713_frbaseline_v2_rerun-raw-v1#fullrewrite/satellite4/rt04/backward
exp_20260713_frbaseline_v2_rerun,satellite4,satellite,fullrewrite,5,forward,true,,fullrewrite,failure,not_applicable,,0.0,,442,27,469,1285,model,near_empty_response,exp_20260713_frbaseline_v2_rerun-raw-v1,call000009_5f494495,exp_20260713_frbaseline_v2_rerun-raw-v1#fullrewrite/satellite4/rt05/forward
exp_20260713_frbaseline_v2_rerun,satellite4,satellite,fullrewrite,5,backward,true,,fullrewrite,failure,not_applicable,,0.0,false,323,499,822,7598,model,near_empty_response,exp_20260713_frbaseline_v2_rerun-raw-v1,call000010_c2eacaed,exp_20260713_frbaseline_v2_rerun-raw-v1#fullrewrite/satellite4/rt05/backward
exp_20260713_frbaseline_v2_rerun,satellite4,satellite,fullrewrite,6,forward,true,,fullrewrite,success,not_applicable,,,,401,822,1223,7661,none,none,exp_20260713_frbaseline_v2_rerun-raw-v1,call000011_72d650c1,exp_20260713_frbaseline_v2_rerun-raw-v1#fullrewrite/satellite4/rt06/forward
exp_20260713_frbaseline_v2_rerun,satellite4,satellite,fullrewrite,6,backward,true,,fullrewrite,failure,not_applicable,,0.0,false,502,413,915,3861,model,near_empty_response,exp_20260713_frbaseline_v2_rerun-raw-v1,call000012_31379354,exp_20260713_frbaseline_v2_rerun-raw-v1#fullrewrite/satellite4/rt06/backward
exp_20260713_frbaseline_v2_rerun,satellite4,satellite,fullrewrite,7,forward,true,,fullrewrite,degraded,unchanged,,,,342,23,365,1159,model,near_empty_response,exp_20260713_frbaseline_v2_rerun-raw-v1,call000013_10177c04,exp_20260713_frbaseline_v2_rerun-raw-v1#fullrewrite/satellite4/rt07/forward
exp_20260713_frbaseline_v2_rerun,satellite4,satellite,fullrewrite,7,backward,true,,fullrewrite,failure,not_applicable,,0.0,false,293,566,859,5298,evaluator,evaluator_error,exp_20260713_frbaseline_v2_rerun-raw-v1,call000014_bf3ab206,exp_20260713_frbaseline_v2_rerun-raw-v1#fullrewrite/satellite4/rt07/backward
exp_20260713_frbaseline_v2_rerun,satellite4,satellite,fullrewrite,8,forward,true,,fullrewrite,failure,not_applicable,,0.0,,490,965,1455,9273,quality,content_regression,exp_20260713_frbaseline_v2_rerun-raw-v1,call000015_be01266c,exp_20260713_frbaseline_v2_rerun-raw-v1#fullrewrite/satellite4/rt08/forward
exp_20260713_frbaseline_v2_rerun,satellite4,satellite,fullrewrite,8,backward,true,,fullrewrite,failure,not_applicable,,0.0,false,314,333,647,3182,quality,content_regression,exp_20260713_frbaseline_v2_rerun-raw-v1,call000016_27ba5ec4,exp_20260713_frbaseline_v2_rerun-raw-v1#fullrewrite/satellite4/rt08/backward
exp_20260713_frbaseline_v2_rerun,satellite4,satellite,fullrewrite,9,forward,true,,fullrewrite,degraded,unchanged,,0.0,,425,444,869,4256,quality,content_regression,exp_20260713_frbaseline_v2_rerun-raw-v1,call000017_e8f1132d,exp_20260713_frbaseline_v2_rerun-raw-v1#fullrewrite/satellite4/rt09/forward
exp_20260713_frbaseline_v2_rerun,satellite4,satellite,fullrewrite,9,backward,true,,fullrewrite,failure,not_applicable,,0.0,false,295,267,562,603308,quality,content_regression,exp_20260713_frbaseline_v2_rerun-raw-v1,call000018_fd5e1cd7,exp_20260713_frbaseline_v2_rerun-raw-v1#fullrewrite/satellite4/rt09/backward
exp_20260713_frbaseline_v2_rerun,satellite4,satellite,fullrewrite,10,forward,true,,fullrewrite,degraded,unchanged,,0.0,,370,450,820,4528,quality,content_regression,exp_20260713_frbaseline_v2_rerun-raw-v1,call000019_e678df42,exp_20260713_frbaseline_v2_rerun-raw-v1#fullrewrite/satellite4/rt10/forward
exp_20260713_frbaseline_v2_rerun,satellite4,satellite,fullrewrite,10,backward,true,,fullrewrite,failure,not_applicable,,0.0,false,272,466,738,3716,evaluator,evaluator_error,exp_20260713_frbaseline_v2_rerun-raw-v1,call000020_74cd609f,exp_20260713_frbaseline_v2_rerun-raw-v1#fullrewrite/satellite4/rt10/backward
exp_20260713_frbaseline_v2_rerun,satellite5,satellite,fullrewrite,1,forward,true,,fullrewrite,failure,not_applicable,,0.0,,3300,5295,8595,48085,model,empty_response,exp_20260713_frbaseline_v2_rerun-raw-v1,call000001_1c55a157,exp_20260713_frbaseline_v2_rerun-raw-v1#fullrewrite/satellite5/rt01/forward
exp_20260713_frbaseline_v2_rerun,satellite5,satellite,fullrewrite,1,backward,true,,fullrewrite,failure,not_applicable,,0.0,false,296,333,629,3309,quality,content_regression,exp_20260713_frbaseline_v2_rerun-raw-v1,call000002_2cfedd97,exp_20260713_frbaseline_v2_rerun-raw-v1#fullrewrite/satellite5/rt01/backward
exp_20260713_frbaseline_v2_rerun,satellite5,satellite,fullrewrite,2,forward,true,,fullrewrite,degraded,unchanged,,0.0,,372,741,1113,6756,quality,content_regression,exp_20260713_frbaseline_v2_rerun-raw-v1,call000003_624eae43,exp_20260713_frbaseline_v2_rerun-raw-v1#fullrewrite/satellite5/rt02/forward
exp_20260713_frbaseline_v2_rerun,satellite5,satellite,fullrewrite,2,backward,true,,fullrewrite,failure,not_applicable,,0.0,false,272,277,549,3690,quality,content_regression,exp_20260713_frbaseline_v2_rerun-raw-v1,call000004_cc38fe4f,exp_20260713_frbaseline_v2_rerun-raw-v1#fullrewrite/satellite5/rt02/backward
exp_20260713_frbaseline_v2_rerun,satellite5,satellite,fullrewrite,3,forward,true,,fullrewrite,success,not_applicable,,,,488,1511,1999,9221,none,none,exp_20260713_frbaseline_v2_rerun-raw-v1,call000005_99bfce65,exp_20260713_frbaseline_v2_rerun-raw-v1#fullrewrite/satellite5/rt03/forward
exp_20260713_frbaseline_v2_rerun,satellite5,satellite,fullrewrite,3,backward,true,,fullrewrite,failure,not_applicable,,0.0,false,796,3862,4658,32518,evaluator,evaluator_error,exp_20260713_frbaseline_v2_rerun-raw-v1,call000006_4d6af001,exp_20260713_frbaseline_v2_rerun-raw-v1#fullrewrite/satellite5/rt03/backward
exp_20260713_frbaseline_v2_rerun,satellite5,satellite,fullrewrite,4,forward,true,,fullrewrite,failure,not_applicable,,0.0,,696,5885,6581,55262,model,empty_response,exp_20260713_frbaseline_v2_rerun-raw-v1,call000007_c9c6e35b,exp_20260713_frbaseline_v2_rerun-raw-v1#fullrewrite/satellite5/rt04/forward
exp_20260713_frbaseline_v2_rerun,satellite5,satellite,fullrewrite,4,backward,true,,fullrewrite,success,not_applicable,,0.02775320589996584,false,289,1217,1506,12006,none,none,exp_20260713_frbaseline_v2_rerun-raw-v1,call000008_850a32ec,exp_20260713_frbaseline_v2_rerun-raw-v1#fullrewrite/satellite5/rt04/backward
exp_20260713_frbaseline_v2_rerun,satellite5,satellite,fullrewrite,5,forward,true,,fullrewrite,success,not_applicable,,,,508,4848,5356,39961,none,none,exp_20260713_frbaseline_v2_rerun-raw-v1,call000009_dac47fce,exp_20260713_frbaseline_v2_rerun-raw-v1#fullrewrite/satellite5/rt05/forward
exp_20260713_frbaseline_v2_rerun,satellite5,satellite,fullrewrite,5,backward,true,,fullrewrite,success,not_applicable,,0.02775320589996584,false,496,561,1057,5905,none,none,exp_20260713_frbaseline_v2_rerun-raw-v1,call000010_2b8a004c,exp_20260713_frbaseline_v2_rerun-raw-v1#fullrewrite/satellite5/rt05/backward
exp_20260713_frbaseline_v2_rerun,satellite5,satellite,fullrewrite,6,forward,true,,fullrewrite,success,not_applicable,,,,552,1502,2054,12782,none,none,exp_20260713_frbaseline_v2_rerun-raw-v1,call000011_364244c8,exp_20260713_frbaseline_v2_rerun-raw-v1#fullrewrite/satellite5/rt06/forward
exp_20260713_frbaseline_v2_rerun,satellite5,satellite,fullrewrite,6,backward,true,,fullrewrite,success,not_applicable,,0.02775320589996584,false,539,531,1070,4670,none,none,exp_20260713_frbaseline_v2_rerun-raw-v1,call000012_f9ea3691,exp_20260713_frbaseline_v2_rerun-raw-v1#fullrewrite/satellite5/rt06/backward
exp_20260713_frbaseline_v2_rerun,satellite5,satellite,fullrewrite,7,forward,true,,fullrewrite,success,not_applicable,,,,539,14721,15260,108481,none,none,exp_20260713_frbaseline_v2_rerun-raw-v1,call000013_5d8fb821,exp_20260713_frbaseline_v2_rerun-raw-v1#fullrewrite/satellite5/rt07/forward
exp_20260713_frbaseline_v2_rerun,satellite5,satellite,fullrewrite,7,backward,true,,fullrewrite,success,not_applicable,,0.02775320589996584,false,506,2899,3405,20669,none,none,exp_20260713_frbaseline_v2_rerun-raw-v1,call000014_6b8b7630,exp_20260713_frbaseline_v2_rerun-raw-v1#fullrewrite/satellite5/rt07/backward
exp_20260713_frbaseline_v2_rerun,satellite5,satellite,fullrewrite,8,forward,true,,fullrewrite,failure,not_applicable,,0.0,,509,21140,21649,176870,model,empty_response,exp_20260713_frbaseline_v2_rerun-raw-v1,call000015_f4a0f1f2,exp_20260713_frbaseline_v2_rerun-raw-v1#fullrewrite/satellite5/rt08/forward
exp_20260713_frbaseline_v2_rerun,satellite5,satellite,fullrewrite,8,backward,true,,fullrewrite,success,not_applicable,,0.028121593487257613,false,296,1304,1600,14941,none,none,exp_20260713_frbaseline_v2_rerun-raw-v1,call000016_4c3826b9,exp_20260713_frbaseline_v2_rerun-raw-v1#fullrewrite/satellite5/rt08/backward
exp_20260713_frbaseline_v2_rerun,satellite5,satellite,fullrewrite,9,forward,true,,fullrewrite,success,not_applicable,,,,671,2757,3428,22594,none,none,exp_20260713_frbaseline_v2_rerun-raw-v1,call000017_ac5e9c14,exp_20260713_frbaseline_v2_rerun-raw-v1#fullrewrite/satellite5/rt09/forward
exp_20260713_frbaseline_v2_rerun,satellite5,satellite,fullrewrite,9,backward,true,,fullrewrite,success,not_applicable,,0.028121593487257613,false,514,391,905,3035,none,none,exp_20260713_frbaseline_v2_rerun-raw-v1,call000018_897e7730,exp_20260713_frbaseline_v2_rerun-raw-v1#fullrewrite/satellite5/rt09/backward
exp_20260713_frbaseline_v2_rerun,satellite5,satellite,fullrewrite,10,forward,true,,fullrewrite,success,not_applicable,,,,616,12871,13487,102901,none,none,exp_20260713_frbaseline_v2_rerun-raw-v1,call000019_da99bb8d,exp_20260713_frbaseline_v2_rerun-raw-v1#fullrewrite/satellite5/rt10/forward
exp_20260713_frbaseline_v2_rerun,satellite5,satellite,fullrewrite,10,backward,true,,fullrewrite,success,not_applicable,,0.028121593487257613,false,549,10679,11228,72371,none,none,exp_20260713_frbaseline_v2_rerun-raw-v1,call000020_41e6bbe4,exp_20260713_frbaseline_v2_rerun-raw-v1#fullrewrite/satellite5/rt10/backward
exp_20260713_frbaseline_v2_rerun,screenplay1,screenplay,fullrewrite,1,forward,true,,fullrewrite,failure,not_applicable,,0.0,,5706,39782,45488,320153,model,empty_response,exp_20260713_frbaseline_v2_rerun-raw-v1,call000001_96e83c18,exp_20260713_frbaseline_v2_rerun-raw-v1#fullrewrite/screenplay1/rt01/forward
exp_20260713_frbaseline_v2_rerun,screenplay1,screenplay,fullrewrite,1,backward,true,,fullrewrite,success,not_applicable,,0.0005371263738996369,false,293,377,670,5295,none,none,exp_20260713_frbaseline_v2_rerun-raw-v1,call000002_904c3e4b,exp_20260713_frbaseline_v2_rerun-raw-v1#fullrewrite/screenplay1/rt01/backward
exp_20260713_frbaseline_v2_rerun,screenplay1,screenplay,fullrewrite,2,forward,true,,fullrewrite,success,not_applicable,,,,537,10881,11418,108050,none,none,exp_20260713_frbaseline_v2_rerun-raw-v1,call000003_ac3e2774,exp_20260713_frbaseline_v2_rerun-raw-v1#fullrewrite/screenplay1/rt02/forward
exp_20260713_frbaseline_v2_rerun,screenplay1,screenplay,fullrewrite,2,backward,true,,fullrewrite,success,not_applicable,,0.01684643886372993,false,1598,4035,5633,32027,none,none,exp_20260713_frbaseline_v2_rerun-raw-v1,call000004_19cb34e9,exp_20260713_frbaseline_v2_rerun-raw-v1#fullrewrite/screenplay1/rt02/backward
exp_20260713_frbaseline_v2_rerun,screenplay1,screenplay,fullrewrite,3,forward,true,,fullrewrite,failure,not_applicable,,0.0,,1628,12175,13803,128945,model,text_truncated,exp_20260713_frbaseline_v2_rerun-raw-v1,call000005_a00b4c85,exp_20260713_frbaseline_v2_rerun-raw-v1#fullrewrite/screenplay1/rt03/forward
exp_20260713_frbaseline_v2_rerun,screenplay1,screenplay,fullrewrite,3,backward,true,,fullrewrite,failure,not_applicable,,0.0,true,319,457,776,9576,quality,content_regression,exp_20260713_frbaseline_v2_rerun-raw-v1,call000006_d1e43166,exp_20260713_frbaseline_v2_rerun-raw-v1#fullrewrite/screenplay1/rt03/backward
exp_20260713_frbaseline_v2_rerun,screenplay1,screenplay,fullrewrite,4,forward,true,,fullrewrite,degraded,unchanged,,0.0,,303,484,787,8322,quality,content_regression,exp_20260713_frbaseline_v2_rerun-raw-v1,call000007_8f3e83b2,exp_20260713_frbaseline_v2_rerun-raw-v1#fullrewrite/screenplay1/rt04/forward
exp_20260713_frbaseline_v2_rerun,screenplay1,screenplay,fullrewrite,4,backward,true,,fullrewrite,failure,not_applicable,,0.0,false,327,333,660,3661,quality,content_regression,exp_20260713_frbaseline_v2_rerun-raw-v1,call000008_0d729d9d,exp_20260713_frbaseline_v2_rerun-raw-v1#fullrewrite/screenplay1/rt04/backward
exp_20260713_frbaseline_v2_rerun,screenplay1,screenplay,fullrewrite,5,forward,true,,fullrewrite,degraded,unchanged,,0.0,,383,341,724,7256,quality,content_regression,exp_20260713_frbaseline_v2_rerun-raw-v1,call000009_2b25c682,exp_20260713_frbaseline_v2_rerun-raw-v1#fullrewrite/screenplay1/rt05/forward
exp_20260713_frbaseline_v2_rerun,screenplay1,screenplay,fullrewrite,5,backward,true,,fullrewrite,failure,not_applicable,,0.0,false,319,510,829,6436,quality,content_regression,exp_20260713_frbaseline_v2_rerun-raw-v1,call000010_0085c30e,exp_20260713_frbaseline_v2_rerun-raw-v1#fullrewrite/screenplay1/rt05/backward
exp_20260713_frbaseline_v2_rerun,screenplay1,screenplay,fullrewrite,6,forward,true,,fullrewrite,degraded,unchanged,,0.0,,366,336,702,3857,quality,content_regression,exp_20260713_frbaseline_v2_rerun-raw-v1,call000011_684c2702,exp_20260713_frbaseline_v2_rerun-raw-v1#fullrewrite/screenplay1/rt06/forward
exp_20260713_frbaseline_v2_rerun,screenplay1,screenplay,fullrewrite,6,backward,true,,fullrewrite,success,not_applicable,,0.000953705543413471,false,293,477,770,8557,none,none,exp_20260713_frbaseline_v2_rerun-raw-v1,call000012_81eb977c,exp_20260713_frbaseline_v2_rerun-raw-v1#fullrewrite/screenplay1/rt06/backward
exp_20260713_frbaseline_v2_rerun,screenplay1,screenplay,fullrewrite,7,forward,true,,fullrewrite,success,not_applicable,,,,323,450,773,5974,none,none,exp_20260713_frbaseline_v2_rerun-raw-v1,call000013_0c1dbd3c,exp_20260713_frbaseline_v2_rerun-raw-v1#fullrewrite/screenplay1/rt07/forward
exp_20260713_frbaseline_v2_rerun,screenplay1,screenplay,fullrewrite,7,backward,true,,fullrewrite,degraded,not_applicable,,0.0,true,376,401,777,3552,model,near_empty_response,exp_20260713_frbaseline_v2_rerun-raw-v1,call000014_7f352920,exp_20260713_frbaseline_v2_rerun-raw-v1#fullrewrite/screenplay1/rt07/backward
exp_20260713_frbaseline_v2_rerun,screenplay1,screenplay,fullrewrite,8,forward,true,,fullrewrite,degraded,not_applicable,,,,528,2422,2950,21478,model,text_truncated,exp_20260713_frbaseline_v2_rerun-raw-v1,call000015_f1033083,exp_20260713_frbaseline_v2_rerun-raw-v1#fullrewrite/screenplay1/rt08/forward
exp_20260713_frbaseline_v2_rerun,screenplay1,screenplay,fullrewrite,8,backward,true,,fullrewrite,degraded,not_applicable,,0.12142821720803372,false,364,842,1206,9989,model,near_empty_response,exp_20260713_frbaseline_v2_rerun-raw-v1,call000016_98f3e3f4,exp_20260713_frbaseline_v2_rerun-raw-v1#fullrewrite/screenplay1/rt08/backward
exp_20260713_frbaseline_v2_rerun,screenplay1,screenplay,fullrewrite,9,forward,true,,fullrewrite,success,not_applicable,,,,567,1793,2360,22303,none,none,exp_20260713_frbaseline_v2_rerun-raw-v1,call000017_f249d386,exp_20260713_frbaseline_v2_rerun-raw-v1#fullrewrite/screenplay1/rt09/forward
exp_20260713_frbaseline_v2_rerun,screenplay1,screenplay,fullrewrite,9,backward,true,,fullrewrite,failure,not_applicable,,0.0,true,2074,2352,4426,19099,model,empty_response,exp_20260713_frbaseline_v2_rerun-raw-v1,call000018_3770f17a,exp_20260713_frbaseline_v2_rerun-raw-v1#fullrewrite/screenplay1/rt09/backward
exp_20260713_frbaseline_v2_rerun,screenplay1,screenplay,fullrewrite,10,forward,true,,fullrewrite,success,not_applicable,,,,383,806,1189,8060,none,none,exp_20260713_frbaseline_v2_rerun-raw-v1,call000019_e200e826,exp_20260713_frbaseline_v2_rerun-raw-v1#fullrewrite/screenplay1/rt10/forward
exp_20260713_frbaseline_v2_rerun,screenplay1,screenplay,fullrewrite,10,backward,true,,fullrewrite,degraded,not_applicable,,0.00020918418169140352,false,431,640,1071,7013,model,near_empty_response,exp_20260713_frbaseline_v2_rerun-raw-v1,call000020_3607226e,exp_20260713_frbaseline_v2_rerun-raw-v1#fullrewrite/screenplay1/rt10/backward
exp_20260713_frbaseline_v2_rerun,screenplay2,screenplay,fullrewrite,1,forward,true,,fullrewrite,success,not_applicable,,,,3148,11601,14749,128518,none,none,exp_20260713_frbaseline_v2_rerun-raw-v1,call000001_eed2c48d,exp_20260713_frbaseline_v2_rerun-raw-v1#fullrewrite/screenplay2/rt01/forward
exp_20260713_frbaseline_v2_rerun,screenplay2,screenplay,fullrewrite,1,backward,true,,fullrewrite,success,not_applicable,,0.9999808331203681,false,4899,7349,12248,55797,none,none,exp_20260713_frbaseline_v2_rerun-raw-v1,call000002_2982cb46,exp_20260713_frbaseline_v2_rerun-raw-v1#fullrewrite/screenplay2/rt01/backward
exp_20260713_frbaseline_v2_rerun,screenplay2,screenplay,fullrewrite,2,forward,true,,fullrewrite,failure,not_applicable,,0.0,,3126,2862,5988,36229,model,empty_response,exp_20260713_frbaseline_v2_rerun-raw-v1,call000003_cd549b44,exp_20260713_frbaseline_v2_rerun-raw-v1#fullrewrite/screenplay2/rt02/forward
exp_20260713_frbaseline_v2_rerun,screenplay2,screenplay,fullrewrite,2,backward,true,,fullrewrite,failure,not_applicable,,0.0,true,308,368,676,3736,quality,content_regression,exp_20260713_frbaseline_v2_rerun-raw-v1,call000004_fa0a5eb5,exp_20260713_frbaseline_v2_rerun-raw-v1#fullrewrite/screenplay2/rt02/backward
exp_20260713_frbaseline_v2_rerun,screenplay2,screenplay,fullrewrite,3,forward,true,,fullrewrite,degraded,unchanged,,0.0,,353,398,751,8044,quality,content_regression,exp_20260713_frbaseline_v2_rerun-raw-v1,call000005_0fa7b31e,exp_20260713_frbaseline_v2_rerun-raw-v1#fullrewrite/screenplay2/rt03/forward
exp_20260713_frbaseline_v2_rerun,screenplay2,screenplay,fullrewrite,3,backward,true,,fullrewrite,failure,not_applicable,,0.0,false,305,260,565,2452,quality,content_regression,exp_20260713_frbaseline_v2_rerun-raw-v1,call000006_feea4ea7,exp_20260713_frbaseline_v2_rerun-raw-v1#fullrewrite/screenplay2/rt03/backward
exp_20260713_frbaseline_v2_rerun,screenplay2,screenplay,fullrewrite,4,forward,true,,fullrewrite,degraded,unchanged,,0.0,,311,262,573,3744,quality,content_regression,exp_20260713_frbaseline_v2_rerun-raw-v1,call000007_1bb74547,exp_20260713_frbaseline_v2_rerun-raw-v1#fullrewrite/screenplay2/rt04/forward
exp_20260713_frbaseline_v2_rerun,screenplay2,screenplay,fullrewrite,4,backward,true,,fullrewrite,failure,not_applicable,,0.0,false,304,250,554,3923,quality,content_regression,exp_20260713_frbaseline_v2_rerun-raw-v1,call000008_bdcc84f0,exp_20260713_frbaseline_v2_rerun-raw-v1#fullrewrite/screenplay2/rt04/backward
exp_20260713_frbaseline_v2_rerun,screenplay2,screenplay,fullrewrite,5,forward,true,,fullrewrite,success,not_applicable,,,,302,425,727,7514,none,none,exp_20260713_frbaseline_v2_rerun-raw-v1,call000009_703dbd09,exp_20260713_frbaseline_v2_rerun-raw-v1#fullrewrite/screenplay2/rt05/forward
exp_20260713_frbaseline_v2_rerun,screenplay2,screenplay,fullrewrite,5,backward,true,,fullrewrite,degraded,not_applicable,,0.8517891130567188,false,311,290,601,5320,model,near_empty_response,exp_20260713_frbaseline_v2_rerun-raw-v1,call000010_877d282d,exp_20260713_frbaseline_v2_rerun-raw-v1#fullrewrite/screenplay2/rt05/backward
exp_20260713_frbaseline_v2_rerun,screenplay2,screenplay,fullrewrite,6,forward,true,,fullrewrite,success,not_applicable,,,,318,1155,1473,13276,none,none,exp_20260713_frbaseline_v2_rerun-raw-v1,call000011_12bb819d,exp_20260713_frbaseline_v2_rerun-raw-v1#fullrewrite/screenplay2/rt06/forward
exp_20260713_frbaseline_v2_rerun,screenplay2,screenplay,fullrewrite,6,backward,true,,fullrewrite,success,not_applicable,,0.8663538271327414,false,670,677,1347,6657,none,none,exp_20260713_frbaseline_v2_rerun-raw-v1,call000012_37c3a34b,exp_20260713_frbaseline_v2_rerun-raw-v1#fullrewrite/screenplay2/rt06/backward
exp_20260713_frbaseline_v2_rerun,screenplay2,screenplay,fullrewrite,7,forward,true,,fullrewrite,success,not_applicable,,,,541,4354,4895,65055,none,none,exp_20260713_frbaseline_v2_rerun-raw-v1,call000013_ffe8900f,exp_20260713_frbaseline_v2_rerun-raw-v1#fullrewrite/screenplay2/rt07/forward
exp_20260713_frbaseline_v2_rerun,screenplay2,screenplay,fullrewrite,7,backward,true,,fullrewrite,success,not_applicable,,0.8663538271327414,false,663,326,989,3363,none,none,exp_20260713_frbaseline_v2_rerun-raw-v1,call000014_21136ccb,exp_20260713_frbaseline_v2_rerun-raw-v1#fullrewrite/screenplay2/rt07/backward
exp_20260713_frbaseline_v2_rerun,screenplay2,screenplay,fullrewrite,8,forward,true,,fullrewrite,failure,not_applicable,,0.0,,551,594,1145,4891,quality,content_regression,exp_20260713_frbaseline_v2_rerun-raw-v1,call000015_fd4b3d9a,exp_20260713_frbaseline_v2_rerun-raw-v1#fullrewrite/screenplay2/rt08/forward
exp_20260713_frbaseline_v2_rerun,screenplay2,screenplay,fullrewrite,8,backward,true,,fullrewrite,failure,not_applicable,,0.0,true,290,457,747,4593,quality,content_regression,exp_20260713_frbaseline_v2_rerun-raw-v1,call000016_4a1b5933,exp_20260713_frbaseline_v2_rerun-raw-v1#fullrewrite/screenplay2/rt08/backward
exp_20260713_frbaseline_v2_rerun,screenplay2,screenplay,fullrewrite,9,forward,true,,fullrewrite,success,not_applicable,,,,317,1240,1557,19234,none,none,exp_20260713_frbaseline_v2_rerun-raw-v1,call000017_1b95efa6,exp_20260713_frbaseline_v2_rerun-raw-v1#fullrewrite/screenplay2/rt09/forward
exp_20260713_frbaseline_v2_rerun,screenplay2,screenplay,fullrewrite,9,backward,true,,fullrewrite,success,not_applicable,,0.8644332091538053,false,1199,1103,2302,7538,none,none,exp_20260713_frbaseline_v2_rerun-raw-v1,call000018_15a91bc0,exp_20260713_frbaseline_v2_rerun-raw-v1#fullrewrite/screenplay2/rt09/backward
exp_20260713_frbaseline_v2_rerun,screenplay2,screenplay,fullrewrite,10,forward,true,,fullrewrite,success,not_applicable,,,,749,3269,4018,26720,none,none,exp_20260713_frbaseline_v2_rerun-raw-v1,call000019_d5811f09,exp_20260713_frbaseline_v2_rerun-raw-v1#fullrewrite/screenplay2/rt10/forward
exp_20260713_frbaseline_v2_rerun,screenplay2,screenplay,fullrewrite,10,backward,true,,fullrewrite,success,not_applicable,,0.8644236892379538,false,764,1532,2296,14674,none,none,exp_20260713_frbaseline_v2_rerun-raw-v1,call000020_f1716937,exp_20260713_frbaseline_v2_rerun-raw-v1#fullrewrite/screenplay2/rt10/backward
exp_20260713_frbaseline_v2_rerun,screenplay5,screenplay,fullrewrite,1,forward,true,,fullrewrite,failure,not_applicable,,0.0,,3865,16526,20391,154823,model,text_truncated,exp_20260713_frbaseline_v2_rerun-raw-v1,call000001_e0cb3cec,exp_20260713_frbaseline_v2_rerun-raw-v1#fullrewrite/screenplay5/rt01/forward
exp_20260713_frbaseline_v2_rerun,screenplay5,screenplay,fullrewrite,1,backward,true,,fullrewrite,success,not_applicable,,0.8687816188870152,false,331,1431,1762,27220,none,none,exp_20260713_frbaseline_v2_rerun-raw-v1,call000002_26c6f6ed,exp_20260713_frbaseline_v2_rerun-raw-v1#fullrewrite/screenplay5/rt01/backward
exp_20260713_frbaseline_v2_rerun,screenplay5,screenplay,fullrewrite,2,forward,true,,fullrewrite,success,not_applicable,,,,1260,1905,3165,17387,none,none,exp_20260713_frbaseline_v2_rerun-raw-v1,call000003_8118856d,exp_20260713_frbaseline_v2_rerun-raw-v1#fullrewrite/screenplay5/rt02/forward
exp_20260713_frbaseline_v2_rerun,screenplay5,screenplay,fullrewrite,2,backward,true,,fullrewrite,success,not_applicable,,0.868959342742785,false,1401,3949,5350,34512,none,none,exp_20260713_frbaseline_v2_rerun-raw-v1,call000004_2fe71d05,exp_20260713_frbaseline_v2_rerun-raw-v1#fullrewrite/screenplay5/rt02/backward
exp_20260713_frbaseline_v2_rerun,screenplay5,screenplay,fullrewrite,3,forward,true,,fullrewrite,success,not_applicable,,,,1250,8662,9912,75369,none,none,exp_20260713_frbaseline_v2_rerun-raw-v1,call000005_bbbc92d0,exp_20260713_frbaseline_v2_rerun-raw-v1#fullrewrite/screenplay5/rt03/forward
exp_20260713_frbaseline_v2_rerun,screenplay5,screenplay,fullrewrite,3,backward,true,,fullrewrite,success,not_applicable,,0.868959342742785,false,1373,1273,2646,8884,none,none,exp_20260713_frbaseline_v2_rerun-raw-v1,call000006_b5002b96,exp_20260713_frbaseline_v2_rerun-raw-v1#fullrewrite/screenplay5/rt03/backward
exp_20260713_frbaseline_v2_rerun,screenplay5,screenplay,fullrewrite,4,forward,true,,fullrewrite,success,not_applicable,,,,1258,7345,8603,90078,none,none,exp_20260713_frbaseline_v2_rerun-raw-v1,call000007_2e80dda0,exp_20260713_frbaseline_v2_rerun-raw-v1#fullrewrite/screenplay5/rt04/forward
exp_20260713_frbaseline_v2_rerun,screenplay5,screenplay,fullrewrite,4,backward,true,,fullrewrite,success,not_applicable,,0.8689462592202319,false,1320,3412,4732,33961,none,none,exp_20260713_frbaseline_v2_rerun-raw-v1,call000008_e7fa7ad2,exp_20260713_frbaseline_v2_rerun-raw-v1#fullrewrite/screenplay5/rt04/backward
exp_20260713_frbaseline_v2_rerun,screenplay5,screenplay,fullrewrite,5,forward,true,,fullrewrite,success,not_applicable,,,,1228,3089,4317,24828,none,none,exp_20260713_frbaseline_v2_rerun-raw-v1,call000009_131ada69,exp_20260713_frbaseline_v2_rerun-raw-v1#fullrewrite/screenplay5/rt05/forward
exp_20260713_frbaseline_v2_rerun,screenplay5,screenplay,fullrewrite,5,backward,true,,fullrewrite,success,not_applicable,,0.8689462592202319,false,1248,2010,3258,13862,none,none,exp_20260713_frbaseline_v2_rerun-raw-v1,call000010_588705ec,exp_20260713_frbaseline_v2_rerun-raw-v1#fullrewrite/screenplay5/rt05/backward
exp_20260713_frbaseline_v2_rerun,screenplay5,screenplay,fullrewrite,6,forward,true,,fullrewrite,success,not_applicable,,,,1235,2175,3410,25401,none,none,exp_20260713_frbaseline_v2_rerun-raw-v1,call000011_070360ed,exp_20260713_frbaseline_v2_rerun-raw-v1#fullrewrite/screenplay5/rt06/forward
exp_20260713_frbaseline_v2_rerun,screenplay5,screenplay,fullrewrite,6,backward,true,,fullrewrite,success,not_applicable,,0.8689462592202319,false,1914,1230,3144,9294,none,none,exp_20260713_frbaseline_v2_rerun-raw-v1,call000012_75b10f0f,exp_20260713_frbaseline_v2_rerun-raw-v1#fullrewrite/screenplay5/rt06/backward
exp_20260713_frbaseline_v2_rerun,screenplay5,screenplay,fullrewrite,7,forward,true,,fullrewrite,success,not_applicable,,,,1244,5097,6341,48857,none,none,exp_20260713_frbaseline_v2_rerun-raw-v1,call000013_896e7497,exp_20260713_frbaseline_v2_rerun-raw-v1#fullrewrite/screenplay5/rt07/forward
exp_20260713_frbaseline_v2_rerun,screenplay5,screenplay,fullrewrite,7,backward,true,,fullrewrite,success,not_applicable,,0.8651667206215604,false,2490,2414,4904,15882,none,none,exp_20260713_frbaseline_v2_rerun-raw-v1,call000014_7c647b83,exp_20260713_frbaseline_v2_rerun-raw-v1#fullrewrite/screenplay5/rt07/backward
exp_20260713_frbaseline_v2_rerun,screenplay5,screenplay,fullrewrite,8,forward,true,,fullrewrite,success,not_applicable,,,,2187,13843,16030,117151,none,none,exp_20260713_frbaseline_v2_rerun-raw-v1,call000015_fc0638c3,exp_20260713_frbaseline_v2_rerun-raw-v1#fullrewrite/screenplay5/rt08/forward
exp_20260713_frbaseline_v2_rerun,screenplay5,screenplay,fullrewrite,8,backward,true,,fullrewrite,degraded,not_applicable,,0.6661964849031096,true,3149,3423,6572,27385,quality,content_regression,exp_20260713_frbaseline_v2_rerun-raw-v1,call000016_e59b422d,exp_20260713_frbaseline_v2_rerun-raw-v1#fullrewrite/screenplay5/rt08/backward
exp_20260713_frbaseline_v2_rerun,screenplay5,screenplay,fullrewrite,9,forward,true,,fullrewrite,failure,not_applicable,,0.0,,3113,6571,9684,63274,model,text_truncated,exp_20260713_frbaseline_v2_rerun-raw-v1,call000017_2fdf0a92,exp_20260713_frbaseline_v2_rerun-raw-v1#fullrewrite/screenplay5/rt09/forward
exp_20260713_frbaseline_v2_rerun,screenplay5,screenplay,fullrewrite,9,backward,true,,fullrewrite,success,not_applicable,,0.8670959433354798,false,331,1495,1826,22363,none,none,exp_20260713_frbaseline_v2_rerun-raw-v1,call000018_371e4522,exp_20260713_frbaseline_v2_rerun-raw-v1#fullrewrite/screenplay5/rt09/backward
exp_20260713_frbaseline_v2_rerun,screenplay5,screenplay,fullrewrite,10,forward,true,,fullrewrite,success,not_applicable,,,,728,1540,2268,14053,none,none,exp_20260713_frbaseline_v2_rerun-raw-v1,call000019_01651f4c,exp_20260713_frbaseline_v2_rerun-raw-v1#fullrewrite/screenplay5/rt10/forward
exp_20260713_frbaseline_v2_rerun,screenplay5,screenplay,fullrewrite,10,backward,true,,fullrewrite,success,not_applicable,,0.8670959433354798,false,799,849,1648,7626,none,none,exp_20260713_frbaseline_v2_rerun-raw-v1,call000020_dacc9bdb,exp_20260713_frbaseline_v2_rerun-raw-v1#fullrewrite/screenplay5/rt10/backward
exp_20260713_frbaseline_v2_rerun,screenplay6,screenplay,fullrewrite,1,forward,true,,fullrewrite,success,not_applicable,,,,4251,5937,10188,47230,none,none,exp_20260713_frbaseline_v2_rerun-raw-v1,call000001_9d6cf3bd,exp_20260713_frbaseline_v2_rerun-raw-v1#fullrewrite/screenplay6/rt01/forward
exp_20260713_frbaseline_v2_rerun,screenplay6,screenplay,fullrewrite,1,backward,true,,fullrewrite,success,not_applicable,,1.0,false,5303,4077,9380,38516,none,none,exp_20260713_frbaseline_v2_rerun-raw-v1,call000002_047829b5,exp_20260713_frbaseline_v2_rerun-raw-v1#fullrewrite/screenplay6/rt01/backward
exp_20260713_frbaseline_v2_rerun,screenplay6,screenplay,fullrewrite,2,forward,true,,fullrewrite,failure,not_applicable,,0.0,,4235,3209,7444,22961,model,text_truncated,exp_20260713_frbaseline_v2_rerun-raw-v1,call000003_a999e65f,exp_20260713_frbaseline_v2_rerun-raw-v1#fullrewrite/screenplay6/rt02/forward
exp_20260713_frbaseline_v2_rerun,screenplay6,screenplay,fullrewrite,2,backward,true,,fullrewrite,degraded,not_applicable,,0.8584477046852816,true,293,737,1030,12770,quality,content_regression,exp_20260713_frbaseline_v2_rerun-raw-v1,call000004_d7297f13,exp_20260713_frbaseline_v2_rerun-raw-v1#fullrewrite/screenplay6/rt02/backward
exp_20260713_frbaseline_v2_rerun,screenplay6,screenplay,fullrewrite,3,forward,true,,fullrewrite,success,not_applicable,,,,577,2431,3008,25754,none,none,exp_20260713_frbaseline_v2_rerun-raw-v1,call000005_91434273,exp_20260713_frbaseline_v2_rerun-raw-v1#fullrewrite/screenplay6/rt03/forward
exp_20260713_frbaseline_v2_rerun,screenplay6,screenplay,fullrewrite,3,backward,true,,fullrewrite,failure,not_applicable,,0.0,true,1633,5449,7082,47532,model,text_truncated,exp_20260713_frbaseline_v2_rerun-raw-v1,call000006_539b36ae,exp_20260713_frbaseline_v2_rerun-raw-v1#fullrewrite/screenplay6/rt03/backward
exp_20260713_frbaseline_v2_rerun,screenplay6,screenplay,fullrewrite,4,forward,true,,fullrewrite,success,not_applicable,,,,349,680,1029,11290,none,none,exp_20260713_frbaseline_v2_rerun-raw-v1,call000007_958a8e77,exp_20260713_frbaseline_v2_rerun-raw-v1#fullrewrite/screenplay6/rt04/forward
exp_20260713_frbaseline_v2_rerun,screenplay6,screenplay,fullrewrite,4,backward,true,,fullrewrite,success,not_applicable,,0.8558350430857613,false,598,391,989,5801,none,none,exp_20260713_frbaseline_v2_rerun-raw-v1,call000008_d6dc7e9d,exp_20260713_frbaseline_v2_rerun-raw-v1#fullrewrite/screenplay6/rt04/backward
exp_20260713_frbaseline_v2_rerun,screenplay6,screenplay,fullrewrite,5,forward,true,,fullrewrite,success,not_applicable,,,,475,935,1410,8238,none,none,exp_20260713_frbaseline_v2_rerun-raw-v1,call000009_fbd366d1,exp_20260713_frbaseline_v2_rerun-raw-v1#fullrewrite/screenplay6/rt05/forward
exp_20260713_frbaseline_v2_rerun,screenplay6,screenplay,fullrewrite,5,backward,true,,fullrewrite,success,not_applicable,,0.8557142857142858,false,532,750,1282,7454,none,none,exp_20260713_frbaseline_v2_rerun-raw-v1,call000010_3226aa70,exp_20260713_frbaseline_v2_rerun-raw-v1#fullrewrite/screenplay6/rt05/backward
exp_20260713_frbaseline_v2_rerun,screenplay6,screenplay,fullrewrite,6,forward,true,,fullrewrite,success,not_applicable,,,,506,1390,1896,12641,none,none,exp_20260713_frbaseline_v2_rerun-raw-v1,call000011_3a414622,exp_20260713_frbaseline_v2_rerun-raw-v1#fullrewrite/screenplay6/rt06/forward
exp_20260713_frbaseline_v2_rerun,screenplay6,screenplay,fullrewrite,6,backward,true,,fullrewrite,success,not_applicable,,0.8557142857142858,false,602,280,882,4688,none,none,exp_20260713_frbaseline_v2_rerun-raw-v1,call000012_d60d9075,exp_20260713_frbaseline_v2_rerun-raw-v1#fullrewrite/screenplay6/rt06/backward
exp_20260713_frbaseline_v2_rerun,screenplay6,screenplay,fullrewrite,7,forward,true,,fullrewrite,success,not_applicable,,,,442,633,1075,6279,none,none,exp_20260713_frbaseline_v2_rerun-raw-v1,call000013_191eb63c,exp_20260713_frbaseline_v2_rerun-raw-v1#fullrewrite/screenplay6/rt07/forward
exp_20260713_frbaseline_v2_rerun,screenplay6,screenplay,fullrewrite,7,backward,true,,fullrewrite,success,not_applicable,,0.8557142857142858,false,508,539,1047,6438,none,none,exp_20260713_frbaseline_v2_rerun-raw-v1,call000014_4a1fc204,exp_20260713_frbaseline_v2_rerun-raw-v1#fullrewrite/screenplay6/rt07/backward
exp_20260713_frbaseline_v2_rerun,screenplay6,screenplay,fullrewrite,8,forward,true,,fullrewrite,success,not_applicable,,,,475,1742,2217,17172,none,none,exp_20260713_frbaseline_v2_rerun-raw-v1,call000015_bd88598b,exp_20260713_frbaseline_v2_rerun-raw-v1#fullrewrite/screenplay6/rt08/forward
exp_20260713_frbaseline_v2_rerun,screenplay6,screenplay,fullrewrite,8,backward,true,,fullrewrite,success,not_applicable,,0.8557142857142858,false,472,524,996,5862,none,none,exp_20260713_frbaseline_v2_rerun-raw-v1,call000016_7efeba1f,exp_20260713_frbaseline_v2_rerun-raw-v1#fullrewrite/screenplay6/rt08/backward
exp_20260713_frbaseline_v2_rerun,screenplay6,screenplay,fullrewrite,9,forward,true,,fullrewrite,success,not_applicable,,,,477,1653,2130,28552,none,none,exp_20260713_frbaseline_v2_rerun-raw-v1,call000017_c8da3232,exp_20260713_frbaseline_v2_rerun-raw-v1#fullrewrite/screenplay6/rt09/forward
exp_20260713_frbaseline_v2_rerun,screenplay6,screenplay,fullrewrite,9,backward,true,,fullrewrite,success,not_applicable,,0.8596959540339958,false,999,325,1324,2969,none,none,exp_20260713_frbaseline_v2_rerun-raw-v1,call000018_be43597b,exp_20260713_frbaseline_v2_rerun-raw-v1#fullrewrite/screenplay6/rt09/backward
exp_20260713_frbaseline_v2_rerun,screenplay6,screenplay,fullrewrite,10,forward,true,,fullrewrite,success,not_applicable,,,,608,5544,6152,62854,none,none,exp_20260713_frbaseline_v2_rerun-raw-v1,call000019_a77b9dac,exp_20260713_frbaseline_v2_rerun-raw-v1#fullrewrite/screenplay6/rt10/forward
exp_20260713_frbaseline_v2_rerun,screenplay6,screenplay,fullrewrite,10,backward,true,,fullrewrite,success,not_applicable,,0.8587959625090124,false,698,1222,1920,9937,none,none,exp_20260713_frbaseline_v2_rerun-raw-v1,call000020_60d7cff5,exp_20260713_frbaseline_v2_rerun-raw-v1#fullrewrite/screenplay6/rt10/backward
exp_20260713_frbaseline_v2_rerun,slides1,slides,fullrewrite,1,forward,true,,fullrewrite,success,not_applicable,,,,4913,6141,11054,35560,none,none,exp_20260713_frbaseline_v2_rerun-raw-v1,call000001_afc700ef,exp_20260713_frbaseline_v2_rerun-raw-v1#fullrewrite/slides1/rt01/forward
exp_20260713_frbaseline_v2_rerun,slides1,slides,fullrewrite,1,backward,true,,fullrewrite,success,not_applicable,,0.9134835532730948,false,5154,22696,27850,177599,none,none,exp_20260713_frbaseline_v2_rerun-raw-v1,call000002_79a39b6f,exp_20260713_frbaseline_v2_rerun-raw-v1#fullrewrite/slides1/rt01/backward
exp_20260713_frbaseline_v2_rerun,slides1,slides,fullrewrite,2,forward,true,,fullrewrite,success,not_applicable,,,,5242,6980,12222,46138,none,none,exp_20260713_frbaseline_v2_rerun-raw-v1,call000003_abc49356,exp_20260713_frbaseline_v2_rerun-raw-v1#fullrewrite/slides1/rt02/forward
exp_20260713_frbaseline_v2_rerun,slides1,slides,fullrewrite,2,backward,true,,fullrewrite,failure,not_applicable,,0.0,true,5251,1260,6511,12046,model,empty_response,exp_20260713_frbaseline_v2_rerun-raw-v1,call000004_e2b6e48d,exp_20260713_frbaseline_v2_rerun-raw-v1#fullrewrite/slides1/rt02/backward
exp_20260713_frbaseline_v2_rerun,slides1,slides,fullrewrite,3,forward,true,,fullrewrite,degraded,unchanged,,0.0,,355,427,782,5610,quality,content_regression,exp_20260713_frbaseline_v2_rerun-raw-v1,call000005_587db74b,exp_20260713_frbaseline_v2_rerun-raw-v1#fullrewrite/slides1/rt03/forward
exp_20260713_frbaseline_v2_rerun,slides1,slides,fullrewrite,3,backward,true,,fullrewrite,failure,not_applicable,,0.0,false,316,481,797,6176,quality,content_regression,exp_20260713_frbaseline_v2_rerun-raw-v1,call000006_2f4c4291,exp_20260713_frbaseline_v2_rerun-raw-v1#fullrewrite/slides1/rt03/backward
exp_20260713_frbaseline_v2_rerun,slides1,slides,fullrewrite,4,forward,true,,fullrewrite,success,not_applicable,,,,284,623,907,11267,none,none,exp_20260713_frbaseline_v2_rerun-raw-v1,call000007_68d20dda,exp_20260713_frbaseline_v2_rerun-raw-v1#fullrewrite/slides1/rt04/forward
exp_20260713_frbaseline_v2_rerun,slides1,slides,fullrewrite,4,backward,true,,fullrewrite,success,not_applicable,,0.0,false,414,500,914,5465,none,none,exp_20260713_frbaseline_v2_rerun-raw-v1,call000008_84fd7843,exp_20260713_frbaseline_v2_rerun-raw-v1#fullrewrite/slides1/rt04/backward
exp_20260713_frbaseline_v2_rerun,slides1,slides,fullrewrite,5,forward,true,,fullrewrite,success,not_applicable,,,,504,1607,2111,15508,none,none,exp_20260713_frbaseline_v2_rerun-raw-v1,call000009_9b9805ce,exp_20260713_frbaseline_v2_rerun-raw-v1#fullrewrite/slides1/rt05/forward
exp_20260713_frbaseline_v2_rerun,slides1,slides,fullrewrite,5,backward,true,,fullrewrite,success,not_applicable,,0.0,false,475,433,908,5172,none,none,exp_20260713_frbaseline_v2_rerun-raw-v1,call000010_922390bc,exp_20260713_frbaseline_v2_rerun-raw-v1#fullrewrite/slides1/rt05/backward
exp_20260713_frbaseline_v2_rerun,slides1,slides,fullrewrite,6,forward,true,,fullrewrite,degraded,not_applicable,,,,487,3407,3894,38517,model,text_truncated,exp_20260713_frbaseline_v2_rerun-raw-v1,call000011_4a978521,exp_20260713_frbaseline_v2_rerun-raw-v1#fullrewrite/slides1/rt06/forward
exp_20260713_frbaseline_v2_rerun,slides1,slides,fullrewrite,6,backward,true,,fullrewrite,success,not_applicable,,0.0,false,752,15376,16128,133866,none,none,exp_20260713_frbaseline_v2_rerun-raw-v1,call000012_33d8b992,exp_20260713_frbaseline_v2_rerun-raw-v1#fullrewrite/slides1/rt06/backward
exp_20260713_frbaseline_v2_rerun,slides1,slides,fullrewrite,7,forward,true,,fullrewrite,success,unchanged,,,,790,1102,1892,9582,none,none,exp_20260713_frbaseline_v2_rerun-raw-v1,call000013_3f121086,exp_20260713_frbaseline_v2_rerun-raw-v1#fullrewrite/slides1/rt07/forward
exp_20260713_frbaseline_v2_rerun,slides1,slides,fullrewrite,7,backward,true,,fullrewrite,failure,not_applicable,,0.0,false,763,4297,5060,48159,model,empty_response,exp_20260713_frbaseline_v2_rerun-raw-v1,call000014_39b28b14,exp_20260713_frbaseline_v2_rerun-raw-v1#fullrewrite/slides1/rt07/backward
exp_20260713_frbaseline_v2_rerun,slides1,slides,fullrewrite,8,forward,true,,fullrewrite,success,not_applicable,,,,325,1663,1988,18644,none,none,exp_20260713_frbaseline_v2_rerun-raw-v1,call000015_0bf3d892,exp_20260713_frbaseline_v2_rerun-raw-v1#fullrewrite/slides1/rt08/forward
exp_20260713_frbaseline_v2_rerun,slides1,slides,fullrewrite,8,backward,true,,fullrewrite,failure,not_applicable,,0.0,false,1505,1038,2543,10396,model,empty_response,exp_20260713_frbaseline_v2_rerun-raw-v1,call000016_b5333ddf,exp_20260713_frbaseline_v2_rerun-raw-v1#fullrewrite/slides1/rt08/backward
exp_20260713_frbaseline_v2_rerun,slides1,slides,fullrewrite,9,forward,true,,fullrewrite,degraded,unchanged,,0.0,,276,399,675,5360,quality,content_regression,exp_20260713_frbaseline_v2_rerun-raw-v1,call000017_36c8a9eb,exp_20260713_frbaseline_v2_rerun-raw-v1#fullrewrite/slides1/rt09/forward
exp_20260713_frbaseline_v2_rerun,slides1,slides,fullrewrite,9,backward,true,,fullrewrite,success,not_applicable,,0.007244522532070855,false,276,394,670,6522,none,none,exp_20260713_frbaseline_v2_rerun-raw-v1,call000018_982b9f0b,exp_20260713_frbaseline_v2_rerun-raw-v1#fullrewrite/slides1/rt09/backward
exp_20260713_frbaseline_v2_rerun,slides1,slides,fullrewrite,10,forward,true,,fullrewrite,success,not_applicable,,,,449,2296,2745,20083,none,none,exp_20260713_frbaseline_v2_rerun-raw-v1,call000019_e7b6d7b8,exp_20260713_frbaseline_v2_rerun-raw-v1#fullrewrite/slides1/rt10/forward
exp_20260713_frbaseline_v2_rerun,slides1,slides,fullrewrite,10,backward,true,,fullrewrite,success,not_applicable,,0.007244522532070855,false,416,1056,1472,14257,none,none,exp_20260713_frbaseline_v2_rerun-raw-v1,call000020_ae3fac96,exp_20260713_frbaseline_v2_rerun-raw-v1#fullrewrite/slides1/rt10/backward
exp_20260713_frbaseline_v2_rerun,starcatalog4,starcatalog,fullrewrite,1,forward,true,,fullrewrite,failure,not_applicable,,0.0,,3416,1059,4475,7455,model,empty_response,exp_20260713_frbaseline_v2_rerun-raw-v1,call000001_26d6cb54,exp_20260713_frbaseline_v2_rerun-raw-v1#fullrewrite/starcatalog4/rt01/forward
exp_20260713_frbaseline_v2_rerun,starcatalog4,starcatalog,fullrewrite,1,backward,true,,fullrewrite,success,not_applicable,,0.0,false,280,2980,3260,27243,none,none,exp_20260713_frbaseline_v2_rerun-raw-v1,call000002_68d03600,exp_20260713_frbaseline_v2_rerun-raw-v1#fullrewrite/starcatalog4/rt01/backward
exp_20260713_frbaseline_v2_rerun,starcatalog4,starcatalog,fullrewrite,2,forward,true,,fullrewrite,failure,not_applicable,,0.0,,792,4348,5140,45663,model,text_truncated,exp_20260713_frbaseline_v2_rerun-raw-v1,call000003_016bc4cd,exp_20260713_frbaseline_v2_rerun-raw-v1#fullrewrite/starcatalog4/rt02/forward
exp_20260713_frbaseline_v2_rerun,starcatalog4,starcatalog,fullrewrite,2,backward,true,,fullrewrite,failure,not_applicable,,0.0,false,322,2878,3200,38861,quality,content_regression,exp_20260713_frbaseline_v2_rerun-raw-v1,call000004_a9f1d976,exp_20260713_frbaseline_v2_rerun-raw-v1#fullrewrite/starcatalog4/rt02/backward
exp_20260713_frbaseline_v2_rerun,starcatalog4,starcatalog,fullrewrite,3,forward,true,,fullrewrite,failure,not_applicable,,0.0,,2353,4084,6437,52581,model,text_truncated,exp_20260713_frbaseline_v2_rerun-raw-v1,call000005_7ac89fe2,exp_20260713_frbaseline_v2_rerun-raw-v1#fullrewrite/starcatalog4/rt03/forward
exp_20260713_frbaseline_v2_rerun,starcatalog4,starcatalog,fullrewrite,3,backward,true,,fullrewrite,success,not_applicable,,0.0,false,349,1708,2057,23668,none,none,exp_20260713_frbaseline_v2_rerun-raw-v1,call000006_e4f08ed0,exp_20260713_frbaseline_v2_rerun-raw-v1#fullrewrite/starcatalog4/rt03/backward
exp_20260713_frbaseline_v2_rerun,starcatalog4,starcatalog,fullrewrite,4,forward,true,,fullrewrite,failure,not_applicable,,0.0,,1514,4990,6504,47664,model,empty_response,exp_20260713_frbaseline_v2_rerun-raw-v1,call000007_2c344ca5,exp_20260713_frbaseline_v2_rerun-raw-v1#fullrewrite/starcatalog4/rt04/forward
exp_20260713_frbaseline_v2_rerun,starcatalog4,starcatalog,fullrewrite,4,backward,true,,fullrewrite,success,not_applicable,,0.0,false,325,1445,1770,20138,none,none,exp_20260713_frbaseline_v2_rerun-raw-v1,call000008_7d6ca712,exp_20260713_frbaseline_v2_rerun-raw-v1#fullrewrite/starcatalog4/rt04/backward
exp_20260713_frbaseline_v2_rerun,starcatalog4,starcatalog,fullrewrite,5,forward,true,,fullrewrite,success,not_applicable,,,,1335,4613,5948,51316,none,none,exp_20260713_frbaseline_v2_rerun-raw-v1,call000009_bb4f8f44,exp_20260713_frbaseline_v2_rerun-raw-v1#fullrewrite/starcatalog4/rt05/forward
exp_20260713_frbaseline_v2_rerun,starcatalog4,starcatalog,fullrewrite,5,backward,true,,fullrewrite,success,not_applicable,,0.0,false,1428,1968,3396,26742,none,none,exp_20260713_frbaseline_v2_rerun-raw-v1,call000010_634f8f2a,exp_20260713_frbaseline_v2_rerun-raw-v1#fullrewrite/starcatalog4/rt05/backward
exp_20260713_frbaseline_v2_rerun,starcatalog4,starcatalog,fullrewrite,6,forward,true,,fullrewrite,failure,not_applicable,,0.0,,1411,5478,6889,60391,model,text_truncated,exp_20260713_frbaseline_v2_rerun-raw-v1,call000011_0cb4dcde,exp_20260713_frbaseline_v2_rerun-raw-v1#fullrewrite/starcatalog4/rt06/forward
exp_20260713_frbaseline_v2_rerun,starcatalog4,starcatalog,fullrewrite,6,backward,true,,fullrewrite,success,not_applicable,,0.0,false,282,1079,1361,10507,none,none,exp_20260713_frbaseline_v2_rerun-raw-v1,call000012_4937db31,exp_20260713_frbaseline_v2_rerun-raw-v1#fullrewrite/starcatalog4/rt06/backward
exp_20260713_frbaseline_v2_rerun,starcatalog4,starcatalog,fullrewrite,7,forward,true,,fullrewrite,success,not_applicable,,,,665,9642,10307,80284,none,none,exp_20260713_frbaseline_v2_rerun-raw-v1,call000013_db0af8aa,exp_20260713_frbaseline_v2_rerun-raw-v1#fullrewrite/starcatalog4/rt07/forward
exp_20260713_frbaseline_v2_rerun,starcatalog4,starcatalog,fullrewrite,7,backward,true,,fullrewrite,success,not_applicable,,0.0,false,662,551,1213,5368,none,none,exp_20260713_frbaseline_v2_rerun-raw-v1,call000014_95b92e76,exp_20260713_frbaseline_v2_rerun-raw-v1#fullrewrite/starcatalog4/rt07/backward
exp_20260713_frbaseline_v2_rerun,starcatalog4,starcatalog,fullrewrite,8,forward,true,,fullrewrite,failure,not_applicable,,0.0,,658,4529,5187,52146,model,empty_response,exp_20260713_frbaseline_v2_rerun-raw-v1,call000015_0a6432c0,exp_20260713_frbaseline_v2_rerun-raw-v1#fullrewrite/starcatalog4/rt08/forward
exp_20260713_frbaseline_v2_rerun,starcatalog4,starcatalog,fullrewrite,8,backward,true,,fullrewrite,failure,not_applicable,,0.0,false,278,266,544,6354,quality,content_regression,exp_20260713_frbaseline_v2_rerun-raw-v1,call000016_3a069db4,exp_20260713_frbaseline_v2_rerun-raw-v1#fullrewrite/starcatalog4/rt08/backward
exp_20260713_frbaseline_v2_rerun,starcatalog4,starcatalog,fullrewrite,9,forward,true,,fullrewrite,success,not_applicable,,,,364,10066,10430,110476,none,none,exp_20260713_frbaseline_v2_rerun-raw-v1,call000017_089c1ba4,exp_20260713_frbaseline_v2_rerun-raw-v1#fullrewrite/starcatalog4/rt09/forward
exp_20260713_frbaseline_v2_rerun,starcatalog4,starcatalog,fullrewrite,9,backward,true,,fullrewrite,failure,not_applicable,,0.0,false,1108,5411,6519,53816,model,empty_response,exp_20260713_frbaseline_v2_rerun-raw-v1,call000018_75bd7a97,exp_20260713_frbaseline_v2_rerun-raw-v1#fullrewrite/starcatalog4/rt09/backward
exp_20260713_frbaseline_v2_rerun,starcatalog4,starcatalog,fullrewrite,10,forward,true,,fullrewrite,degraded,unchanged,,0.0,,377,6075,6452,56225,model,empty_response,exp_20260713_frbaseline_v2_rerun-raw-v1,call000019_073229b8,exp_20260713_frbaseline_v2_rerun-raw-v1#fullrewrite/starcatalog4/rt10/forward
exp_20260713_frbaseline_v2_rerun,starcatalog4,starcatalog,fullrewrite,10,backward,true,,fullrewrite,success,not_applicable,,0.0,false,325,2208,2533,60348,none,none,exp_20260713_frbaseline_v2_rerun-raw-v1,call000020_56daf306,exp_20260713_frbaseline_v2_rerun-raw-v1#fullrewrite/starcatalog4/rt10/backward
exp_20260713_frbaseline_v2_rerun,starcatalog6,starcatalog,fullrewrite,1,forward,true,,fullrewrite,success,not_applicable,,,,4238,6588,10826,54898,none,none,exp_20260713_frbaseline_v2_rerun-raw-v1,call000001_ebb377aa,exp_20260713_frbaseline_v2_rerun-raw-v1#fullrewrite/starcatalog6/rt01/forward
exp_20260713_frbaseline_v2_rerun,starcatalog6,starcatalog,fullrewrite,1,backward,true,,fullrewrite,success,not_applicable,,0.9999999999999999,false,5004,4558,9562,28586,none,none,exp_20260713_frbaseline_v2_rerun-raw-v1,call000002_ff5c91e1,exp_20260713_frbaseline_v2_rerun-raw-v1#fullrewrite/starcatalog6/rt01/backward
exp_20260713_frbaseline_v2_rerun,starcatalog6,starcatalog,fullrewrite,2,forward,true,,fullrewrite,success,not_applicable,,,,4219,7857,12076,56384,none,none,exp_20260713_frbaseline_v2_rerun-raw-v1,call000003_fe722d01,exp_20260713_frbaseline_v2_rerun-raw-v1#fullrewrite/starcatalog6/rt02/forward
exp_20260713_frbaseline_v2_rerun,starcatalog6,starcatalog,fullrewrite,2,backward,true,,fullrewrite,success,not_applicable,,0.9999999999999999,false,5450,4799,10249,33112,none,none,exp_20260713_frbaseline_v2_rerun-raw-v1,call000004_631f0616,exp_20260713_frbaseline_v2_rerun-raw-v1#fullrewrite/starcatalog6/rt02/backward
exp_20260713_frbaseline_v2_rerun,starcatalog6,starcatalog,fullrewrite,3,forward,true,,fullrewrite,failure,not_applicable,,0.0,,4230,14387,18617,171048,model,empty_response,exp_20260713_frbaseline_v2_rerun-raw-v1,call000005_31bbf385,exp_20260713_frbaseline_v2_rerun-raw-v1#fullrewrite/starcatalog6/rt03/forward
exp_20260713_frbaseline_v2_rerun,starcatalog6,starcatalog,fullrewrite,3,backward,true,,fullrewrite,failure,not_applicable,,0.0,true,276,605,881,11011,evaluator,evaluator_error,exp_20260713_frbaseline_v2_rerun-raw-v1,call000006_7b4e93eb,exp_20260713_frbaseline_v2_rerun-raw-v1#fullrewrite/starcatalog6/rt03/backward
exp_20260713_frbaseline_v2_rerun,starcatalog6,starcatalog,fullrewrite,4,forward,true,,fullrewrite,degraded,not_applicable,,,,372,24,396,1260,model,near_empty_response,exp_20260713_frbaseline_v2_rerun-raw-v1,call000007_c35f1ad3,exp_20260713_frbaseline_v2_rerun-raw-v1#fullrewrite/starcatalog6/rt04/forward
exp_20260713_frbaseline_v2_rerun,starcatalog6,starcatalog,fullrewrite,4,backward,true,,fullrewrite,success,not_applicable,,0.0,false,282,1347,1629,16373,none,none,exp_20260713_frbaseline_v2_rerun-raw-v1,call000008_789199e3,exp_20260713_frbaseline_v2_rerun-raw-v1#fullrewrite/starcatalog6/rt04/backward
exp_20260713_frbaseline_v2_rerun,starcatalog6,starcatalog,fullrewrite,5,forward,true,,fullrewrite,success,not_applicable,,,,1622,27791,29413,387216,none,none,exp_20260713_frbaseline_v2_rerun-raw-v1,call000009_a267a1e8,exp_20260713_frbaseline_v2_rerun-raw-v1#fullrewrite/starcatalog6/rt05/forward
exp_20260713_frbaseline_v2_rerun,starcatalog6,starcatalog,fullrewrite,5,backward,true,,fullrewrite,failure,not_applicable,,0.0,false,1716,629,2345,8247,model,text_truncated,exp_20260713_frbaseline_v2_rerun-raw-v1,call000010_b42fb856,exp_20260713_frbaseline_v2_rerun-raw-v1#fullrewrite/starcatalog6/rt05/backward
exp_20260713_frbaseline_v2_rerun,starcatalog6,starcatalog,fullrewrite,6,forward,true,,fullrewrite,degraded,unchanged,,0.0,,365,6497,6862,52404,model,empty_response,exp_20260713_frbaseline_v2_rerun-raw-v1,call000011_f126b89e,exp_20260713_frbaseline_v2_rerun-raw-v1#fullrewrite/starcatalog6/rt06/forward
exp_20260713_frbaseline_v2_rerun,starcatalog6,starcatalog,fullrewrite,6,backward,true,,fullrewrite,failure,not_applicable,,0.0,false,277,325,602,7134,quality,content_regression,exp_20260713_frbaseline_v2_rerun-raw-v1,call000012_27b7f622,exp_20260713_frbaseline_v2_rerun-raw-v1#fullrewrite/starcatalog6/rt06/backward
exp_20260713_frbaseline_v2_rerun,starcatalog6,starcatalog,fullrewrite,7,forward,true,,fullrewrite,success,not_applicable,,,,362,1819,2181,15961,none,none,exp_20260713_frbaseline_v2_rerun-raw-v1,call000013_7416b9eb,exp_20260713_frbaseline_v2_rerun-raw-v1#fullrewrite/starcatalog6/rt07/forward
exp_20260713_frbaseline_v2_rerun,starcatalog6,starcatalog,fullrewrite,7,backward,true,,fullrewrite,success,not_applicable,,0.0,false,1190,2216,3406,14972,none,none,exp_20260713_frbaseline_v2_rerun-raw-v1,call000014_4737bbfb,exp_20260713_frbaseline_v2_rerun-raw-v1#fullrewrite/starcatalog6/rt07/backward
exp_20260713_frbaseline_v2_rerun,starcatalog6,starcatalog,fullrewrite,8,forward,true,,fullrewrite,success,not_applicable,,,,1056,2451,3507,16092,none,none,exp_20260713_frbaseline_v2_rerun-raw-v1,call000015_891f0890,exp_20260713_frbaseline_v2_rerun-raw-v1#fullrewrite/starcatalog6/rt08/forward
exp_20260713_frbaseline_v2_rerun,starcatalog6,starcatalog,fullrewrite,8,backward,true,,fullrewrite,failure,not_applicable,,0.0,false,1173,890,2063,8244,model,empty_response,exp_20260713_frbaseline_v2_rerun-raw-v1,call000016_320a6657,exp_20260713_frbaseline_v2_rerun-raw-v1#fullrewrite/starcatalog6/rt08/backward
exp_20260713_frbaseline_v2_rerun,starcatalog6,starcatalog,fullrewrite,9,forward,true,,fullrewrite,success,not_applicable,,,,354,31034,31388,353226,none,none,exp_20260713_frbaseline_v2_rerun-raw-v1,call000017_d3325052,exp_20260713_frbaseline_v2_rerun-raw-v1#fullrewrite/starcatalog6/rt09/forward
exp_20260713_frbaseline_v2_rerun,starcatalog6,starcatalog,fullrewrite,9,backward,true,,fullrewrite,failure,not_applicable,,0.0,false,31295,10912,42207,128342,model,empty_response,exp_20260713_frbaseline_v2_rerun-raw-v1,call000018_d062b399,exp_20260713_frbaseline_v2_rerun-raw-v1#fullrewrite/starcatalog6/rt09/backward
exp_20260713_frbaseline_v2_rerun,starcatalog6,starcatalog,fullrewrite,10,forward,true,,fullrewrite,success,not_applicable,,,,358,3497,3855,36716,none,none,exp_20260713_frbaseline_v2_rerun-raw-v1,call000019_ba543154,exp_20260713_frbaseline_v2_rerun-raw-v1#fullrewrite/starcatalog6/rt10/forward
exp_20260713_frbaseline_v2_rerun,starcatalog6,starcatalog,fullrewrite,10,backward,true,,fullrewrite,success,not_applicable,,0.010499463529011105,false,3240,4473,7713,60431,none,none,exp_20260713_frbaseline_v2_rerun-raw-v1,call000020_424c9da4,exp_20260713_frbaseline_v2_rerun-raw-v1#fullrewrite/starcatalog6/rt10/backward
exp_20260713_frbaseline_v2_rerun,subtitles3,subtitles,fullrewrite,1,forward,true,,fullrewrite,degraded,not_applicable,,,,4883,13876,18759,112462,model,text_truncated,exp_20260713_frbaseline_v2_rerun-raw-v1,call000001_5d864792,exp_20260713_frbaseline_v2_rerun-raw-v1#fullrewrite/subtitles3/rt01/forward
exp_20260713_frbaseline_v2_rerun,subtitles3,subtitles,fullrewrite,1,backward,true,,fullrewrite,success,not_applicable,,0.03714842662211083,false,910,790,1700,8240,none,none,exp_20260713_frbaseline_v2_rerun-raw-v1,call000002_62c0c03c,exp_20260713_frbaseline_v2_rerun-raw-v1#fullrewrite/subtitles3/rt01/backward
exp_20260713_frbaseline_v2_rerun,subtitles3,subtitles,fullrewrite,2,forward,true,,fullrewrite,success,not_applicable,,,,445,1416,1861,11857,none,none,exp_20260713_frbaseline_v2_rerun-raw-v1,call000003_992ee9a9,exp_20260713_frbaseline_v2_rerun-raw-v1#fullrewrite/subtitles3/rt02/forward
exp_20260713_frbaseline_v2_rerun,subtitles3,subtitles,fullrewrite,2,backward,true,,fullrewrite,success,not_applicable,,0.03499371827730036,false,448,928,1376,8845,none,none,exp_20260713_frbaseline_v2_rerun-raw-v1,call000004_00e8819d,exp_20260713_frbaseline_v2_rerun-raw-v1#fullrewrite/subtitles3/rt02/backward
exp_20260713_frbaseline_v2_rerun,subtitles3,subtitles,fullrewrite,3,forward,true,,fullrewrite,success,not_applicable,,,,487,707,1194,7233,none,none,exp_20260713_frbaseline_v2_rerun-raw-v1,call000005_8ea92703,exp_20260713_frbaseline_v2_rerun-raw-v1#fullrewrite/subtitles3/rt03/forward
exp_20260713_frbaseline_v2_rerun,subtitles3,subtitles,fullrewrite,3,backward,true,,fullrewrite,success,not_applicable,,0.03499371827730036,false,473,633,1106,13196,none,none,exp_20260713_frbaseline_v2_rerun-raw-v1,call000006_8b5ac3e6,exp_20260713_frbaseline_v2_rerun-raw-v1#fullrewrite/subtitles3/rt03/backward
exp_20260713_frbaseline_v2_rerun,subtitles3,subtitles,fullrewrite,4,forward,true,,fullrewrite,success,not_applicable,,,,465,2853,3318,125242,none,none,exp_20260713_frbaseline_v2_rerun-raw-v1,call000007_ead10b57,exp_20260713_frbaseline_v2_rerun-raw-v1#fullrewrite/subtitles3/rt04/forward
exp_20260713_frbaseline_v2_rerun,subtitles3,subtitles,fullrewrite,4,backward,true,,fullrewrite,success,not_applicable,,0.03499371827730036,false,876,618,1494,8779,none,none,exp_20260713_frbaseline_v2_rerun-raw-v1,call000008_3b58d355,exp_20260713_frbaseline_v2_rerun-raw-v1#fullrewrite/subtitles3/rt04/backward
exp_20260713_frbaseline_v2_rerun,subtitles3,subtitles,fullrewrite,5,forward,true,,fullrewrite,success,not_applicable,,,,722,2866,3588,26036,none,none,exp_20260713_frbaseline_v2_rerun-raw-v1,call000009_4ac2075a,exp_20260713_frbaseline_v2_rerun-raw-v1#fullrewrite/subtitles3/rt05/forward
exp_20260713_frbaseline_v2_rerun,subtitles3,subtitles,fullrewrite,5,backward,true,,fullrewrite,success,not_applicable,,0.03499371827730036,false,642,1436,2078,12440,none,none,exp_20260713_frbaseline_v2_rerun-raw-v1,call000010_00669db1,exp_20260713_frbaseline_v2_rerun-raw-v1#fullrewrite/subtitles3/rt05/backward
exp_20260713_frbaseline_v2_rerun,subtitles3,subtitles,fullrewrite,6,forward,true,,fullrewrite,success,not_applicable,,,,465,1768,2233,24359,none,none,exp_20260713_frbaseline_v2_rerun-raw-v1,call000011_8961f065,exp_20260713_frbaseline_v2_rerun-raw-v1#fullrewrite/subtitles3/rt06/forward
exp_20260713_frbaseline_v2_rerun,subtitles3,subtitles,fullrewrite,6,backward,true,,fullrewrite,success,not_applicable,,0.03499371827730036,false,449,606,1055,11306,none,none,exp_20260713_frbaseline_v2_rerun-raw-v1,call000012_721c6d4b,exp_20260713_frbaseline_v2_rerun-raw-v1#fullrewrite/subtitles3/rt06/backward
exp_20260713_frbaseline_v2_rerun,subtitles3,subtitles,fullrewrite,7,forward,true,,fullrewrite,failure,not_applicable,,0.0,,523,37289,37812,410126,model,empty_response,exp_20260713_frbaseline_v2_rerun-raw-v1,call000013_134882a9,exp_20260713_frbaseline_v2_rerun-raw-v1#fullrewrite/subtitles3/rt07/forward
exp_20260713_frbaseline_v2_rerun,subtitles3,subtitles,fullrewrite,7,backward,true,,fullrewrite,failure,not_applicable,,0.0,true,316,527,843,7232,quality,content_regression,exp_20260713_frbaseline_v2_rerun-raw-v1,call000014_a18bae04,exp_20260713_frbaseline_v2_rerun-raw-v1#fullrewrite/subtitles3/rt07/backward
exp_20260713_frbaseline_v2_rerun,subtitles3,subtitles,fullrewrite,8,forward,true,,fullrewrite,success,not_applicable,,,,268,469,737,6433,none,none,exp_20260713_frbaseline_v2_rerun-raw-v1,call000015_64f8b7d3,exp_20260713_frbaseline_v2_rerun-raw-v1#fullrewrite/subtitles3/rt08/forward
exp_20260713_frbaseline_v2_rerun,subtitles3,subtitles,fullrewrite,8,backward,true,,fullrewrite,success,not_applicable,,0.005327846899347389,false,405,518,923,5093,none,none,exp_20260713_frbaseline_v2_rerun-raw-v1,call000016_fe848644,exp_20260713_frbaseline_v2_rerun-raw-v1#fullrewrite/subtitles3/rt08/backward
exp_20260713_frbaseline_v2_rerun,subtitles3,subtitles,fullrewrite,9,forward,true,,fullrewrite,success,not_applicable,,,,679,5019,5698,101032,none,none,exp_20260713_frbaseline_v2_rerun-raw-v1,call000017_ed8e8639,exp_20260713_frbaseline_v2_rerun-raw-v1#fullrewrite/subtitles3/rt09/forward
exp_20260713_frbaseline_v2_rerun,subtitles3,subtitles,fullrewrite,9,backward,true,,fullrewrite,success,not_applicable,,0.005327846899347389,false,581,760,1341,9354,none,none,exp_20260713_frbaseline_v2_rerun-raw-v1,call000018_ee5a73c6,exp_20260713_frbaseline_v2_rerun-raw-v1#fullrewrite/subtitles3/rt09/backward
exp_20260713_frbaseline_v2_rerun,subtitles3,subtitles,fullrewrite,10,forward,true,,fullrewrite,success,not_applicable,,,,422,2662,3084,27829,none,none,exp_20260713_frbaseline_v2_rerun-raw-v1,call000019_f223b976,exp_20260713_frbaseline_v2_rerun-raw-v1#fullrewrite/subtitles3/rt10/forward
exp_20260713_frbaseline_v2_rerun,subtitles3,subtitles,fullrewrite,10,backward,true,,fullrewrite,success,not_applicable,,0.005327846899347389,false,821,908,1729,8101,none,none,exp_20260713_frbaseline_v2_rerun-raw-v1,call000020_22956e98,exp_20260713_frbaseline_v2_rerun-raw-v1#fullrewrite/subtitles3/rt10/backward
exp_20260713_frbaseline_v2_rerun,subtitles4,subtitles,fullrewrite,1,forward,true,,fullrewrite,failure,not_applicable,,0.0,,2241,12506,14747,137257,model,empty_response,exp_20260713_frbaseline_v2_rerun-raw-v1,call000001_f29d1f77,exp_20260713_frbaseline_v2_rerun-raw-v1#fullrewrite/subtitles4/rt01/forward
exp_20260713_frbaseline_v2_rerun,subtitles4,subtitles,fullrewrite,1,backward,true,,fullrewrite,success,not_applicable,,0.004293342050779122,false,283,598,881,5057,none,none,exp_20260713_frbaseline_v2_rerun-raw-v1,call000002_649560a6,exp_20260713_frbaseline_v2_rerun-raw-v1#fullrewrite/subtitles4/rt01/backward
exp_20260713_frbaseline_v2_rerun,subtitles4,subtitles,fullrewrite,2,forward,true,,fullrewrite,success,not_applicable,,,,348,937,1285,14194,none,none,exp_20260713_frbaseline_v2_rerun-raw-v1,call000003_33d23f27,exp_20260713_frbaseline_v2_rerun-raw-v1#fullrewrite/subtitles4/rt02/forward
exp_20260713_frbaseline_v2_rerun,subtitles4,subtitles,fullrewrite,2,backward,true,,fullrewrite,degraded,not_applicable,,0.004293342050779122,false,458,270,728,3741,model,near_empty_response,exp_20260713_frbaseline_v2_rerun-raw-v1,call000004_5616b4f5,exp_20260713_frbaseline_v2_rerun-raw-v1#fullrewrite/subtitles4/rt02/backward
exp_20260713_frbaseline_v2_rerun,subtitles4,subtitles,fullrewrite,3,forward,true,,fullrewrite,success,not_applicable,,,,450,4899,5349,68583,none,none,exp_20260713_frbaseline_v2_rerun-raw-v1,call000005_fa449be7,exp_20260713_frbaseline_v2_rerun-raw-v1#fullrewrite/subtitles4/rt03/forward
exp_20260713_frbaseline_v2_rerun,subtitles4,subtitles,fullrewrite,3,backward,true,,fullrewrite,success,not_applicable,,0.034323475949198344,false,1027,1922,2949,22770,none,none,exp_20260713_frbaseline_v2_rerun-raw-v1,call000006_cacf6fe0,exp_20260713_frbaseline_v2_rerun-raw-v1#fullrewrite/subtitles4/rt03/backward
exp_20260713_frbaseline_v2_rerun,subtitles4,subtitles,fullrewrite,4,forward,true,,fullrewrite,success,not_applicable,,,,796,2680,3476,30812,none,none,exp_20260713_frbaseline_v2_rerun-raw-v1,call000007_1acd6d2a,exp_20260713_frbaseline_v2_rerun-raw-v1#fullrewrite/subtitles4/rt04/forward
exp_20260713_frbaseline_v2_rerun,subtitles4,subtitles,fullrewrite,4,backward,true,,fullrewrite,success,not_applicable,,0.034323475949198344,false,781,632,1413,9965,none,none,exp_20260713_frbaseline_v2_rerun-raw-v1,call000008_6704d5f3,exp_20260713_frbaseline_v2_rerun-raw-v1#fullrewrite/subtitles4/rt04/backward
exp_20260713_frbaseline_v2_rerun,subtitles4,subtitles,fullrewrite,5,forward,true,,fullrewrite,failure,not_applicable,,0.0,,776,9610,10386,157856,model,empty_response,exp_20260713_frbaseline_v2_rerun-raw-v1,call000009_096c349c,exp_20260713_frbaseline_v2_rerun-raw-v1#fullrewrite/subtitles4/rt05/forward
exp_20260713_frbaseline_v2_rerun,subtitles4,subtitles,fullrewrite,5,backward,true,,fullrewrite,failure,not_applicable,,0.0,true,294,435,729,4896,quality,content_regression,exp_20260713_frbaseline_v2_rerun-raw-v1,call000010_7a5047f4,exp_20260713_frbaseline_v2_rerun-raw-v1#fullrewrite/subtitles4/rt05/backward
exp_20260713_frbaseline_v2_rerun,subtitles4,subtitles,fullrewrite,6,forward,true,,fullrewrite,success,not_applicable,,,,296,1351,1647,18471,none,none,exp_20260713_frbaseline_v2_rerun-raw-v1,call000011_21c6bccf,exp_20260713_frbaseline_v2_rerun-raw-v1#fullrewrite/subtitles4/rt06/forward
exp_20260713_frbaseline_v2_rerun,subtitles4,subtitles,fullrewrite,6,backward,true,,fullrewrite,success,not_applicable,,0.02584822578683133,false,1157,1366,2523,15851,none,none,exp_20260713_frbaseline_v2_rerun-raw-v1,call000012_e14b0597,exp_20260713_frbaseline_v2_rerun-raw-v1#fullrewrite/subtitles4/rt06/backward
exp_20260713_frbaseline_v2_rerun,subtitles4,subtitles,fullrewrite,7,forward,true,,fullrewrite,success,not_applicable,,,,642,3986,4628,52430,none,none,exp_20260713_frbaseline_v2_rerun-raw-v1,call000013_9872bae5,exp_20260713_frbaseline_v2_rerun-raw-v1#fullrewrite/subtitles4/rt07/forward
exp_20260713_frbaseline_v2_rerun,subtitles4,subtitles,fullrewrite,7,backward,true,,fullrewrite,success,not_applicable,,0.02584822578683133,false,654,1274,1928,14392,none,none,exp_20260713_frbaseline_v2_rerun-raw-v1,call000014_12ffae55,exp_20260713_frbaseline_v2_rerun-raw-v1#fullrewrite/subtitles4/rt07/backward
exp_20260713_frbaseline_v2_rerun,subtitles4,subtitles,fullrewrite,8,forward,true,,fullrewrite,success,not_applicable,,,,586,776,1362,11924,none,none,exp_20260713_frbaseline_v2_rerun-raw-v1,call000015_7d74e958,exp_20260713_frbaseline_v2_rerun-raw-v1#fullrewrite/subtitles4/rt08/forward
exp_20260713_frbaseline_v2_rerun,subtitles4,subtitles,fullrewrite,8,backward,true,,fullrewrite,success,not_applicable,,0.023169035811842285,false,596,607,1203,4616,none,none,exp_20260713_frbaseline_v2_rerun-raw-v1,call000016_76b2c61e,exp_20260713_frbaseline_v2_rerun-raw-v1#fullrewrite/subtitles4/rt08/backward
exp_20260713_frbaseline_v2_rerun,subtitles4,subtitles,fullrewrite,9,forward,true,,fullrewrite,success,not_applicable,,,,610,951,1561,14596,none,none,exp_20260713_frbaseline_v2_rerun-raw-v1,call000017_37c787b7,exp_20260713_frbaseline_v2_rerun-raw-v1#fullrewrite/subtitles4/rt09/forward
exp_20260713_frbaseline_v2_rerun,subtitles4,subtitles,fullrewrite,9,backward,true,,fullrewrite,success,not_applicable,,0.014046642629714688,false,605,962,1567,8125,none,none,exp_20260713_frbaseline_v2_rerun-raw-v1,call000018_44b4f178,exp_20260713_frbaseline_v2_rerun-raw-v1#fullrewrite/subtitles4/rt09/backward
exp_20260713_frbaseline_v2_rerun,subtitles4,subtitles,fullrewrite,10,forward,true,,fullrewrite,success,not_applicable,,,,507,19287,19794,285538,none,none,exp_20260713_frbaseline_v2_rerun-raw-v1,call000019_01eb5317,exp_20260713_frbaseline_v2_rerun-raw-v1#fullrewrite/subtitles4/rt10/forward
exp_20260713_frbaseline_v2_rerun,subtitles4,subtitles,fullrewrite,10,backward,true,,fullrewrite,success,not_applicable,,0.014046642629714688,false,510,297,807,3143,none,none,exp_20260713_frbaseline_v2_rerun-raw-v1,call000020_0f950a3d,exp_20260713_frbaseline_v2_rerun-raw-v1#fullrewrite/subtitles4/rt10/backward
exp_20260713_frbaseline_v2_rerun,transit2,transit,fullrewrite,1,forward,false,Incomplete or missing result trajectory; source-only canonical scope requires a complete chain.,fullrewrite,failure,not_applicable,,0.0,,3929,2530,6459,16707,model,text_truncated,exp_20260713_frbaseline_v2_rerun-raw-v1,call000001_f5fa5f26,exp_20260713_frbaseline_v2_rerun-raw-v1#fullrewrite/transit2/rt01/forward
exp_20260713_frbaseline_v2_rerun,transit2,transit,fullrewrite,1,backward,false,Incomplete or missing result trajectory; source-only canonical scope requires a complete chain.,fullrewrite,failure,not_applicable,,0.0,false,797,1920,2717,24515,model,empty_response,exp_20260713_frbaseline_v2_rerun-raw-v1,call000002_850df5c7,exp_20260713_frbaseline_v2_rerun-raw-v1#fullrewrite/transit2/rt01/backward
exp_20260713_frbaseline_v2_rerun,transit2,transit,fullrewrite,2,forward,false,Incomplete or missing result trajectory; source-only canonical scope requires a complete chain.,fullrewrite,success,not_applicable,,,,374,4406,4780,93901,none,none,exp_20260713_frbaseline_v2_rerun-raw-v1,call000003_4bcfcd1b,exp_20260713_frbaseline_v2_rerun-raw-v1#fullrewrite/transit2/rt02/forward
exp_20260713_frbaseline_v2_rerun,transit2,transit,fullrewrite,2,backward,false,Incomplete or missing result trajectory; source-only canonical scope requires a complete chain.,fullrewrite,failure,not_applicable,,0.0,false,1453,3129,4582,45004,model,text_truncated,exp_20260713_frbaseline_v2_rerun-raw-v1,call000004_52f449d3,exp_20260713_frbaseline_v2_rerun-raw-v1#fullrewrite/transit2/rt02/backward
exp_20260713_frbaseline_v2_rerun,transit2,transit,fullrewrite,3,forward,false,Incomplete or missing result trajectory; source-only canonical scope requires a complete chain.,fullrewrite,failure,not_applicable,,0.0,,979,7657,8636,103952,model,text_truncated,exp_20260713_frbaseline_v2_rerun-raw-v1,call000005_567a6e10,exp_20260713_frbaseline_v2_rerun-raw-v1#fullrewrite/transit2/rt03/forward
exp_20260713_frbaseline_v2_rerun,transit2,transit,fullrewrite,3,backward,false,Incomplete or missing result trajectory; source-only canonical scope requires a complete chain.,fullrewrite,success,not_applicable,,0.0,false,772,6091,6863,64533,none,none,exp_20260713_frbaseline_v2_rerun-raw-v1,call000006_35a0d59c,exp_20260713_frbaseline_v2_rerun-raw-v1#fullrewrite/transit2/rt03/backward
exp_20260713_frbaseline_v2_rerun,transit2,transit,fullrewrite,4,forward,false,Incomplete or missing result trajectory; source-only canonical scope requires a complete chain.,none,missing,missing,,,,,,,,infrastructure,infrastructure_incomplete,exp_20260713_frbaseline_v2_rerun-raw-v1,,exp_20260713_frbaseline_v2_rerun-raw-v1#fullrewrite/transit2/rt04/forward
exp_20260713_frbaseline_v2_rerun,transit2,transit,fullrewrite,4,backward,false,Incomplete or missing result trajectory; source-only canonical scope requires a complete chain.,none,missing,missing,,,,,,,,infrastructure,infrastructure_incomplete,exp_20260713_frbaseline_v2_rerun-raw-v1,,exp_20260713_frbaseline_v2_rerun-raw-v1#fullrewrite/transit2/rt04/backward
exp_20260713_frbaseline_v2_rerun,transit2,transit,fullrewrite,5,forward,false,Incomplete or missing result trajectory; source-only canonical scope requires a complete chain.,none,missing,missing,,,,,,,,infrastructure,infrastructure_incomplete,exp_20260713_frbaseline_v2_rerun-raw-v1,,exp_20260713_frbaseline_v2_rerun-raw-v1#fullrewrite/transit2/rt05/forward
exp_20260713_frbaseline_v2_rerun,transit2,transit,fullrewrite,5,backward,false,Incomplete or missing result trajectory; source-only canonical scope requires a complete chain.,none,missing,missing,,,,,,,,infrastructure,infrastructure_incomplete,exp_20260713_frbaseline_v2_rerun-raw-v1,,exp_20260713_frbaseline_v2_rerun-raw-v1#fullrewrite/transit2/rt05/backward
exp_20260713_frbaseline_v2_rerun,transit2,transit,fullrewrite,6,forward,false,Incomplete or missing result trajectory; source-only canonical scope requires a complete chain.,none,missing,missing,,,,,,,,infrastructure,infrastructure_incomplete,exp_20260713_frbaseline_v2_rerun-raw-v1,,exp_20260713_frbaseline_v2_rerun-raw-v1#fullrewrite/transit2/rt06/forward
exp_20260713_frbaseline_v2_rerun,transit2,transit,fullrewrite,6,backward,false,Incomplete or missing result trajectory; source-only canonical scope requires a complete chain.,none,missing,missing,,,,,,,,infrastructure,infrastructure_incomplete,exp_20260713_frbaseline_v2_rerun-raw-v1,,exp_20260713_frbaseline_v2_rerun-raw-v1#fullrewrite/transit2/rt06/backward
exp_20260713_frbaseline_v2_rerun,transit2,transit,fullrewrite,7,forward,false,Incomplete or missing result trajectory; source-only canonical scope requires a complete chain.,none,missing,missing,,,,,,,,infrastructure,infrastructure_incomplete,exp_20260713_frbaseline_v2_rerun-raw-v1,,exp_20260713_frbaseline_v2_rerun-raw-v1#fullrewrite/transit2/rt07/forward
exp_20260713_frbaseline_v2_rerun,transit2,transit,fullrewrite,7,backward,false,Incomplete or missing result trajectory; source-only canonical scope requires a complete chain.,none,missing,missing,,,,,,,,infrastructure,infrastructure_incomplete,exp_20260713_frbaseline_v2_rerun-raw-v1,,exp_20260713_frbaseline_v2_rerun-raw-v1#fullrewrite/transit2/rt07/backward
exp_20260713_frbaseline_v2_rerun,transit2,transit,fullrewrite,8,forward,false,Incomplete or missing result trajectory; source-only canonical scope requires a complete chain.,none,missing,missing,,,,,,,,infrastructure,infrastructure_incomplete,exp_20260713_frbaseline_v2_rerun-raw-v1,,exp_20260713_frbaseline_v2_rerun-raw-v1#fullrewrite/transit2/rt08/forward
exp_20260713_frbaseline_v2_rerun,transit2,transit,fullrewrite,8,backward,false,Incomplete or missing result trajectory; source-only canonical scope requires a complete chain.,none,missing,missing,,,,,,,,infrastructure,infrastructure_incomplete,exp_20260713_frbaseline_v2_rerun-raw-v1,,exp_20260713_frbaseline_v2_rerun-raw-v1#fullrewrite/transit2/rt08/backward
exp_20260713_frbaseline_v2_rerun,transit2,transit,fullrewrite,9,forward,false,Incomplete or missing result trajectory; source-only canonical scope requires a complete chain.,none,missing,missing,,,,,,,,infrastructure,infrastructure_incomplete,exp_20260713_frbaseline_v2_rerun-raw-v1,,exp_20260713_frbaseline_v2_rerun-raw-v1#fullrewrite/transit2/rt09/forward
exp_20260713_frbaseline_v2_rerun,transit2,transit,fullrewrite,9,backward,false,Incomplete or missing result trajectory; source-only canonical scope requires a complete chain.,none,missing,missing,,,,,,,,infrastructure,infrastructure_incomplete,exp_20260713_frbaseline_v2_rerun-raw-v1,,exp_20260713_frbaseline_v2_rerun-raw-v1#fullrewrite/transit2/rt09/backward
exp_20260713_frbaseline_v2_rerun,transit2,transit,fullrewrite,10,forward,false,Incomplete or missing result trajectory; source-only canonical scope requires a complete chain.,none,missing,missing,,,,,,,,infrastructure,infrastructure_incomplete,exp_20260713_frbaseline_v2_rerun-raw-v1,,exp_20260713_frbaseline_v2_rerun-raw-v1#fullrewrite/transit2/rt10/forward
exp_20260713_frbaseline_v2_rerun,transit2,transit,fullrewrite,10,backward,false,Incomplete or missing result trajectory; source-only canonical scope requires a complete chain.,none,missing,missing,,,,,,,,infrastructure,infrastructure_incomplete,exp_20260713_frbaseline_v2_rerun-raw-v1,,exp_20260713_frbaseline_v2_rerun-raw-v1#fullrewrite/transit2/rt10/backward
exp_20260713_frbaseline_v2_rerun,translation2,translation,fullrewrite,1,forward,true,,fullrewrite,failure,not_applicable,,0.0,,2446,3226,5672,31655,model,empty_response,exp_20260713_frbaseline_v2_rerun-raw-v1,call000001_15e6d59e,exp_20260713_frbaseline_v2_rerun-raw-v1#fullrewrite/translation2/rt01/forward
exp_20260713_frbaseline_v2_rerun,translation2,translation,fullrewrite,1,backward,true,,fullrewrite,failure,not_applicable,,0.0,false,301,574,875,7371,quality,content_regression,exp_20260713_frbaseline_v2_rerun-raw-v1,call000002_7ce9f5cb,exp_20260713_frbaseline_v2_rerun-raw-v1#fullrewrite/translation2/rt01/backward
exp_20260713_frbaseline_v2_rerun,translation2,translation,fullrewrite,2,forward,true,,fullrewrite,success,not_applicable,,,,323,4658,4981,55572,none,none,exp_20260713_frbaseline_v2_rerun-raw-v1,call000003_88da43cd,exp_20260713_frbaseline_v2_rerun-raw-v1#fullrewrite/translation2/rt02/forward
exp_20260713_frbaseline_v2_rerun,translation2,translation,fullrewrite,2,backward,true,,fullrewrite,success,not_applicable,,0.0,false,465,905,1370,9904,none,none,exp_20260713_frbaseline_v2_rerun-raw-v1,call000004_56fb437a,exp_20260713_frbaseline_v2_rerun-raw-v1#fullrewrite/translation2/rt02/backward
exp_20260713_frbaseline_v2_rerun,translation2,translation,fullrewrite,3,forward,true,,fullrewrite,success,not_applicable,,,,538,3471,4009,32766,none,none,exp_20260713_frbaseline_v2_rerun-raw-v1,call000005_6d51dfb7,exp_20260713_frbaseline_v2_rerun-raw-v1#fullrewrite/translation2/rt03/forward
exp_20260713_frbaseline_v2_rerun,translation2,translation,fullrewrite,3,backward,true,,fullrewrite,success,not_applicable,,0.0,false,568,1404,1972,33038,none,none,exp_20260713_frbaseline_v2_rerun-raw-v1,call000006_d3a9cc0e,exp_20260713_frbaseline_v2_rerun-raw-v1#fullrewrite/translation2/rt03/backward
exp_20260713_frbaseline_v2_rerun,translation2,translation,fullrewrite,4,forward,true,,fullrewrite,success,not_applicable,,,,530,2660,3190,37113,none,none,exp_20260713_frbaseline_v2_rerun-raw-v1,call000007_e8834929,exp_20260713_frbaseline_v2_rerun-raw-v1#fullrewrite/translation2/rt04/forward
exp_20260713_frbaseline_v2_rerun,translation2,translation,fullrewrite,4,backward,true,,fullrewrite,success,not_applicable,,0.0,false,591,1804,2395,20471,none,none,exp_20260713_frbaseline_v2_rerun-raw-v1,call000008_a6ea396c,exp_20260713_frbaseline_v2_rerun-raw-v1#fullrewrite/translation2/rt04/backward
exp_20260713_frbaseline_v2_rerun,translation2,translation,fullrewrite,5,forward,true,,fullrewrite,success,not_applicable,,,,635,27593,28228,289642,none,none,exp_20260713_frbaseline_v2_rerun-raw-v1,call000009_25edf5ab,exp_20260713_frbaseline_v2_rerun-raw-v1#fullrewrite/translation2/rt05/forward
exp_20260713_frbaseline_v2_rerun,translation2,translation,fullrewrite,5,backward,true,,fullrewrite,success,not_applicable,,0.0,false,673,2215,2888,18598,none,none,exp_20260713_frbaseline_v2_rerun-raw-v1,call000010_9d3a1776,exp_20260713_frbaseline_v2_rerun-raw-v1#fullrewrite/translation2/rt05/backward
exp_20260713_frbaseline_v2_rerun,translation2,translation,fullrewrite,6,forward,true,,fullrewrite,success,not_applicable,,,,597,3279,3876,28517,none,none,exp_20260713_frbaseline_v2_rerun-raw-v1,call000011_d87bffd5,exp_20260713_frbaseline_v2_rerun-raw-v1#fullrewrite/translation2/rt06/forward
exp_20260713_frbaseline_v2_rerun,translation2,translation,fullrewrite,6,backward,true,,fullrewrite,success,not_applicable,,0.0,false,604,1288,1892,12273,none,none,exp_20260713_frbaseline_v2_rerun-raw-v1,call000012_982ce199,exp_20260713_frbaseline_v2_rerun-raw-v1#fullrewrite/translation2/rt06/backward
exp_20260713_frbaseline_v2_rerun,translation2,translation,fullrewrite,7,forward,true,,fullrewrite,success,not_applicable,,,,529,5828,6357,54094,none,none,exp_20260713_frbaseline_v2_rerun-raw-v1,call000013_1eab4705,exp_20260713_frbaseline_v2_rerun-raw-v1#fullrewrite/translation2/rt07/forward
exp_20260713_frbaseline_v2_rerun,translation2,translation,fullrewrite,7,backward,true,,fullrewrite,success,not_applicable,,0.0,false,538,616,1154,10472,none,none,exp_20260713_frbaseline_v2_rerun-raw-v1,call000014_f83a7ed9,exp_20260713_frbaseline_v2_rerun-raw-v1#fullrewrite/translation2/rt07/backward
exp_20260713_frbaseline_v2_rerun,translation2,translation,fullrewrite,8,forward,true,,fullrewrite,degraded,not_applicable,,,,640,4688,5328,75745,model,text_truncated,exp_20260713_frbaseline_v2_rerun-raw-v1,call000015_793b442e,exp_20260713_frbaseline_v2_rerun-raw-v1#fullrewrite/translation2/rt08/forward
exp_20260713_frbaseline_v2_rerun,translation2,translation,fullrewrite,8,backward,true,,fullrewrite,success,not_applicable,,0.0,false,642,2241,2883,35716,none,none,exp_20260713_frbaseline_v2_rerun-raw-v1,call000016_a6822799,exp_20260713_frbaseline_v2_rerun-raw-v1#fullrewrite/translation2/rt08/backward
exp_20260713_frbaseline_v2_rerun,translation2,translation,fullrewrite,9,forward,true,,fullrewrite,success,not_applicable,,,,569,6165,6734,62703,none,none,exp_20260713_frbaseline_v2_rerun-raw-v1,call000017_1b1f35a1,exp_20260713_frbaseline_v2_rerun-raw-v1#fullrewrite/translation2/rt09/forward
exp_20260713_frbaseline_v2_rerun,translation2,translation,fullrewrite,9,backward,true,,fullrewrite,success,not_applicable,,0.0,false,703,1949,2652,25475,none,none,exp_20260713_frbaseline_v2_rerun-raw-v1,call000018_8e3fcb88,exp_20260713_frbaseline_v2_rerun-raw-v1#fullrewrite/translation2/rt09/backward
exp_20260713_frbaseline_v2_rerun,translation2,translation,fullrewrite,10,forward,true,,fullrewrite,success,not_applicable,,,,528,5656,6184,137362,none,none,exp_20260713_frbaseline_v2_rerun-raw-v1,call000019_ce6f41bd,exp_20260713_frbaseline_v2_rerun-raw-v1#fullrewrite/translation2/rt10/forward
exp_20260713_frbaseline_v2_rerun,translation2,translation,fullrewrite,10,backward,true,,fullrewrite,success,not_applicable,,0.0,false,597,895,1492,13635,none,none,exp_20260713_frbaseline_v2_rerun-raw-v1,call000020_6bf5b1fb,exp_20260713_frbaseline_v2_rerun-raw-v1#fullrewrite/translation2/rt10/backward
exp_20260713_frbaseline_v2_rerun,translation4,translation,fullrewrite,1,forward,true,,fullrewrite,failure,not_applicable,,0.0,,5409,21130,26539,140858,model,empty_response,exp_20260713_frbaseline_v2_rerun-raw-v1,call000001_b8b2af41,exp_20260713_frbaseline_v2_rerun-raw-v1#fullrewrite/translation4/rt01/forward
exp_20260713_frbaseline_v2_rerun,translation4,translation,fullrewrite,1,backward,true,,fullrewrite,degraded,not_applicable,,0.0,false,290,354,644,5315,model,near_empty_response,exp_20260713_frbaseline_v2_rerun-raw-v1,call000002_b78135ad,exp_20260713_frbaseline_v2_rerun-raw-v1#fullrewrite/translation4/rt01/backward
exp_20260713_frbaseline_v2_rerun,translation4,translation,fullrewrite,2,forward,true,,fullrewrite,success,not_applicable,,,,416,569,985,8588,none,none,exp_20260713_frbaseline_v2_rerun-raw-v1,call000003_768f0f99,exp_20260713_frbaseline_v2_rerun-raw-v1#fullrewrite/translation4/rt02/forward
exp_20260713_frbaseline_v2_rerun,translation4,translation,fullrewrite,2,backward,true,,fullrewrite,degraded,not_applicable,,0.0,false,342,352,694,4034,model,near_empty_response,exp_20260713_frbaseline_v2_rerun-raw-v1,call000004_85d45e78,exp_20260713_frbaseline_v2_rerun-raw-v1#fullrewrite/translation4/rt02/backward
exp_20260713_frbaseline_v2_rerun,translation4,translation,fullrewrite,3,forward,true,,fullrewrite,degraded,not_applicable,,,,408,501,909,7294,model,near_empty_response,exp_20260713_frbaseline_v2_rerun-raw-v1,call000005_ab731db4,exp_20260713_frbaseline_v2_rerun-raw-v1#fullrewrite/translation4/rt03/forward
exp_20260713_frbaseline_v2_rerun,translation4,translation,fullrewrite,3,backward,true,,fullrewrite,degraded,not_applicable,,0.0,false,368,387,755,5753,model,near_empty_response,exp_20260713_frbaseline_v2_rerun-raw-v1,call000006_d835a42f,exp_20260713_frbaseline_v2_rerun-raw-v1#fullrewrite/translation4/rt03/backward
exp_20260713_frbaseline_v2_rerun,translation4,translation,fullrewrite,4,forward,true,,fullrewrite,degraded,not_applicable,,,,408,633,1041,5069,model,near_empty_response,exp_20260713_frbaseline_v2_rerun-raw-v1,call000007_624694ee,exp_20260713_frbaseline_v2_rerun-raw-v1#fullrewrite/translation4/rt04/forward
exp_20260713_frbaseline_v2_rerun,translation4,translation,fullrewrite,4,backward,true,,fullrewrite,degraded,not_applicable,,0.0,false,339,235,574,9540,model,near_empty_response,exp_20260713_frbaseline_v2_rerun-raw-v1,call000008_41641fd7,exp_20260713_frbaseline_v2_rerun-raw-v1#fullrewrite/translation4/rt04/backward
exp_20260713_frbaseline_v2_rerun,translation4,translation,fullrewrite,5,forward,true,,fullrewrite,success,not_applicable,,,,454,840,1294,9178,none,none,exp_20260713_frbaseline_v2_rerun-raw-v1,call000009_361b091a,exp_20260713_frbaseline_v2_rerun-raw-v1#fullrewrite/translation4/rt05/forward
exp_20260713_frbaseline_v2_rerun,translation4,translation,fullrewrite,5,backward,true,,fullrewrite,degraded,not_applicable,,0.0,false,484,450,934,5504,model,near_empty_response,exp_20260713_frbaseline_v2_rerun-raw-v1,call000010_849ef270,exp_20260713_frbaseline_v2_rerun-raw-v1#fullrewrite/translation4/rt05/backward
exp_20260713_frbaseline_v2_rerun,translation4,translation,fullrewrite,6,forward,true,,fullrewrite,degraded,not_applicable,,,,412,402,814,5468,model,near_empty_response,exp_20260713_frbaseline_v2_rerun-raw-v1,call000011_9bccaaec,exp_20260713_frbaseline_v2_rerun-raw-v1#fullrewrite/translation4/rt06/forward
exp_20260713_frbaseline_v2_rerun,translation4,translation,fullrewrite,6,backward,true,,fullrewrite,degraded,not_applicable,,0.0,false,331,258,589,3280,model,near_empty_response,exp_20260713_frbaseline_v2_rerun-raw-v1,call000012_2c5549a4,exp_20260713_frbaseline_v2_rerun-raw-v1#fullrewrite/translation4/rt06/backward
exp_20260713_frbaseline_v2_rerun,translation4,translation,fullrewrite,7,forward,true,,fullrewrite,degraded,not_applicable,,,,393,955,1348,10050,model,near_empty_response,exp_20260713_frbaseline_v2_rerun-raw-v1,call000013_33a26f40,exp_20260713_frbaseline_v2_rerun-raw-v1#fullrewrite/translation4/rt07/forward
exp_20260713_frbaseline_v2_rerun,translation4,translation,fullrewrite,7,backward,true,,fullrewrite,degraded,not_applicable,,0.0,false,333,369,702,8120,model,near_empty_response,exp_20260713_frbaseline_v2_rerun-raw-v1,call000014_38830b31,exp_20260713_frbaseline_v2_rerun-raw-v1#fullrewrite/translation4/rt07/backward
exp_20260713_frbaseline_v2_rerun,translation4,translation,fullrewrite,8,forward,true,,fullrewrite,success,not_applicable,,,,454,913,1367,13432,none,none,exp_20260713_frbaseline_v2_rerun-raw-v1,call000015_02c28bf0,exp_20260713_frbaseline_v2_rerun-raw-v1#fullrewrite/translation4/rt08/forward
exp_20260713_frbaseline_v2_rerun,translation4,translation,fullrewrite,8,backward,true,,fullrewrite,success,not_applicable,,0.0,false,484,679,1163,7262,none,none,exp_20260713_frbaseline_v2_rerun-raw-v1,call000016_423fbb86,exp_20260713_frbaseline_v2_rerun-raw-v1#fullrewrite/translation4/rt08/backward
exp_20260713_frbaseline_v2_rerun,translation4,translation,fullrewrite,9,forward,true,,fullrewrite,success,not_applicable,,,,408,589,997,6506,none,none,exp_20260713_frbaseline_v2_rerun-raw-v1,call000017_99239cba,exp_20260713_frbaseline_v2_rerun-raw-v1#fullrewrite/translation4/rt09/forward
exp_20260713_frbaseline_v2_rerun,translation4,translation,fullrewrite,9,backward,true,,fullrewrite,degraded,not_applicable,,0.0,false,368,468,836,4690,model,near_empty_response,exp_20260713_frbaseline_v2_rerun-raw-v1,call000018_583d96cc,exp_20260713_frbaseline_v2_rerun-raw-v1#fullrewrite/translation4/rt09/backward
exp_20260713_frbaseline_v2_rerun,translation4,translation,fullrewrite,10,forward,true,,fullrewrite,degraded,not_applicable,,,,408,540,948,5756,model,near_empty_response,exp_20260713_frbaseline_v2_rerun-raw-v1,call000019_bc14cf1f,exp_20260713_frbaseline_v2_rerun-raw-v1#fullrewrite/translation4/rt10/forward
exp_20260713_frbaseline_v2_rerun,translation4,translation,fullrewrite,10,backward,true,,fullrewrite,degraded,not_applicable,,0.0,false,354,263,617,2964,model,near_empty_response,exp_20260713_frbaseline_v2_rerun-raw-v1,call000020_0e771a95,exp_20260713_frbaseline_v2_rerun-raw-v1#fullrewrite/translation4/rt10/backward
exp_20260713_frbaseline_v2_rerun,translation5,translation,fullrewrite,1,forward,true,,fullrewrite,failure,not_applicable,,0.0,,4703,2694,7397,23471,model,empty_response,exp_20260713_frbaseline_v2_rerun-raw-v1,call000001_6f5f8243,exp_20260713_frbaseline_v2_rerun-raw-v1#fullrewrite/translation5/rt01/forward
exp_20260713_frbaseline_v2_rerun,translation5,translation,fullrewrite,1,backward,true,,fullrewrite,success,not_applicable,,0.0,false,338,607,945,7992,none,none,exp_20260713_frbaseline_v2_rerun-raw-v1,call000002_af5f183c,exp_20260713_frbaseline_v2_rerun-raw-v1#fullrewrite/translation5/rt01/backward
exp_20260713_frbaseline_v2_rerun,translation5,translation,fullrewrite,2,forward,true,,fullrewrite,success,not_applicable,,,,982,3089,4071,56498,none,none,exp_20260713_frbaseline_v2_rerun-raw-v1,call000003_e8067bcb,exp_20260713_frbaseline_v2_rerun-raw-v1#fullrewrite/translation5/rt02/forward
exp_20260713_frbaseline_v2_rerun,translation5,translation,fullrewrite,2,backward,true,,fullrewrite,success,not_applicable,,0.0,false,942,2097,3039,40876,none,none,exp_20260713_frbaseline_v2_rerun-raw-v1,call000004_b65a3e4b,exp_20260713_frbaseline_v2_rerun-raw-v1#fullrewrite/translation5/rt02/backward
exp_20260713_frbaseline_v2_rerun,translation5,translation,fullrewrite,3,forward,true,,fullrewrite,success,not_applicable,,,,1065,7953,9018,85115,none,none,exp_20260713_frbaseline_v2_rerun-raw-v1,call000005_b5ead949,exp_20260713_frbaseline_v2_rerun-raw-v1#fullrewrite/translation5/rt03/forward
exp_20260713_frbaseline_v2_rerun,translation5,translation,fullrewrite,3,backward,true,,fullrewrite,success,not_applicable,,0.0,false,1061,1594,2655,15856,none,none,exp_20260713_frbaseline_v2_rerun-raw-v1,call000006_d4e5e93d,exp_20260713_frbaseline_v2_rerun-raw-v1#fullrewrite/translation5/rt03/backward
exp_20260713_frbaseline_v2_rerun,translation5,translation,fullrewrite,4,forward,true,,fullrewrite,success,not_applicable,,,,974,3880,4854,82767,none,none,exp_20260713_frbaseline_v2_rerun-raw-v1,call000007_d3522674,exp_20260713_frbaseline_v2_rerun-raw-v1#fullrewrite/translation5/rt04/forward
exp_20260713_frbaseline_v2_rerun,translation5,translation,fullrewrite,4,backward,true,,fullrewrite,success,not_applicable,,0.0,false,967,1575,2542,35634,none,none,exp_20260713_frbaseline_v2_rerun-raw-v1,call000008_19c2b6b7,exp_20260713_frbaseline_v2_rerun-raw-v1#fullrewrite/translation5/rt04/backward
exp_20260713_frbaseline_v2_rerun,translation5,translation,fullrewrite,5,forward,true,,fullrewrite,success,not_applicable,,,,1034,4203,5237,33599,none,none,exp_20260713_frbaseline_v2_rerun-raw-v1,call000009_65be5200,exp_20260713_frbaseline_v2_rerun-raw-v1#fullrewrite/translation5/rt05/forward
exp_20260713_frbaseline_v2_rerun,translation5,translation,fullrewrite,5,backward,true,,fullrewrite,success,not_applicable,,0.0,false,1071,1323,2394,13366,none,none,exp_20260713_frbaseline_v2_rerun-raw-v1,call000010_0647d1d2,exp_20260713_frbaseline_v2_rerun-raw-v1#fullrewrite/translation5/rt05/backward
exp_20260713_frbaseline_v2_rerun,translation5,translation,fullrewrite,6,forward,true,,fullrewrite,success,not_applicable,,,,1042,13420,14462,91893,none,none,exp_20260713_frbaseline_v2_rerun-raw-v1,call000011_28a8ebe2,exp_20260713_frbaseline_v2_rerun-raw-v1#fullrewrite/translation5/rt06/forward
exp_20260713_frbaseline_v2_rerun,translation5,translation,fullrewrite,6,backward,true,,fullrewrite,success,not_applicable,,0.0,false,1113,1819,2932,16353,none,none,exp_20260713_frbaseline_v2_rerun-raw-v1,call000012_3f533213,exp_20260713_frbaseline_v2_rerun-raw-v1#fullrewrite/translation5/rt06/backward
exp_20260713_frbaseline_v2_rerun,translation5,translation,fullrewrite,7,forward,true,,fullrewrite,success,not_applicable,,,,926,2956,3882,50832,none,none,exp_20260713_frbaseline_v2_rerun-raw-v1,call000013_f9d87b1a,exp_20260713_frbaseline_v2_rerun-raw-v1#fullrewrite/translation5/rt07/forward
exp_20260713_frbaseline_v2_rerun,translation5,translation,fullrewrite,7,backward,true,,fullrewrite,success,not_applicable,,0.0,false,924,1809,2733,17983,none,none,exp_20260713_frbaseline_v2_rerun-raw-v1,call000014_7e773dd0,exp_20260713_frbaseline_v2_rerun-raw-v1#fullrewrite/translation5/rt07/backward
exp_20260713_frbaseline_v2_rerun,translation5,translation,fullrewrite,8,forward,true,,fullrewrite,failure,not_applicable,,0.0,,992,2586,3578,24639,model,text_truncated,exp_20260713_frbaseline_v2_rerun-raw-v1,call000015_d2444188,exp_20260713_frbaseline_v2_rerun-raw-v1#fullrewrite/translation5/rt08/forward
exp_20260713_frbaseline_v2_rerun,translation5,translation,fullrewrite,8,backward,true,,fullrewrite,success,not_applicable,,0.0,false,292,634,926,10517,none,none,exp_20260713_frbaseline_v2_rerun-raw-v1,call000016_31db1629,exp_20260713_frbaseline_v2_rerun-raw-v1#fullrewrite/translation5/rt08/backward
exp_20260713_frbaseline_v2_rerun,translation5,translation,fullrewrite,9,forward,true,,fullrewrite,degraded,not_applicable,,,,503,342,845,5998,model,near_empty_response,exp_20260713_frbaseline_v2_rerun-raw-v1,call000017_3d028a89,exp_20260713_frbaseline_v2_rerun-raw-v1#fullrewrite/translation5/rt09/forward
exp_20260713_frbaseline_v2_rerun,translation5,translation,fullrewrite,9,backward,true,,fullrewrite,degraded,not_applicable,,0.0,false,341,267,608,3824,model,near_empty_response,exp_20260713_frbaseline_v2_rerun-raw-v1,call000018_c969d1f0,exp_20260713_frbaseline_v2_rerun-raw-v1#fullrewrite/translation5/rt09/backward
exp_20260713_frbaseline_v2_rerun,translation5,translation,fullrewrite,10,forward,true,,fullrewrite,degraded,not_applicable,,,,432,440,872,5994,model,near_empty_response,exp_20260713_frbaseline_v2_rerun-raw-v1,call000019_3fb38582,exp_20260713_frbaseline_v2_rerun-raw-v1#fullrewrite/translation5/rt10/forward
exp_20260713_frbaseline_v2_rerun,translation5,translation,fullrewrite,10,backward,true,,fullrewrite,degraded,not_applicable,,0.0,false,366,265,631,3519,model,near_empty_response,exp_20260713_frbaseline_v2_rerun-raw-v1,call000020_a773a150,exp_20260713_frbaseline_v2_rerun-raw-v1#fullrewrite/translation5/rt10/backward
exp_20260713_frbaseline_v2_rerun,translation6,translation,fullrewrite,1,forward,true,,fullrewrite,failure,not_applicable,,0.0,,4253,8504,12757,72421,model,empty_response,exp_20260713_frbaseline_v2_rerun-raw-v1,call000001_343729c6,exp_20260713_frbaseline_v2_rerun-raw-v1#fullrewrite/translation6/rt01/forward
exp_20260713_frbaseline_v2_rerun,translation6,translation,fullrewrite,1,backward,true,,fullrewrite,failure,not_applicable,,0.0,false,339,522,861,6954,quality,content_regression,exp_20260713_frbaseline_v2_rerun-raw-v1,call000002_0242a7bb,exp_20260713_frbaseline_v2_rerun-raw-v1#fullrewrite/translation6/rt01/backward
exp_20260713_frbaseline_v2_rerun,translation6,translation,fullrewrite,2,forward,true,,fullrewrite,success,not_applicable,,,,400,4828,5228,45509,none,none,exp_20260713_frbaseline_v2_rerun-raw-v1,call000003_ddff2f0c,exp_20260713_frbaseline_v2_rerun-raw-v1#fullrewrite/translation6/rt02/forward
exp_20260713_frbaseline_v2_rerun,translation6,translation,fullrewrite,2,backward,true,,fullrewrite,success,not_applicable,,0.0,false,963,1821,2784,18615,none,none,exp_20260713_frbaseline_v2_rerun-raw-v1,call000004_e822617a,exp_20260713_frbaseline_v2_rerun-raw-v1#fullrewrite/translation6/rt02/backward
exp_20260713_frbaseline_v2_rerun,translation6,translation,fullrewrite,3,forward,true,,fullrewrite,failure,not_applicable,,0.0,,663,2723,3386,22808,model,empty_response,exp_20260713_frbaseline_v2_rerun-raw-v1,call000005_184f86de,exp_20260713_frbaseline_v2_rerun-raw-v1#fullrewrite/translation6/rt03/forward
exp_20260713_frbaseline_v2_rerun,translation6,translation,fullrewrite,3,backward,true,,fullrewrite,failure,not_applicable,,0.0,false,288,480,768,14715,quality,content_regression,exp_20260713_frbaseline_v2_rerun-raw-v1,call000006_f74d10d2,exp_20260713_frbaseline_v2_rerun-raw-v1#fullrewrite/translation6/rt03/backward
exp_20260713_frbaseline_v2_rerun,translation6,translation,fullrewrite,4,forward,true,,fullrewrite,degraded,unchanged,,0.0,,415,6201,6616,68275,model,empty_response,exp_20260713_frbaseline_v2_rerun-raw-v1,call000007_80f929bf,exp_20260713_frbaseline_v2_rerun-raw-v1#fullrewrite/translation6/rt04/forward
exp_20260713_frbaseline_v2_rerun,translation6,translation,fullrewrite,4,backward,true,,fullrewrite,failure,not_applicable,,0.0,false,292,570,862,7467,quality,content_regression,exp_20260713_frbaseline_v2_rerun-raw-v1,call000008_f0adec7c,exp_20260713_frbaseline_v2_rerun-raw-v1#fullrewrite/translation6/rt04/backward
exp_20260713_frbaseline_v2_rerun,translation6,translation,fullrewrite,5,forward,true,,fullrewrite,degraded,unchanged,,0.0,,522,3602,4124,36037,model,empty_response,exp_20260713_frbaseline_v2_rerun-raw-v1,call000009_70aaf416,exp_20260713_frbaseline_v2_rerun-raw-v1#fullrewrite/translation6/rt05/forward
exp_20260713_frbaseline_v2_rerun,translation6,translation,fullrewrite,5,backward,true,,fullrewrite,failure,not_applicable,,0.0,false,324,705,1029,11821,quality,content_regression,exp_20260713_frbaseline_v2_rerun-raw-v1,call000010_baae0e64,exp_20260713_frbaseline_v2_rerun-raw-v1#fullrewrite/translation6/rt05/backward
exp_20260713_frbaseline_v2_rerun,translation6,translation,fullrewrite,6,forward,true,,fullrewrite,degraded,unchanged,,0.0,,508,576,1084,6806,quality,content_regression,exp_20260713_frbaseline_v2_rerun-raw-v1,call000011_d8d69b71,exp_20260713_frbaseline_v2_rerun-raw-v1#fullrewrite/translation6/rt06/forward
exp_20260713_frbaseline_v2_rerun,translation6,translation,fullrewrite,6,backward,true,,fullrewrite,failure,not_applicable,,0.0,false,289,348,637,5643,quality,content_regression,exp_20260713_frbaseline_v2_rerun-raw-v1,call000012_1b07364c,exp_20260713_frbaseline_v2_rerun-raw-v1#fullrewrite/translation6/rt06/backward
exp_20260713_frbaseline_v2_rerun,translation6,translation,fullrewrite,7,forward,true,,fullrewrite,failure,not_applicable,,0.0,,528,29,557,1141,model,near_empty_response,exp_20260713_frbaseline_v2_rerun-raw-v1,call000013_6b6ef20d,exp_20260713_frbaseline_v2_rerun-raw-v1#fullrewrite/translation6/rt07/forward
exp_20260713_frbaseline_v2_rerun,translation6,translation,fullrewrite,7,backward,true,,fullrewrite,failure,not_applicable,,0.0,false,347,149,496,1632,model,near_empty_response,exp_20260713_frbaseline_v2_rerun-raw-v1,call000014_01add097,exp_20260713_frbaseline_v2_rerun-raw-v1#fullrewrite/translation6/rt07/backward
exp_20260713_frbaseline_v2_rerun,translation6,translation,fullrewrite,8,forward,true,,fullrewrite,failure,not_applicable,,0.0,,530,1375,1905,17360,quality,content_regression,exp_20260713_frbaseline_v2_rerun-raw-v1,call000015_fde5aa10,exp_20260713_frbaseline_v2_rerun-raw-v1#fullrewrite/translation6/rt08/forward
exp_20260713_frbaseline_v2_rerun,translation6,translation,fullrewrite,8,backward,true,,fullrewrite,failure,not_applicable,,0.0,false,324,337,661,5697,quality,content_regression,exp_20260713_frbaseline_v2_rerun-raw-v1,call000016_f9382025,exp_20260713_frbaseline_v2_rerun-raw-v1#fullrewrite/translation6/rt08/backward
exp_20260713_frbaseline_v2_rerun,translation6,translation,fullrewrite,9,forward,true,,fullrewrite,success,not_applicable,,,,446,648,1094,8061,none,none,exp_20260713_frbaseline_v2_rerun-raw-v1,call000017_4c09dfb5,exp_20260713_frbaseline_v2_rerun-raw-v1#fullrewrite/translation6/rt09/forward
exp_20260713_frbaseline_v2_rerun,translation6,translation,fullrewrite,9,backward,true,,fullrewrite,degraded,not_applicable,,0.0,false,388,286,674,3835,model,near_empty_response,exp_20260713_frbaseline_v2_rerun-raw-v1,call000018_55df89b6,exp_20260713_frbaseline_v2_rerun-raw-v1#fullrewrite/translation6/rt09/backward
exp_20260713_frbaseline_v2_rerun,translation6,translation,fullrewrite,10,forward,true,,fullrewrite,success,not_applicable,,,,457,664,1121,7765,none,none,exp_20260713_frbaseline_v2_rerun-raw-v1,call000019_69bc0ae3,exp_20260713_frbaseline_v2_rerun-raw-v1#fullrewrite/translation6/rt10/forward
exp_20260713_frbaseline_v2_rerun,translation6,translation,fullrewrite,10,backward,true,,fullrewrite,degraded,not_applicable,,0.0,false,356,376,732,6478,model,near_empty_response,exp_20260713_frbaseline_v2_rerun-raw-v1,call000020_527d3fd9,exp_20260713_frbaseline_v2_rerun-raw-v1#fullrewrite/translation6/rt10/backward
exp_20260713_frbaseline_v2_rerun,treebank3,treebank,fullrewrite,1,forward,true,,fullrewrite,success,not_applicable,,,,4101,11892,15993,86844,none,none,exp_20260713_frbaseline_v2_rerun-raw-v1,call000001_1d26d893,exp_20260713_frbaseline_v2_rerun-raw-v1#fullrewrite/treebank3/rt01/forward
exp_20260713_frbaseline_v2_rerun,treebank3,treebank,fullrewrite,1,backward,true,,fullrewrite,success,not_applicable,,1.0,false,4170,12676,16846,92343,none,none,exp_20260713_frbaseline_v2_rerun-raw-v1,call000002_a157aca4,exp_20260713_frbaseline_v2_rerun-raw-v1#fullrewrite/treebank3/rt01/backward
exp_20260713_frbaseline_v2_rerun,treebank3,treebank,fullrewrite,2,forward,true,,fullrewrite,failure,not_applicable,,0.0,,4083,18614,22697,212912,model,empty_response,exp_20260713_frbaseline_v2_rerun-raw-v1,call000003_1b86f598,exp_20260713_frbaseline_v2_rerun-raw-v1#fullrewrite/treebank3/rt02/forward
exp_20260713_frbaseline_v2_rerun,treebank3,treebank,fullrewrite,2,backward,true,,fullrewrite,failure,not_applicable,,0.0,true,318,431,749,6048,quality,content_regression,exp_20260713_frbaseline_v2_rerun-raw-v1,call000004_22fab50e,exp_20260713_frbaseline_v2_rerun-raw-v1#fullrewrite/treebank3/rt02/backward
exp_20260713_frbaseline_v2_rerun,treebank3,treebank,fullrewrite,3,forward,true,,fullrewrite,degraded,unchanged,,0.0,,378,276,654,10355,quality,content_regression,exp_20260713_frbaseline_v2_rerun-raw-v1,call000005_4e2c04dc,exp_20260713_frbaseline_v2_rerun-raw-v1#fullrewrite/treebank3/rt03/forward
exp_20260713_frbaseline_v2_rerun,treebank3,treebank,fullrewrite,3,backward,true,,fullrewrite,success,not_applicable,,0.0,false,334,393,727,5619,none,none,exp_20260713_frbaseline_v2_rerun-raw-v1,call000006_a03a7570,exp_20260713_frbaseline_v2_rerun-raw-v1#fullrewrite/treebank3/rt03/backward
exp_20260713_frbaseline_v2_rerun,treebank3,treebank,fullrewrite,4,forward,true,,fullrewrite,success,not_applicable,,,,413,1019,1432,14559,none,none,exp_20260713_frbaseline_v2_rerun-raw-v1,call000007_b3e63913,exp_20260713_frbaseline_v2_rerun-raw-v1#fullrewrite/treebank3/rt04/forward
exp_20260713_frbaseline_v2_rerun,treebank3,treebank,fullrewrite,4,backward,true,,fullrewrite,degraded,not_applicable,,0.0,false,315,209,524,3104,model,near_empty_response,exp_20260713_frbaseline_v2_rerun-raw-v1,call000008_bc3be10d,exp_20260713_frbaseline_v2_rerun-raw-v1#fullrewrite/treebank3/rt04/backward
exp_20260713_frbaseline_v2_rerun,treebank3,treebank,fullrewrite,5,forward,true,,fullrewrite,degraded,unchanged,,,,352,215,567,4320,model,near_empty_response,exp_20260713_frbaseline_v2_rerun-raw-v1,call000009_89f37ee2,exp_20260713_frbaseline_v2_rerun-raw-v1#fullrewrite/treebank3/rt05/forward
exp_20260713_frbaseline_v2_rerun,treebank3,treebank,fullrewrite,5,backward,true,,fullrewrite,degraded,not_applicable,,0.0,false,306,248,554,5166,model,near_empty_response,exp_20260713_frbaseline_v2_rerun-raw-v1,call000010_752eafd5,exp_20260713_frbaseline_v2_rerun-raw-v1#fullrewrite/treebank3/rt05/backward
exp_20260713_frbaseline_v2_rerun,treebank3,treebank,fullrewrite,6,forward,true,,fullrewrite,degraded,not_applicable,,,,383,425,808,5609,model,near_empty_response,exp_20260713_frbaseline_v2_rerun-raw-v1,call000011_76e58341,exp_20260713_frbaseline_v2_rerun-raw-v1#fullrewrite/treebank3/rt06/forward
exp_20260713_frbaseline_v2_rerun,treebank3,treebank,fullrewrite,6,backward,true,,fullrewrite,success,not_applicable,,0.002673202470640184,false,361,2815,3176,24671,none,none,exp_20260713_frbaseline_v2_rerun-raw-v1,call000012_6f12b652,exp_20260713_frbaseline_v2_rerun-raw-v1#fullrewrite/treebank3/rt06/backward
exp_20260713_frbaseline_v2_rerun,treebank3,treebank,fullrewrite,7,forward,true,,fullrewrite,success,not_applicable,,,,645,4572,5217,36860,none,none,exp_20260713_frbaseline_v2_rerun-raw-v1,call000013_ac2764a3,exp_20260713_frbaseline_v2_rerun-raw-v1#fullrewrite/treebank3/rt07/forward
exp_20260713_frbaseline_v2_rerun,treebank3,treebank,fullrewrite,7,backward,true,,fullrewrite,success,not_applicable,,0.002673202470640184,false,696,773,1469,12444,none,none,exp_20260713_frbaseline_v2_rerun-raw-v1,call000014_95d3be0b,exp_20260713_frbaseline_v2_rerun-raw-v1#fullrewrite/treebank3/rt07/backward
exp_20260713_frbaseline_v2_rerun,treebank3,treebank,fullrewrite,8,forward,true,,fullrewrite,success,not_applicable,,,,601,2292,2893,26344,none,none,exp_20260713_frbaseline_v2_rerun-raw-v1,call000015_f8e00979,exp_20260713_frbaseline_v2_rerun-raw-v1#fullrewrite/treebank3/rt08/forward
exp_20260713_frbaseline_v2_rerun,treebank3,treebank,fullrewrite,8,backward,true,,fullrewrite,success,not_applicable,,0.002673202470640184,false,562,731,1293,9048,none,none,exp_20260713_frbaseline_v2_rerun-raw-v1,call000016_155b4983,exp_20260713_frbaseline_v2_rerun-raw-v1#fullrewrite/treebank3/rt08/backward
exp_20260713_frbaseline_v2_rerun,treebank3,treebank,fullrewrite,9,forward,true,,fullrewrite,success,not_applicable,,,,635,1091,1726,10802,none,none,exp_20260713_frbaseline_v2_rerun-raw-v1,call000017_2550b658,exp_20260713_frbaseline_v2_rerun-raw-v1#fullrewrite/treebank3/rt09/forward
exp_20260713_frbaseline_v2_rerun,treebank3,treebank,fullrewrite,9,backward,true,,fullrewrite,success,not_applicable,,0.002673202470640184,false,597,838,1435,9952,none,none,exp_20260713_frbaseline_v2_rerun-raw-v1,call000018_44b1dee9,exp_20260713_frbaseline_v2_rerun-raw-v1#fullrewrite/treebank3/rt09/backward
exp_20260713_frbaseline_v2_rerun,treebank3,treebank,fullrewrite,10,forward,true,,fullrewrite,success,not_applicable,,,,662,914,1576,9103,none,none,exp_20260713_frbaseline_v2_rerun-raw-v1,call000019_8acc470f,exp_20260713_frbaseline_v2_rerun-raw-v1#fullrewrite/treebank3/rt10/forward
exp_20260713_frbaseline_v2_rerun,treebank3,treebank,fullrewrite,10,backward,true,,fullrewrite,success,not_applicable,,0.002673202470640184,false,581,358,939,6662,none,none,exp_20260713_frbaseline_v2_rerun-raw-v1,call000020_af55b943,exp_20260713_frbaseline_v2_rerun-raw-v1#fullrewrite/treebank3/rt10/backward
exp_20260713_frbaseline_v2_rerun,treebank4,treebank,fullrewrite,1,forward,true,,fullrewrite,success,not_applicable,,,,3977,6054,10031,59262,none,none,exp_20260713_frbaseline_v2_rerun-raw-v1,call000001_66c1007f,exp_20260713_frbaseline_v2_rerun-raw-v1#fullrewrite/treebank4/rt01/forward
exp_20260713_frbaseline_v2_rerun,treebank4,treebank,fullrewrite,1,backward,true,,fullrewrite,failure,not_applicable,,0.0,false,3988,1473,5461,12057,model,empty_response,exp_20260713_frbaseline_v2_rerun-raw-v1,call000002_c0787f0a,exp_20260713_frbaseline_v2_rerun-raw-v1#fullrewrite/treebank4/rt01/backward
exp_20260713_frbaseline_v2_rerun,treebank4,treebank,fullrewrite,2,forward,true,,fullrewrite,success,not_applicable,,,,326,2316,2642,24011,none,none,exp_20260713_frbaseline_v2_rerun-raw-v1,call000003_7fd52101,exp_20260713_frbaseline_v2_rerun-raw-v1#fullrewrite/treebank4/rt02/forward
exp_20260713_frbaseline_v2_rerun,treebank4,treebank,fullrewrite,2,backward,true,,fullrewrite,success,not_applicable,,0.004641592920353982,false,526,1037,1563,13988,none,none,exp_20260713_frbaseline_v2_rerun-raw-v1,call000004_823f2045,exp_20260713_frbaseline_v2_rerun-raw-v1#fullrewrite/treebank4/rt02/backward
exp_20260713_frbaseline_v2_rerun,treebank4,treebank,fullrewrite,3,forward,true,,fullrewrite,success,not_applicable,,,,538,608,1146,5820,none,none,exp_20260713_frbaseline_v2_rerun-raw-v1,call000005_0711017f,exp_20260713_frbaseline_v2_rerun-raw-v1#fullrewrite/treebank4/rt03/forward
exp_20260713_frbaseline_v2_rerun,treebank4,treebank,fullrewrite,3,backward,true,,fullrewrite,success,not_applicable,,0.004641592920353982,false,509,503,1012,7420,none,none,exp_20260713_frbaseline_v2_rerun-raw-v1,call000006_59ba3c9c,exp_20260713_frbaseline_v2_rerun-raw-v1#fullrewrite/treebank4/rt03/backward
exp_20260713_frbaseline_v2_rerun,treebank4,treebank,fullrewrite,4,forward,true,,fullrewrite,success,not_applicable,,,,692,1942,2634,27868,none,none,exp_20260713_frbaseline_v2_rerun-raw-v1,call000007_272045c1,exp_20260713_frbaseline_v2_rerun-raw-v1#fullrewrite/treebank4/rt04/forward
exp_20260713_frbaseline_v2_rerun,treebank4,treebank,fullrewrite,4,backward,true,,fullrewrite,success,not_applicable,,0.004641592920353982,false,624,1080,1704,11693,none,none,exp_20260713_frbaseline_v2_rerun-raw-v1,call000008_2acda56f,exp_20260713_frbaseline_v2_rerun-raw-v1#fullrewrite/treebank4/rt04/backward
exp_20260713_frbaseline_v2_rerun,treebank4,treebank,fullrewrite,5,forward,true,,fullrewrite,success,not_applicable,,,,621,1160,1781,21016,none,none,exp_20260713_frbaseline_v2_rerun-raw-v1,call000009_1f973ff5,exp_20260713_frbaseline_v2_rerun-raw-v1#fullrewrite/treebank4/rt05/forward
exp_20260713_frbaseline_v2_rerun,treebank4,treebank,fullrewrite,5,backward,true,,fullrewrite,success,not_applicable,,0.004641592920353982,false,649,638,1287,5885,none,none,exp_20260713_frbaseline_v2_rerun-raw-v1,call000010_1e747eda,exp_20260713_frbaseline_v2_rerun-raw-v1#fullrewrite/treebank4/rt05/backward
exp_20260713_frbaseline_v2_rerun,treebank4,treebank,fullrewrite,6,forward,true,,fullrewrite,success,not_applicable,,,,551,1019,1570,9789,none,none,exp_20260713_frbaseline_v2_rerun-raw-v1,call000011_53060e32,exp_20260713_frbaseline_v2_rerun-raw-v1#fullrewrite/treebank4/rt06/forward
exp_20260713_frbaseline_v2_rerun,treebank4,treebank,fullrewrite,6,backward,true,,fullrewrite,success,not_applicable,,0.004641592920353982,false,540,485,1025,5674,none,none,exp_20260713_frbaseline_v2_rerun-raw-v1,call000012_5c092ed8,exp_20260713_frbaseline_v2_rerun-raw-v1#fullrewrite/treebank4/rt06/backward
exp_20260713_frbaseline_v2_rerun,treebank4,treebank,fullrewrite,7,forward,true,,fullrewrite,success,not_applicable,,,,582,841,1423,8198,none,none,exp_20260713_frbaseline_v2_rerun-raw-v1,call000013_6ebdabe3,exp_20260713_frbaseline_v2_rerun-raw-v1#fullrewrite/treebank4/rt07/forward
exp_20260713_frbaseline_v2_rerun,treebank4,treebank,fullrewrite,7,backward,true,,fullrewrite,success,not_applicable,,0.004641592920353982,false,591,1232,1823,13598,none,none,exp_20260713_frbaseline_v2_rerun-raw-v1,call000014_13f34082,exp_20260713_frbaseline_v2_rerun-raw-v1#fullrewrite/treebank4/rt07/backward
exp_20260713_frbaseline_v2_rerun,treebank4,treebank,fullrewrite,8,forward,true,,fullrewrite,success,not_applicable,,,,621,1038,1659,8496,none,none,exp_20260713_frbaseline_v2_rerun-raw-v1,call000015_66c2ae3c,exp_20260713_frbaseline_v2_rerun-raw-v1#fullrewrite/treebank4/rt08/forward
exp_20260713_frbaseline_v2_rerun,treebank4,treebank,fullrewrite,8,backward,true,,fullrewrite,success,not_applicable,,0.004641592920353982,false,649,796,1445,7182,none,none,exp_20260713_frbaseline_v2_rerun-raw-v1,call000016_a67b20f6,exp_20260713_frbaseline_v2_rerun-raw-v1#fullrewrite/treebank4/rt08/backward
exp_20260713_frbaseline_v2_rerun,treebank4,treebank,fullrewrite,9,forward,true,,fullrewrite,success,not_applicable,,,,542,510,1052,5734,none,none,exp_20260713_frbaseline_v2_rerun-raw-v1,call000017_47dd7e32,exp_20260713_frbaseline_v2_rerun-raw-v1#fullrewrite/treebank4/rt09/forward
exp_20260713_frbaseline_v2_rerun,treebank4,treebank,fullrewrite,9,backward,true,,fullrewrite,success,not_applicable,,0.004641592920353982,false,513,841,1354,7453,none,none,exp_20260713_frbaseline_v2_rerun-raw-v1,call000018_d9be6d10,exp_20260713_frbaseline_v2_rerun-raw-v1#fullrewrite/treebank4/rt09/backward
exp_20260713_frbaseline_v2_rerun,treebank4,treebank,fullrewrite,10,forward,true,,fullrewrite,success,not_applicable,,,,696,9826,10522,109035,none,none,exp_20260713_frbaseline_v2_rerun-raw-v1,call000019_2937fec8,exp_20260713_frbaseline_v2_rerun-raw-v1#fullrewrite/treebank4/rt10/forward
exp_20260713_frbaseline_v2_rerun,treebank4,treebank,fullrewrite,10,backward,true,,fullrewrite,success,not_applicable,,0.004641592920353982,false,626,7039,7665,76682,none,none,exp_20260713_frbaseline_v2_rerun-raw-v1,call000020_1c2e0133,exp_20260713_frbaseline_v2_rerun-raw-v1#fullrewrite/treebank4/rt10/backward
exp_20260713_frbaseline_v2_rerun,weather1,weather,fullrewrite,1,forward,true,,fullrewrite,success,not_applicable,,,,3790,19344,23134,143507,none,none,exp_20260713_frbaseline_v2_rerun-raw-v1,call000001_3e2099c6,exp_20260713_frbaseline_v2_rerun-raw-v1#fullrewrite/weather1/rt01/forward
exp_20260713_frbaseline_v2_rerun,weather1,weather,fullrewrite,1,backward,true,,fullrewrite,success,not_applicable,,1.0,false,3980,4585,8565,39681,none,none,exp_20260713_frbaseline_v2_rerun-raw-v1,call000002_d2de15cf,exp_20260713_frbaseline_v2_rerun-raw-v1#fullrewrite/weather1/rt01/backward
exp_20260713_frbaseline_v2_rerun,weather1,weather,fullrewrite,2,forward,true,,fullrewrite,success,not_applicable,,,,3801,8547,12348,53564,none,none,exp_20260713_frbaseline_v2_rerun-raw-v1,call000003_65f44541,exp_20260713_frbaseline_v2_rerun-raw-v1#fullrewrite/weather1/rt02/forward
exp_20260713_frbaseline_v2_rerun,weather1,weather,fullrewrite,2,backward,true,,fullrewrite,failure,not_applicable,,0.0,true,4611,8767,13378,83285,model,empty_response,exp_20260713_frbaseline_v2_rerun-raw-v1,call000004_7049425d,exp_20260713_frbaseline_v2_rerun-raw-v1#fullrewrite/weather1/rt02/backward
exp_20260713_frbaseline_v2_rerun,weather1,weather,fullrewrite,3,forward,true,,fullrewrite,degraded,unchanged,,0.0,,345,469,814,9807,quality,content_regression,exp_20260713_frbaseline_v2_rerun-raw-v1,call000005_562dedd3,exp_20260713_frbaseline_v2_rerun-raw-v1#fullrewrite/weather1/rt03/forward
exp_20260713_frbaseline_v2_rerun,weather1,weather,fullrewrite,3,backward,true,,fullrewrite,failure,not_applicable,,0.0,false,325,220,545,2725,quality,content_regression,exp_20260713_frbaseline_v2_rerun-raw-v1,call000006_1d906ab5,exp_20260713_frbaseline_v2_rerun-raw-v1#fullrewrite/weather1/rt03/backward
exp_20260713_frbaseline_v2_rerun,weather1,weather,fullrewrite,4,forward,true,,fullrewrite,success,not_applicable,,,,366,734,1100,8984,none,none,exp_20260713_frbaseline_v2_rerun-raw-v1,call000007_74904d9b,exp_20260713_frbaseline_v2_rerun-raw-v1#fullrewrite/weather1/rt04/forward
exp_20260713_frbaseline_v2_rerun,weather1,weather,fullrewrite,4,backward,true,,fullrewrite,success,not_applicable,,0.0,false,614,5277,5891,69558,none,none,exp_20260713_frbaseline_v2_rerun-raw-v1,call000008_422fc739,exp_20260713_frbaseline_v2_rerun-raw-v1#fullrewrite/weather1/rt04/backward
exp_20260713_frbaseline_v2_rerun,weather1,weather,fullrewrite,5,forward,true,,fullrewrite,success,not_applicable,,,,549,1008,1557,11292,none,none,exp_20260713_frbaseline_v2_rerun-raw-v1,call000009_f7f3fefb,exp_20260713_frbaseline_v2_rerun-raw-v1#fullrewrite/weather1/rt05/forward
exp_20260713_frbaseline_v2_rerun,weather1,weather,fullrewrite,5,backward,true,,fullrewrite,success,not_applicable,,0.0,false,542,1118,1660,11313,none,none,exp_20260713_frbaseline_v2_rerun-raw-v1,call000010_9c23db7c,exp_20260713_frbaseline_v2_rerun-raw-v1#fullrewrite/weather1/rt05/backward
exp_20260713_frbaseline_v2_rerun,weather1,weather,fullrewrite,6,forward,true,,fullrewrite,success,not_applicable,,,,572,3439,4011,36296,none,none,exp_20260713_frbaseline_v2_rerun-raw-v1,call000011_8d78256c,exp_20260713_frbaseline_v2_rerun-raw-v1#fullrewrite/weather1/rt06/forward
exp_20260713_frbaseline_v2_rerun,weather1,weather,fullrewrite,6,backward,true,,fullrewrite,success,not_applicable,,0.0,false,624,1824,2448,16885,none,none,exp_20260713_frbaseline_v2_rerun-raw-v1,call000012_ad52f215,exp_20260713_frbaseline_v2_rerun-raw-v1#fullrewrite/weather1/rt06/backward
exp_20260713_frbaseline_v2_rerun,weather1,weather,fullrewrite,7,forward,true,,fullrewrite,failure,not_applicable,,0.0,,629,1041,1670,11901,quality,content_regression,exp_20260713_frbaseline_v2_rerun-raw-v1,call000013_e80b238c,exp_20260713_frbaseline_v2_rerun-raw-v1#fullrewrite/weather1/rt07/forward
exp_20260713_frbaseline_v2_rerun,weather1,weather,fullrewrite,7,backward,true,,fullrewrite,failure,not_applicable,,0.0,false,300,303,603,4887,evaluator,evaluator_error,exp_20260713_frbaseline_v2_rerun-raw-v1,call000014_45e6ae46,exp_20260713_frbaseline_v2_rerun-raw-v1#fullrewrite/weather1/rt07/backward
exp_20260713_frbaseline_v2_rerun,weather1,weather,fullrewrite,8,forward,true,,fullrewrite,success,not_applicable,,,,336,4261,4597,98157,none,none,exp_20260713_frbaseline_v2_rerun-raw-v1,call000015_da3c64fc,exp_20260713_frbaseline_v2_rerun-raw-v1#fullrewrite/weather1/rt08/forward
exp_20260713_frbaseline_v2_rerun,weather1,weather,fullrewrite,8,backward,true,,fullrewrite,success,not_applicable,,0.0,false,673,833,1506,9595,none,none,exp_20260713_frbaseline_v2_rerun-raw-v1,call000016_9be64ead,exp_20260713_frbaseline_v2_rerun-raw-v1#fullrewrite/weather1/rt08/backward
exp_20260713_frbaseline_v2_rerun,weather1,weather,fullrewrite,9,forward,true,,fullrewrite,success,not_applicable,,,,695,3895,4590,37557,none,none,exp_20260713_frbaseline_v2_rerun-raw-v1,call000017_52b3f7ad,exp_20260713_frbaseline_v2_rerun-raw-v1#fullrewrite/weather1/rt09/forward
exp_20260713_frbaseline_v2_rerun,weather1,weather,fullrewrite,9,backward,true,,fullrewrite,success,not_applicable,,0.0,false,1016,8926,9942,123228,none,none,exp_20260713_frbaseline_v2_rerun-raw-v1,call000018_d860d9ec,exp_20260713_frbaseline_v2_rerun-raw-v1#fullrewrite/weather1/rt09/backward
exp_20260713_frbaseline_v2_rerun,weather1,weather,fullrewrite,10,forward,true,,fullrewrite,success,not_applicable,,,,724,11293,12017,120902,none,none,exp_20260713_frbaseline_v2_rerun-raw-v1,call000019_fdd953f2,exp_20260713_frbaseline_v2_rerun-raw-v1#fullrewrite/weather1/rt10/forward
exp_20260713_frbaseline_v2_rerun,weather1,weather,fullrewrite,10,backward,true,,fullrewrite,success,not_applicable,,0.0,false,609,3061,3670,50219,none,none,exp_20260713_frbaseline_v2_rerun-raw-v1,call000020_ba84f181,exp_20260713_frbaseline_v2_rerun-raw-v1#fullrewrite/weather1/rt10/backward
exp_20260713_frbaseline_v2_rerun,weather6,weather,fullrewrite,1,forward,true,,fullrewrite,success,not_applicable,,,,3491,23832,27323,168817,none,none,exp_20260713_frbaseline_v2_rerun-raw-v1,call000001_162b2877,exp_20260713_frbaseline_v2_rerun-raw-v1#fullrewrite/weather6/rt01/forward
exp_20260713_frbaseline_v2_rerun,weather6,weather,fullrewrite,1,backward,true,,fullrewrite,success,not_applicable,,1.0,false,3697,6157,9854,74324,none,none,exp_20260713_frbaseline_v2_rerun-raw-v1,call000002_fd491d06,exp_20260713_frbaseline_v2_rerun-raw-v1#fullrewrite/weather6/rt01/backward
exp_20260713_frbaseline_v2_rerun,weather6,weather,fullrewrite,2,forward,true,,fullrewrite,success,not_applicable,,,,3472,22933,26405,165517,none,none,exp_20260713_frbaseline_v2_rerun-raw-v1,call000003_6e72cee7,exp_20260713_frbaseline_v2_rerun-raw-v1#fullrewrite/weather6/rt02/forward
exp_20260713_frbaseline_v2_rerun,weather6,weather,fullrewrite,2,backward,true,,fullrewrite,success,not_applicable,,1.0,false,3579,10867,14446,77360,none,none,exp_20260713_frbaseline_v2_rerun-raw-v1,call000004_5c5c9ead,exp_20260713_frbaseline_v2_rerun-raw-v1#fullrewrite/weather6/rt02/backward
exp_20260713_frbaseline_v2_rerun,weather6,weather,fullrewrite,3,forward,true,,fullrewrite,success,not_applicable,,,,3427,6557,9984,48852,none,none,exp_20260713_frbaseline_v2_rerun-raw-v1,call000005_8f42a879,exp_20260713_frbaseline_v2_rerun-raw-v1#fullrewrite/weather6/rt03/forward
exp_20260713_frbaseline_v2_rerun,weather6,weather,fullrewrite,3,backward,true,,fullrewrite,failure,not_applicable,,0.0,true,3385,3656,7041,32829,model,empty_response,exp_20260713_frbaseline_v2_rerun-raw-v1,call000006_cdbde725,exp_20260713_frbaseline_v2_rerun-raw-v1#fullrewrite/weather6/rt03/backward
exp_20260713_frbaseline_v2_rerun,weather6,weather,fullrewrite,4,forward,true,,fullrewrite,success,not_applicable,,,,400,1077,1477,10615,none,none,exp_20260713_frbaseline_v2_rerun-raw-v1,call000007_d0c2418f,exp_20260713_frbaseline_v2_rerun-raw-v1#fullrewrite/weather6/rt04/forward
exp_20260713_frbaseline_v2_rerun,weather6,weather,fullrewrite,4,backward,true,,fullrewrite,failure,not_applicable,,0.0,false,387,555,942,6345,evaluator,evaluator_error,exp_20260713_frbaseline_v2_rerun-raw-v1,call000008_3b7df7d9,exp_20260713_frbaseline_v2_rerun-raw-v1#fullrewrite/weather6/rt04/backward
exp_20260713_frbaseline_v2_rerun,weather6,weather,fullrewrite,5,forward,true,,fullrewrite,success,not_applicable,,,,478,658,1136,11520,none,none,exp_20260713_frbaseline_v2_rerun-raw-v1,call000009_bcd90135,exp_20260713_frbaseline_v2_rerun-raw-v1#fullrewrite/weather6/rt05/forward
exp_20260713_frbaseline_v2_rerun,weather6,weather,fullrewrite,5,backward,true,,fullrewrite,failure,not_applicable,,0.0,false,443,292,735,3423,evaluator,evaluator_error,exp_20260713_frbaseline_v2_rerun-raw-v1,call000010_3a7b2940,exp_20260713_frbaseline_v2_rerun-raw-v1#fullrewrite/weather6/rt05/backward
exp_20260713_frbaseline_v2_rerun,weather6,weather,fullrewrite,6,forward,true,,fullrewrite,success,not_applicable,,,,502,525,1027,5264,none,none,exp_20260713_frbaseline_v2_rerun-raw-v1,call000011_dfffd827,exp_20260713_frbaseline_v2_rerun-raw-v1#fullrewrite/weather6/rt06/forward
exp_20260713_frbaseline_v2_rerun,weather6,weather,fullrewrite,6,backward,true,,fullrewrite,failure,not_applicable,,0.0,false,491,382,873,3990,evaluator,evaluator_error,exp_20260713_frbaseline_v2_rerun-raw-v1,call000012_f89f84c5,exp_20260713_frbaseline_v2_rerun-raw-v1#fullrewrite/weather6/rt06/backward
exp_20260713_frbaseline_v2_rerun,weather6,weather,fullrewrite,7,forward,true,,fullrewrite,success,not_applicable,,,,658,519,1177,6588,none,none,exp_20260713_frbaseline_v2_rerun-raw-v1,call000013_645bc14c,exp_20260713_frbaseline_v2_rerun-raw-v1#fullrewrite/weather6/rt07/forward
exp_20260713_frbaseline_v2_rerun,weather6,weather,fullrewrite,7,backward,true,,fullrewrite,failure,not_applicable,,0.0,false,665,625,1290,5446,evaluator,evaluator_error,exp_20260713_frbaseline_v2_rerun-raw-v1,call000014_d85ca449,exp_20260713_frbaseline_v2_rerun-raw-v1#fullrewrite/weather6/rt07/backward
exp_20260713_frbaseline_v2_rerun,weather6,weather,fullrewrite,8,forward,true,,fullrewrite,success,not_applicable,,,,742,783,1525,8494,none,none,exp_20260713_frbaseline_v2_rerun-raw-v1,call000015_ab133664,exp_20260713_frbaseline_v2_rerun-raw-v1#fullrewrite/weather6/rt08/forward
exp_20260713_frbaseline_v2_rerun,weather6,weather,fullrewrite,8,backward,true,,fullrewrite,success,not_applicable,,0.0,false,680,1173,1853,10608,none,none,exp_20260713_frbaseline_v2_rerun-raw-v1,call000016_4f4d0427,exp_20260713_frbaseline_v2_rerun-raw-v1#fullrewrite/weather6/rt08/backward
exp_20260713_frbaseline_v2_rerun,weather6,weather,fullrewrite,9,forward,true,,fullrewrite,success,not_applicable,,,,679,662,1341,6681,none,none,exp_20260713_frbaseline_v2_rerun-raw-v1,call000017_ddfe338a,exp_20260713_frbaseline_v2_rerun-raw-v1#fullrewrite/weather6/rt09/forward
exp_20260713_frbaseline_v2_rerun,weather6,weather,fullrewrite,9,backward,true,,fullrewrite,success,not_applicable,,0.0,false,725,1145,1870,9920,none,none,exp_20260713_frbaseline_v2_rerun-raw-v1,call000018_c5d43cf3,exp_20260713_frbaseline_v2_rerun-raw-v1#fullrewrite/weather6/rt09/backward
exp_20260713_frbaseline_v2_rerun,weather6,weather,fullrewrite,10,forward,true,,fullrewrite,success,unchanged,,,,701,697,1398,5695,none,none,exp_20260713_frbaseline_v2_rerun-raw-v1,call000019_a4d0c3fc,exp_20260713_frbaseline_v2_rerun-raw-v1#fullrewrite/weather6/rt10/forward
exp_20260713_frbaseline_v2_rerun,weather6,weather,fullrewrite,10,backward,true,,fullrewrite,success,not_applicable,,0.0,false,636,711,1347,7310,none,none,exp_20260713_frbaseline_v2_rerun-raw-v1,call000020_3ed4023c,exp_20260713_frbaseline_v2_rerun-raw-v1#fullrewrite/weather6/rt10/backward
